student_id,age,gender,year_of_study,course,attendance_percentage,cgpa,study_hours_per_day,assignment_workload,exam_frequency,academic_pressure,sleep_hours,sleep_quality,screen_time_hours,physical_activity_hours,social_interaction_hours,breaks_per_day,hobbies_hours_per_week,days_off_per_week,academic_pressure_score,lifestyle_balance_score,burnout_score,burnout_risk
STU0001,20,Male,3,Business,89.1,7.54,5.0,3,5,3,6.9,9,7.1,6.0,10.0,4,9.7,2,37.31,61.24,46.29,Moderate
STU0002,24,Male,1,Medicine,81.9,7.24,7.6,7,4,6,6.2,6,8.1,3.2,8.5,4,5.7,1,59.28,43.8,65.37,High
STU0003,21,Female,4,Design,82.7,9.45,8.0,7,1,6,6.4,4,8.1,6.7,9.0,4,7.2,2,46.8,49.21,37.86,Moderate
STU0004,21,Male,3,Engineering,73.7,8.67,7.9,9,5,8,4.6,3,7.7,4.3,2.6,2,6.2,0,73.74,29.56,80.3,Very High
STU0005,19,Male,1,Commerce,77.9,5.79,5.5,7,2,8,5.9,4,8.7,2.9,7.7,4,2.1,1,61.28,35.67,66.54,High
STU0006,19,Male,4,Engineering,64.8,7.38,10.1,8,2,10,4.8,3,10.8,3.9,0.4,3,6.3,1,74.09,27.84,77.74,High
STU0007,18,Male,2,Engineering,89.3,7.74,5.4,5,2,4,7.6,9,5.3,3.2,12.3,7,10.3,2,37.16,66.41,19.55,Low
STU0008,22,Female,1,Commerce,71.0,6.62,6.3,4,4,5,6.0,6,8.4,3.6,9.0,2,1.5,1,49.38,38.43,44.5,Moderate
STU0009,21,Male,3,Medicine,75.3,7.15,9.7,9,3,7,6.0,6,9.9,3.4,10.5,4,6.8,1,68.17,43.19,60.66,High
STU0010,21,Female,1,Commerce,72.3,6.2,4.8,7,2,8,5.2,6,8.3,4.5,8.1,3,4.7,1,60.95,40.55,46.66,Moderate
STU0011,18,Male,4,Engineering,73.5,7.96,8.8,8,2,6,7.5,6,10.1,3.7,6.9,3,3.3,1,57.26,42.31,70.36,High
STU0012,25,Female,4,Engineering,75.1,8.29,5.8,3,4,4,7.5,7,6.9,5.7,15.8,5,8.7,2,39.39,62.88,31.84,Moderate
STU0013,22,Female,4,Computer Science,81.7,6.92,6.8,6,1,8,4.9,6,7.6,4.6,10.8,4,4.2,2,54.07,44.58,45.89,Moderate
STU0014,19,Female,2,Computer Science,95.1,7.56,4.4,8,1,4,7.9,9,9.5,4.5,10.8,5,5.8,2,40.99,58.13,38.39,Moderate
STU0015,19,Male,2,Engineering,75.3,7.1,6.9,8,1,9,6.6,6,8.6,2.9,3.2,3,7.0,2,63.81,42.55,58.97,Moderate
STU0016,19,Female,3,Computer Science,81.3,7.72,5.8,6,4,6,6.8,7,8.5,3.9,6.2,5,6.0,2,54.31,49.74,54.22,Moderate
STU0017,20,Male,1,Computer Science,90.3,7.7,4.3,3,2,2,8.5,8,8.1,5.0,15.2,6,8.2,3,23.92,67.26,11.31,Low
STU0018,20,Female,3,Design,78.2,7.92,7.0,7,0,7,5.1,4,9.4,4.0,8.2,3,2.7,0,49.6,31.96,48.88,Moderate
STU0019,20,Female,3,Computer Science,84.7,8.82,4.7,4,3,3,8.4,7,8.3,5.4,19.5,6,11.1,3,32.43,69.76,27.01,Low
STU0020,19,Male,1,Commerce,66.1,8.31,7.7,7,4,9,6.6,2,8.7,2.8,6.0,1,1.5,0,70.22,27.52,75.55,High
STU0021,21,Female,2,Engineering,71.3,7.52,7.5,5,0,6,6.0,7,5.8,4.3,9.3,5,5.9,2,42.94,52.65,43.28,Moderate
STU0022,19,Female,4,Business,62.3,6.91,4.9,7,1,5,6.2,5,7.5,4.0,7.9,5,7.3,1,48.52,46.04,52.52,Moderate
STU0023,19,Male,4,Medicine,92.1,8.34,8.7,10,3,8,5.4,5,7.0,5.0,11.1,1,7.9,1,68.67,42.83,71.27,High
STU0024,20,Female,1,Engineering,80.7,7.32,5.6,4,1,4,7.6,8,5.1,8.1,11.0,4,12.1,2,33.68,69.13,31.67,Moderate
STU0025,20,Female,1,Medicine,90.6,6.36,4.5,3,0,3,9.5,10,4.7,5.5,11.8,6,9.0,2,23.61,75.29,27.74,Low
STU0026,22,Female,1,Engineering,76.9,7.65,7.1,6,1,6,7.6,7,8.3,4.6,8.3,4,7.1,2,47.24,53.84,46.03,Moderate
STU0027,19,Male,4,Commerce,78.4,7.04,4.8,7,2,6,6.9,7,7.7,5.2,10.2,2,4.3,2,51.87,50.01,62.51,High
STU0028,20,Male,1,Computer Science,86.1,7.43,2.2,2,0,1,7.9,10,7.4,6.6,15.0,7,12.8,2,11.21,74.63,23.35,Low
STU0029,21,Male,3,Arts,93.0,8.14,5.9,4,1,6,6.6,6,8.0,6.8,9.3,5,9.2,3,37.18,57.78,18.94,Low
STU0030,18,Male,1,Engineering,91.4,8.04,6.9,4,1,5,8.0,9,9.0,5.7,15.1,4,6.6,2,35.12,62.22,39.36,Moderate
STU0031,21,Female,3,Engineering,89.5,9.26,8.3,8,3,6,6.1,6,10.0,2.3,7.5,3,8.4,1,55.01,40.02,72.04,High
STU0032,19,Female,2,Commerce,62.8,6.9,7.3,8,4,8,4.0,5,9.5,2.9,2.8,2,2.2,1,72.23,26.1,82.24,Very High
STU0033,18,Male,4,Engineering,73.5,8.55,8.3,8,2,5,6.3,6,7.8,2.7,12.0,5,5.3,2,52.53,48.08,48.6,Moderate
STU0034,24,Female,1,Business,78.0,7.79,4.7,8,4,8,6.4,5,7.0,2.2,5.0,4,2.1,1,66.04,38.32,69.71,High
STU0035,25,Female,3,Medicine,79.5,8.39,7.3,5,3,4,7.0,7,3.9,2.3,11.0,5,6.2,2,42.29,55.75,36.65,Moderate
STU0036,22,Female,1,Commerce,90.3,7.47,3.3,2,2,2,6.8,9,4.9,7.5,15.1,6,9.5,2,20.69,70.66,23.55,Low
STU0037,20,Female,3,Computer Science,65.0,8.04,6.2,6,1,5,8.5,6,10.0,3.7,8.2,5,9.8,2,44.49,54.43,39.67,Moderate
STU0038,19,Other,4,Business,65.6,6.52,7.1,8,2,7,5.7,6,6.7,3.9,12.7,4,6.7,1,62.89,47.8,58.56,Moderate
STU0039,21,Female,1,Design,63.5,6.5,5.0,5,0,5,5.3,6,8.8,4.8,6.9,4,9.2,1,40.53,44.35,63.66,High
STU0040,20,Male,4,Computer Science,87.0,8.19,6.0,5,1,3,9.2,8,8.7,7.0,12.2,6,8.4,2,30.96,68.53,18.71,Low
STU0041,19,Female,3,Computer Science,92.5,8.2,4.4,1,0,2,8.3,10,8.3,4.9,15.9,8,15.0,2,11.25,75.35,23.35,Low
STU0042,20,Other,1,Engineering,97.1,7.45,4.5,6,2,6,6.8,8,5.6,4.3,13.6,4,6.2,1,45.04,56.27,39.05,Moderate
STU0043,18,Female,2,Arts,83.2,7.18,4.1,3,0,1,8.6,10,5.0,6.1,15.5,7,12.0,2,16.47,78.37,12.46,Low
STU0044,23,Female,1,Engineering,76.9,8.41,8.5,9,4,8,5.1,4,10.4,1.5,11.0,2,3.6,0,71.14,27.8,74.94,High
STU0045,19,Male,3,Medicine,63.3,8.11,10.0,9,4,9,5.0,5,10.6,3.0,6.4,3,3.5,0,78.49,30.09,74.42,High
STU0046,21,Male,3,Computer Science,71.5,8.08,5.9,5,0,6,6.7,5,9.8,0.7,6.6,4,3.2,1,40.64,35.23,55.27,Moderate
STU0047,20,Female,1,Engineering,78.6,6.98,5.0,5,5,5,6.5,9,7.6,6.3,9.1,5,6.3,2,52.21,58.5,46.49,Moderate
STU0048,20,Female,2,Commerce,67.5,7.5,8.1,8,2,7,6.4,5,8.4,4.0,11.5,3,3.8,1,61.78,42.54,58.46,Moderate
STU0049,20,Female,4,Arts,75.1,7.4,6.0,5,3,7,5.2,5,7.5,3.5,6.0,2,7.1,0,53.59,35.94,59.55,Moderate
STU0050,19,Female,4,Medicine,66.6,8.25,5.9,5,1,4,7.3,8,6.8,5.9,9.5,4,9.8,1,37.51,59.06,38.51,Moderate
STU0051,25,Female,2,Design,80.7,6.28,4.6,6,1,3,5.9,7,7.1,6.2,15.4,5,11.5,3,36.81,62.16,35.56,Moderate
STU0052,22,Female,4,Medicine,89.2,9.77,8.2,7,1,5,7.9,9,8.0,4.5,10.3,5,5.3,2,42.02,59.27,41.81,Moderate
STU0053,24,Female,3,Computer Science,88.7,7.51,4.4,8,2,5,7.4,8,8.8,3.3,7.0,5,11.8,1,48.48,54.47,43.25,Moderate
STU0054,23,Female,2,Engineering,93.0,7.4,6.0,6,1,3,7.7,8,6.5,6.6,14.2,6,9.3,2,34.06,67.78,44.23,Moderate
STU0055,21,Male,4,Commerce,71.4,6.81,6.3,6,2,6,6.4,6,8.5,3.8,8.5,5,8.3,2,51.89,49.46,39.12,Moderate
STU0056,23,Other,2,Arts,74.5,5.5,5.0,2,1,5,6.9,6,6.0,4.5,6.4,4,8.2,1,35.03,50.79,31.4,Moderate
STU0057,19,Male,2,Business,81.5,7.96,5.2,5,0,6,6.7,6,9.0,3.3,7.0,5,3.8,1,38.59,43.57,59.39,Moderate
STU0058,19,Female,2,Computer Science,85.9,8.79,7.6,8,1,5,8.1,7,9.6,3.4,9.5,4,6.8,2,46.48,52.37,52.41,Moderate
STU0059,18,Female,4,Computer Science,79.9,7.79,5.0,6,0,4,7.3,9,7.3,3.6,11.3,4,7.7,1,35.09,56.2,30.06,Moderate
STU0060,20,Male,4,Computer Science,81.0,7.24,6.0,5,1,7,5.3,6,7.7,5.1,11.8,4,3.3,1,46.88,44.59,56.51,Moderate
STU0061,20,Female,2,Arts,85.2,6.99,4.2,5,1,5,5.9,6,5.7,1.3,7.1,1,6.7,1,38.43,39.08,44.86,Moderate
STU0062,19,Female,2,Business,87.0,7.69,5.5,4,1,4,6.5,10,4.6,6.1,10.4,5,6.0,2,31.93,63.78,37.19,Moderate
STU0063,22,Male,2,Design,77.1,7.67,5.9,7,2,8,6.4,6,9.0,5.5,10.4,3,2.7,1,58.62,44.48,56.87,Moderate
STU0064,20,Male,3,Engineering,80.9,8.04,7.4,5,1,7,6.4,5,8.5,2.1,9.3,6,8.0,2,46.73,46.69,53.61,Moderate
STU0065,19,Male,1,Medicine,69.1,7.47,6.8,7,5,7,5.7,7,7.1,5.7,8.3,3,4.8,1,66.7,46.99,61.04,High
STU0066,20,Female,4,Medicine,68.4,7.96,9.7,10,3,9,4.9,4,9.3,3.4,4.9,2,4.8,1,77.42,30.77,66.99,High
STU0067,19,Female,2,Engineering,87.5,8.94,6.9,7,0,7,6.6,6,10.5,3.4,5.2,5,7.7,2,46.27,45.07,46.77,Moderate
STU0068,22,Other,2,Medicine,78.6,8.3,8.0,7,4,6,6.8,6,6.0,4.0,5.3,3,5.8,2,58.4,48.02,55.83,Moderate
STU0069,18,Female,1,Computer Science,65.3,7.59,3.2,2,3,2,9.0,9,8.0,5.8,14.7,6,7.4,2,27.58,69.22,18.61,Low
STU0070,26,Male,1,Computer Science,91.1,7.93,6.3,6,0,6,6.2,6,12.2,4.9,10.4,5,9.9,2,40.74,48.29,41.66,Moderate
STU0071,22,Male,4,Business,67.4,7.83,7.6,7,1,9,6.5,5,8.7,1.7,9.3,2,3.4,0,61.72,34.75,61.84,High
STU0072,19,Male,2,Design,88.8,7.59,4.5,5,3,5,5.9,7,4.9,6.3,8.8,3,6.5,1,43.08,52.39,45.5,Moderate
STU0073,18,Female,1,Engineering,80.5,7.52,6.4,4,2,4,7.9,7,7.3,4.6,11.6,5,12.8,3,37.05,64.21,31.73,Moderate
STU0074,22,Female,2,Medicine,88.1,7.92,6.7,6,1,4,7.0,8,6.7,4.7,12.7,5,9.2,1,37.92,58.97,45.12,Moderate
STU0075,21,Male,2,Engineering,73.8,6.99,9.8,10,0,9,6.1,3,8.9,1.3,4.9,3,4.4,1,69.22,30.83,57.65,Moderate
STU0076,21,Male,1,Design,77.9,6.66,5.9,7,4,7,5.4,4,8.5,2.5,12.7,5,4.6,1,62.83,39.29,61.91,High
STU0077,22,Male,2,Design,98.4,8.89,6.8,4,1,6,5.7,6,10.3,2.6,9.7,3,6.8,2,35.78,40.68,52.02,Moderate
STU0078,18,Female,3,Design,86.2,6.47,3.4,3,3,2,7.3,9,5.7,8.4,14.4,6,11.6,2,28.91,73.56,50.44,Moderate
STU0079,20,Female,3,Design,78.7,7.04,7.4,8,0,7,4.6,4,12.5,1.4,5.0,4,3.2,2,54.09,26.37,53.85,Moderate
STU0080,19,Male,2,Computer Science,86.2,7.77,5.4,5,0,2,7.2,7,6.6,6.3,12.3,6,9.4,2,24.96,63.24,15.98,Low
STU0081,22,Male,2,Engineering,90.9,7.88,7.2,4,2,3,6.7,9,7.0,5.9,14.8,6,7.7,2,32.05,64.2,41.27,Moderate
STU0082,21,Male,4,Medicine,86.2,8.69,9.2,9,3,6,6.2,5,7.9,2.8,12.0,4,6.0,2,60.04,45.38,60.62,High
STU0083,20,Female,2,Engineering,94.0,8.77,6.8,6,2,4,7.3,7,7.7,4.9,18.4,4,7.9,2,38.61,59.7,42.09,Moderate
STU0084,18,Male,1,Design,85.6,6.91,3.7,6,1,6,5.9,7,10.1,3.3,7.4,4,7.6,1,44.19,43.17,35.72,Moderate
STU0085,20,Male,1,Engineering,70.7,7.5,5.2,7,0,6,7.2,8,6.3,6.9,11.3,5,4.0,1,46.72,59.13,42.04,Moderate
STU0086,20,Male,2,Computer Science,68.6,7.25,5.5,3,2,2,8.6,9,7.5,5.8,14.5,5,11.7,2,29.29,70.17,31.44,Moderate
STU0087,21,Female,3,Engineering,84.0,7.3,4.7,4,1,2,7.7,8,9.6,6.3,16.1,5,3.9,2,25.75,59.86,22.69,Low
STU0088,21,Female,1,Arts,77.5,7.3,3.2,7,3,4,7.4,6,3.3,4.7,6.6,4,7.0,1,46.58,54.93,34.83,Moderate
STU0089,23,Male,3,Computer Science,79.5,7.45,8.4,7,4,6,3.8,7,10.6,1.7,6.3,2,3.2,1,60.0,28.21,64.25,High
STU0090,20,Female,1,Commerce,96.1,8.14,5.3,5,3,5,8.5,8,6.9,6.1,15.6,5,9.1,1,41.61,66.51,31.23,Moderate
STU0091,19,Female,2,Engineering,90.7,7.93,7.7,8,4,8,6.2,7,9.2,1.9,13.8,4,7.0,1,66.19,45.76,65.01,High
STU0092,21,Male,3,Computer Science,83.3,8.44,5.1,5,1,1,8.1,7,6.5,3.8,14.8,6,12.4,2,23.74,65.43,25.3,Low
STU0093,21,Female,2,Medicine,90.2,8.08,4.5,4,2,4,7.2,9,4.6,5.7,9.5,6,6.8,2,32.92,64.85,26.38,Low
STU0094,21,Male,3,Commerce,74.0,6.77,5.2,8,2,6,5.3,5,9.1,2.7,7.0,2,0.0,1,56.16,30.61,78.71,High
STU0095,22,Female,1,Medicine,88.2,7.34,7.0,5,3,4,7.2,8,4.8,7.3,15.6,6,8.1,2,42.34,69.27,40.92,Moderate
STU0096,20,Male,3,Business,65.3,6.42,5.7,5,3,5,7.7,6,8.9,2.3,10.6,2,6.9,2,49.94,46.83,54.7,Moderate
STU0097,20,Other,1,Engineering,93.5,7.31,6.1,3,0,3,8.7,8,6.9,6.4,15.1,5,7.5,2,22.87,67.88,20.22,Low
STU0098,20,Female,4,Computer Science,79.9,8.06,7.1,5,1,5,6.6,8,9.6,3.6,9.3,5,7.6,1,39.94,50.06,36.88,Moderate
STU0099,18,Female,1,Arts,82.7,8.79,7.3,7,3,10,4.3,2,8.9,1.7,5.9,2,2.2,1,66.65,22.4,69.73,High
STU0100,19,Female,4,Engineering,79.5,8.13,6.0,6,0,4,7.6,6,6.1,5.5,12.9,5,7.5,1,35.42,58.21,48.45,Moderate
STU0101,18,Female,2,Commerce,90.1,6.84,6.1,4,1,6,7.6,6,7.7,3.4,4.6,4,6.3,1,40.0,47.01,37.92,Moderate
STU0102,21,Male,3,Design,70.9,7.37,7.1,5,2,6,5.7,7,8.2,5.4,4.7,4,9.9,2,48.93,49.79,35.1,Moderate
STU0103,20,Male,2,Engineering,83.7,7.63,8.8,8,3,7,5.8,4,10.4,2.0,2.0,5,4.9,1,62.44,32.34,52.69,Moderate
STU0104,20,Female,4,Commerce,85.0,8.21,6.7,7,1,5,7.7,8,8.4,5.0,10.2,5,7.5,2,44.07,58.74,28.68,Low
STU0105,23,Female,1,Computer Science,88.1,8.04,6.9,6,2,7,7.3,4,11.0,4.3,5.7,3,2.1,1,50.89,36.86,51.63,Moderate
STU0106,19,Female,1,Engineering,100.0,8.07,3.5,4,2,1,8.9,8,5.9,7.2,14.1,7,8.9,2,20.47,73.74,32.41,Moderate
STU0107,20,Male,2,Computer Science,90.1,7.4,4.1,6,2,5,6.5,7,7.6,4.4,7.6,6,7.3,2,42.62,53.48,29.94,Low
STU0108,21,Female,1,Design,72.3,5.9,5.7,6,2,7,5.6,5,8.1,3.1,4.9,3,0.5,0,56.09,32.09,61.31,High
STU0109,19,Male,1,Computer Science,79.0,8.24,5.8,9,5,7,3.6,3,9.9,2.3,10.6,2,3.2,0,68.49,23.16,67.56,High
STU0110,18,Male,4,Commerce,84.3,7.61,5.4,6,1,3,7.1,7,6.8,6.4,13.4,4,4.0,1,34.66,55.66,38.08,Moderate
STU0111,19,Male,4,Arts,84.1,7.72,5.1,4,1,5,6.6,6,8.7,6.4,9.6,4,10.9,2,35.37,54.73,35.62,Moderate
STU0112,19,Female,2,Medicine,88.4,7.52,6.6,7,3,5,7.2,8,6.5,6.0,8.1,6,9.6,1,50.57,60.94,28.3,Low
STU0113,23,Male,4,Medicine,64.6,7.85,8.8,10,2,8,5.9,5,8.2,4.6,7.1,4,6.1,1,71.15,42.83,60.41,High
STU0114,22,Female,3,Medicine,78.1,7.65,7.8,10,3,5,6.6,6,8.3,1.3,6.5,2,3.9,1,61.4,37.16,69.14,High
STU0115,21,Female,1,Engineering,75.6,7.73,5.6,6,3,7,7.3,7,9.3,2.9,7.2,3,4.8,2,55.41,45.94,56.07,Moderate
STU0116,22,Male,3,Medicine,85.3,8.2,9.0,9,4,6,6.6,5,6.1,4.7,8.1,3,4.8,2,63.84,47.45,56.08,Moderate
STU0117,22,Male,3,Commerce,84.5,7.72,5.2,6,2,5,6.3,6,5.1,2.5,7.4,5,4.0,1,43.94,46.06,54.36,Moderate
STU0118,19,Female,4,Arts,84.8,8.19,5.0,5,1,4,6.9,7,6.9,6.1,5.9,5,5.6,0,33.83,51.42,39.58,Moderate
STU0119,23,Female,1,Arts,83.3,7.44,3.1,3,1,2,7.3,9,8.3,7.2,10.0,5,8.2,2,21.52,63.05,23.67,Low
STU0120,20,Female,3,Business,82.6,7.4,5.5,6,2,4,7.5,7,8.9,5.3,12.3,4,5.6,0,41.71,51.58,38.89,Moderate
STU0121,22,Female,1,Business,78.5,8.08,5.8,6,3,5,6.8,5,7.9,4.2,10.1,4,6.0,1,47.84,46.58,48.69,Moderate
STU0122,23,Female,1,Medicine,86.0,9.03,7.2,7,0,4,6.9,7,8.3,2.8,12.3,7,7.0,1,36.62,53.15,52.31,Moderate
STU0123,20,Female,1,Commerce,80.8,6.7,3.3,2,1,4,8.1,9,5.3,9.4,14.2,5,7.4,3,27.23,75.33,18.02,Low
STU0124,19,Female,4,Business,81.9,8.57,6.9,8,0,6,5.7,5,8.6,4.7,6.4,3,6.6,1,47.26,40.68,45.51,Moderate
STU0125,19,Male,4,Engineering,72.3,7.57,7.7,8,0,6,5.1,6,9.9,4.4,4.3,3,7.3,1,51.19,38.1,63.4,High
STU0126,20,Male,4,Arts,72.5,5.71,3.9,2,2,5,6.7,8,5.9,5.4,9.8,4,8.7,2,37.09,58.72,40.53,Moderate
STU0127,22,Male,2,Engineering,69.0,8.22,8.9,6,5,8,6.1,2,10.4,4.9,8.1,3,1.2,1,67.77,32.29,78.84,High
STU0128,22,Female,2,Commerce,81.8,6.56,2.8,4,3,3,6.8,10,5.7,7.1,12.0,7,9.4,3,35.1,72.1,42.48,Moderate
STU0129,18,Male,1,Commerce,81.9,7.84,6.7,6,1,6,6.3,6,7.1,5.1,10.3,4,7.6,0,45.76,48.59,54.85,Moderate
STU0130,20,Male,2,Arts,92.0,7.03,3.7,1,1,3,6.6,7,4.7,5.5,12.3,7,6.9,2,19.03,62.1,34.41,Moderate
STU0131,20,Male,2,Engineering,84.1,7.73,6.5,6,5,7,5.9,7,10.4,1.3,6.7,5,4.4,1,60.74,38.59,61.69,High
STU0132,19,Male,3,Design,85.9,7.13,3.6,4,3,1,8.9,9,8.1,8.2,13.9,6,10.6,2,27.47,74.15,13.03,Low
STU0133,19,Male,3,Medicine,84.2,7.98,5.6,6,2,4,6.8,8,6.8,6.7,12.1,5,8.4,2,40.56,62.11,32.67,Moderate
STU0134,20,Male,1,Engineering,87.5,6.58,7.5,5,3,5,6.5,6,7.9,4.8,9.1,4,8.4,3,47.48,52.72,41.6,Moderate
STU0135,24,Female,1,Design,100.0,7.9,2.9,4,1,3,7.6,7,10.0,5.8,13.6,6,7.6,2,23.92,59.16,40.37,Moderate
STU0136,20,Male,1,Medicine,85.4,8.33,9.0,9,1,7,7.0,6,7.2,2.7,7.6,2,5.4,1,57.94,43.22,70.56,High
STU0137,20,Male,2,Commerce,97.4,7.25,5.2,3,3,2,7.4,9,3.7,5.6,11.8,5,11.3,2,27.24,69.21,29.07,Low
STU0138,21,Male,4,Engineering,92.5,6.87,5.5,6,2,4,7.4,7,8.6,5.2,13.8,5,10.3,2,40.94,59.95,42.29,Moderate
STU0139,20,Male,3,Medicine,72.8,7.95,8.7,8,3,5,6.2,5,6.1,3.7,5.9,3,5.9,1,56.98,42.77,52.57,Moderate
STU0140,25,Female,4,Commerce,84.4,6.5,6.4,6,2,6,6.3,8,7.0,4.9,6.1,4,9.2,1,50.32,52.37,47.03,Moderate
STU0141,25,Female,2,Engineering,75.3,8.95,8.3,9,3,9,5.7,3,9.1,1.0,2.4,3,5.3,1,70.67,28.35,67.91,High
STU0142,19,Male,2,Computer Science,80.3,6.81,6.4,7,1,6,7.5,7,7.2,2.0,11.6,5,9.5,2,50.27,55.42,60.49,High
STU0143,20,Male,1,Arts,71.6,7.14,6.5,7,2,8,4.2,2,9.9,2.8,5.3,3,3.2,1,60.92,24.23,80.12,Very High
STU0144,20,Male,4,Medicine,79.0,7.85,6.5,7,2,4,7.2,7,6.1,3.9,14.6,4,11.9,1,45.17,58.87,33.13,Moderate
STU0145,19,Female,4,Design,79.4,7.85,6.1,4,0,3,7.9,10,7.3,5.0,11.9,4,11.7,1,27.1,64.65,32.13,Moderate
STU0146,18,Female,1,Engineering,78.3,7.81,5.7,6,2,6,8.5,8,7.9,6.3,14.5,4,7.0,2,48.57,64.12,40.19,Moderate
STU0147,21,Male,2,Engineering,82.0,7.1,4.7,5,2,5,6.8,9,6.9,4.7,11.1,4,9.3,3,42.19,61.18,12.65,Low
STU0148,20,Male,2,Engineering,78.3,8.18,6.2,7,1,5,8.2,8,4.8,6.6,11.5,5,7.5,1,44.82,65.71,49.4,Moderate
STU0149,18,Male,3,Engineering,85.2,8.18,7.1,6,5,6,6.2,7,7.9,4.1,11.1,3,9.7,2,56.97,51.43,71.32,High
STU0150,19,Female,4,Medicine,82.0,7.97,6.5,6,5,4,8.5,9,4.3,7.0,20.0,6,10.6,2,50.69,78.64,43.5,Moderate
STU0151,23,Male,3,Medicine,83.6,8.32,5.9,3,1,1,8.0,8,5.5,6.1,17.3,6,7.7,2,19.01,69.53,21.95,Low
STU0152,19,Female,3,Medicine,83.7,8.5,6.9,6,0,4,8.1,8,5.1,5.1,9.6,7,8.5,2,34.86,66.71,43.72,Moderate
STU0153,19,Male,1,Computer Science,86.0,7.93,8.4,8,0,8,5.1,3,11.3,2.6,5.8,3,6.7,1,55.56,29.13,67.5,High
STU0154,20,Female,1,Medicine,80.8,8.01,7.6,8,3,5,6.3,6,7.5,4.2,9.9,2,5.0,2,54.63,45.68,69.38,High
STU0155,26,Female,1,Computer Science,90.4,8.44,5.2,3,2,3,7.1,8,7.2,5.1,10.3,6,5.9,1,26.76,57.13,37.46,Moderate
STU0156,19,Male,1,Computer Science,93.4,7.99,7.7,7,4,5,5.0,6,11.2,3.4,12.7,3,4.7,2,52.87,38.95,56.96,Moderate
STU0157,21,Male,3,Arts,78.2,7.22,5.4,5,4,6,7.2,3,8.9,1.0,5.8,2,4.5,1,52.54,32.78,59.51,Moderate
STU0158,21,Female,3,Commerce,100.0,8.38,3.7,2,0,2,8.5,9,5.7,6.3,13.8,6,8.5,2,11.89,71.47,18.11,Low
STU0159,19,Male,1,Commerce,78.9,7.43,4.7,4,0,7,7.6,5,6.1,4.5,8.1,3,2.9,1,40.05,47.07,50.66,Moderate
STU0160,21,Female,4,Engineering,85.5,8.0,7.3,10,1,6,6.0,7,7.9,6.7,9.5,4,8.5,1,56.5,52.74,63.11,High
STU0161,20,Female,1,Business,85.6,9.13,5.6,3,0,5,5.4,6,9.7,5.4,13.8,4,6.7,2,27.41,47.95,31.58,Moderate
STU0162,21,Female,2,Commerce,80.3,7.87,6.6,6,1,4,6.1,6,5.3,3.1,8.0,5,9.5,2,39.22,51.8,50.0,Moderate
STU0163,21,Female,1,Design,92.6,6.53,3.5,4,3,4,7.9,8,8.5,6.9,14.2,6,8.4,2,37.27,65.9,58.62,Moderate
STU0164,20,Male,2,Engineering,73.2,8.08,7.4,8,5,7,4.3,4,8.8,3.2,5.1,2,5.8,1,68.28,30.1,61.71,High
STU0165,19,Female,1,Arts,85.6,6.9,4.1,4,2,8,6.4,8,4.3,2.8,9.9,3,5.0,2,48.65,52.14,55.25,Moderate
STU0166,22,Male,2,Business,79.2,8.22,5.9,6,1,4,7.6,10,7.9,4.7,10.5,6,9.2,2,38.24,64.45,36.14,Moderate
STU0167,20,Male,2,Business,91.3,8.13,3.9,5,0,5,7.5,7,6.3,4.0,11.5,6,6.6,2,32.26,58.73,26.06,Low
STU0168,19,Female,4,Computer Science,85.5,7.91,8.2,8,3,8,4.7,4,8.4,3.5,11.5,2,4.3,1,64.51,34.35,52.15,Moderate
STU0169,18,Male,1,Engineering,77.0,8.17,8.3,8,5,6,5.5,4,9.2,4.6,6.6,3,5.4,1,64.91,36.9,69.38,High
STU0170,21,Female,1,Engineering,85.3,8.06,8.1,8,5,6,4.3,4,5.7,5.8,3.8,2,6.0,1,63.54,37.06,53.71,Moderate
STU0171,21,Male,1,Engineering,62.9,7.22,8.7,8,3,7,5.0,2,10.4,0.1,3.4,2,5.5,1,66.51,21.22,79.04,High
STU0172,18,Female,3,Business,82.3,7.21,3.9,5,1,5,6.6,8,6.2,4.9,12.1,4,3.3,2,38.29,54.89,42.45,Moderate
STU0173,20,Female,1,Computer Science,74.8,7.67,6.9,10,2,8,5.7,4,10.9,5.9,3.6,1,3.2,1,68.17,31.99,82.37,Very High
STU0174,19,Female,4,Computer Science,63.0,7.81,6.8,5,3,3,6.8,7,8.3,4.3,8.6,5,9.5,3,42.26,55.77,36.42,Moderate
STU0175,21,Female,2,Engineering,73.5,8.18,9.3,8,3,7,6.6,5,9.6,4.5,7.9,3,4.6,2,63.64,42.88,52.77,Moderate
STU0176,19,Female,2,Computer Science,70.9,8.25,9.5,10,0,7,4.4,4,13.0,2.4,11.0,1,5.9,1,60.68,26.1,76.05,High
STU0177,21,Male,3,Computer Science,85.8,7.62,6.6,8,2,5,7.8,5,6.8,2.7,6.1,5,4.8,1,50.61,46.91,49.72,Moderate
STU0178,20,Male,1,Design,74.8,6.84,4.0,3,1,3,6.7,9,7.9,6.4,13.4,3,10.7,3,28.02,63.13,39.24,Moderate
STU0179,24,Male,1,Commerce,87.5,7.62,3.2,3,0,2,8.9,10,6.3,9.3,11.3,4,12.3,1,17.61,75.21,30.98,Moderate
STU0180,19,Male,2,Computer Science,81.5,8.6,6.8,7,3,6,5.2,6,10.5,3.3,10.7,5,4.7,2,53.42,41.67,67.48,High
STU0181,20,Female,3,Engineering,88.4,7.73,4.5,4,3,3,7.9,10,6.4,8.0,13.1,4,9.1,1,33.47,69.05,22.7,Low
STU0182,19,Female,1,Engineering,87.9,7.27,5.9,5,5,5,6.1,5,8.0,2.9,12.5,3,5.2,2,50.93,43.6,51.3,Moderate
STU0183,23,Female,1,Computer Science,85.9,6.45,5.5,6,3,5,5.9,7,10.9,4.5,14.8,5,5.8,2,49.07,49.46,36.78,Moderate
STU0184,22,Female,4,Commerce,72.8,8.19,5.1,6,2,6,6.3,5,6.6,2.8,11.5,4,6.1,1,48.36,45.32,61.2,High
STU0185,19,Male,1,Commerce,76.1,7.03,5.4,6,2,5,6.2,6,6.9,3.4,7.3,3,6.0,1,46.66,43.84,50.37,Moderate
STU0186,21,Male,4,Design,70.1,8.31,6.0,7,2,6,4.6,4,11.4,4.5,2.6,4,3.4,1,52.13,29.55,43.46,Moderate
STU0187,22,Female,4,Design,72.2,6.95,6.3,7,4,6,6.2,4,10.1,2.9,10.9,3,3.1,1,60.3,35.93,70.95,High
STU0188,21,Female,2,Computer Science,81.8,7.99,4.2,2,0,3,7.8,10,6.9,5.7,15.7,5,7.0,3,19.33,69.22,31.82,Moderate
STU0189,20,Male,1,Arts,87.3,6.57,3.2,4,1,1,9.4,10,2.5,7.1,13.0,6,11.8,2,21.83,82.4,12.26,Low
STU0190,19,Male,1,Design,85.6,6.27,1.6,2,2,1,9.0,9,5.5,6.8,14.7,5,10.6,2,18.73,74.48,20.69,Low
STU0191,19,Female,3,Business,76.0,7.25,6.0,4,2,4,7.7,8,5.9,5.1,10.7,3,7.3,1,37.92,57.72,44.83,Moderate
STU0192,23,Male,3,Computer Science,84.5,7.56,5.2,4,1,4,6.9,9,8.3,4.4,10.4,5,12.6,2,32.32,60.84,43.88,Moderate
STU0193,23,Male,4,Arts,87.6,8.61,6.0,5,1,5,6.7,6,9.1,4.6,10.6,4,8.7,1,36.83,49.23,39.17,Moderate
STU0194,21,Female,4,Design,73.2,8.97,7.6,8,1,9,6.2,2,11.2,2.0,7.4,1,1.3,0,61.63,22.86,76.95,High
STU0195,20,Female,3,Business,70.7,6.44,5.2,6,1,7,6.0,4,8.8,3.8,5.7,4,5.4,1,52.04,38.39,55.05,Moderate
STU0196,20,Male,1,Computer Science,94.2,7.04,4.7,5,1,3,7.9,8,9.7,6.1,9.5,4,9.7,3,30.59,60.99,37.86,Moderate
STU0197,21,Male,1,Design,77.8,7.12,5.6,6,2,6,6.5,5,9.9,4.5,7.1,4,3.8,2,49.72,42.56,55.94,Moderate
STU0198,23,Male,4,Arts,84.0,7.35,4.2,3,0,3,8.1,9,4.6,4.1,16.1,5,8.4,2,22.81,68.13,13.7,Low
STU0199,23,Female,1,Commerce,84.1,7.03,5.9,8,2,6,5.5,7,7.1,3.6,6.9,2,4.1,1,54.63,40.85,51.54,Moderate
STU0200,22,Female,1,Commerce,78.6,6.79,5.9,5,3,4,8.1,9,6.4,4.6,9.1,5,9.2,2,43.94,63.84,30.93,Moderate
STU0201,21,Male,3,Arts,75.2,8.4,4.6,6,0,5,6.7,7,8.6,5.2,11.0,4,9.3,2,37.86,54.64,35.52,Moderate
STU0202,19,Male,2,Medicine,83.9,8.15,4.6,3,1,2,9.0,10,7.6,9.9,17.3,7,9.4,2,21.49,81.38,22.4,Low
STU0203,19,Female,4,Commerce,70.5,7.92,7.7,8,4,6,6.4,5,9.5,6.9,7.7,4,6.7,1,62.91,46.91,52.53,Moderate
STU0204,23,Male,3,Medicine,73.4,7.28,5.3,4,1,4,7.5,7,5.8,7.0,13.8,6,8.1,1,34.72,64.29,37.68,Moderate
STU0205,21,Male,1,Arts,78.7,7.04,5.8,6,3,8,5.3,1,9.8,3.8,9.5,4,2.7,1,59.54,30.33,56.3,Moderate
STU0206,18,Male,4,Computer Science,84.5,7.64,6.1,4,4,3,7.8,8,8.7,6.2,15.2,3,8.3,2,38.6,61.01,36.33,Moderate
STU0207,19,Male,1,Medicine,95.0,7.37,6.4,5,2,4,8.5,9,8.3,8.3,14.8,3,7.5,3,37.66,69.22,45.34,Moderate
STU0208,21,Male,2,Commerce,86.5,7.77,4.9,5,1,4,7.9,8,6.2,7.4,9.5,3,6.5,1,34.16,60.27,30.82,Moderate
STU0209,18,Female,2,Design,91.0,8.35,4.8,5,2,2,5.8,9,6.3,6.9,14.9,6,9.8,2,28.69,65.38,37.47,Moderate
STU0210,19,Male,1,Commerce,77.3,6.8,5.7,6,3,4,6.7,6,9.2,3.9,7.5,5,5.8,2,46.76,47.49,38.64,Moderate
STU0211,20,Female,2,Business,65.9,7.28,5.2,4,0,3,7.5,8,4.1,3.7,9.7,5,8.8,2,29.55,61.8,40.13,Moderate
STU0212,21,Male,1,Arts,87.8,7.03,3.5,2,3,3,7.9,10,7.3,4.5,13.0,5,6.2,3,28.34,65.36,24.87,Low
STU0213,21,Female,2,Computer Science,67.3,6.67,7.0,7,3,7,5.9,4,9.4,4.8,6.8,3,4.6,1,62.5,37.68,57.06,Moderate
STU0214,19,Male,2,Engineering,64.6,7.35,7.9,10,3,8,4.7,3,8.8,2.5,7.1,2,1.7,0,74.23,25.12,82.37,Very High
STU0215,21,Female,3,Computer Science,85.7,8.27,6.2,3,4,6,7.3,8,7.2,3.7,12.5,5,10.9,3,44.66,62.12,23.31,Low
STU0216,19,Female,4,Engineering,86.0,8.42,6.2,4,0,4,8.2,9,8.0,5.1,10.4,4,9.2,2,28.47,62.43,31.64,Moderate
STU0217,20,Female,1,Medicine,89.7,7.75,6.0,5,1,4,6.5,8,7.3,4.5,8.6,4,6.9,2,34.58,53.38,47.65,Moderate
STU0218,21,Female,2,Business,70.3,6.22,3.6,5,4,6,6.0,6,6.3,0.0,9.0,4,5.7,2,54.03,42.42,42.08,Moderate
STU0219,21,Male,2,Business,86.0,7.74,4.5,3,2,3,8.2,9,7.6,4.8,10.0,4,9.4,2,28.07,62.38,31.67,Moderate
STU0220,22,Male,1,Computer Science,82.2,6.66,3.8,5,2,5,7.7,6,7.3,4.1,11.3,5,9.1,2,42.14,56.94,33.4,Moderate
STU0221,21,Male,4,Computer Science,71.2,7.33,7.0,9,2,8,6.2,4,8.6,2.2,4.3,3,2.2,1,66.64,32.71,61.76,High
STU0222,21,Female,3,Commerce,68.7,7.27,5.7,7,4,6,6.8,6,8.1,4.4,6.7,3,5.7,1,59.85,45.16,58.11,Moderate
STU0223,19,Female,1,Medicine,84.2,8.2,7.0,5,2,6,7.4,9,6.4,5.5,9.3,5,6.1,2,45.24,61.22,45.65,Moderate
STU0224,20,Female,2,Engineering,80.2,7.01,4.8,4,3,4,7.6,8,7.4,5.8,11.2,5,5.4,2,39.62,59.91,43.39,Moderate
STU0225,19,Female,1,Business,78.0,7.48,3.4,5,2,4,4.7,4,9.7,4.8,12.4,3,7.3,2,37.81,40.17,57.78,Moderate
STU0226,19,Male,3,Arts,83.8,7.55,6.6,8,2,7,6.2,4,7.0,4.9,3.1,3,5.1,1,57.73,39.94,57.1,Moderate
STU0227,25,Female,1,Engineering,98.2,7.57,4.4,3,4,3,8.1,8,5.9,3.7,11.0,5,7.6,2,32.24,61.28,30.88,Moderate
STU0228,20,Female,4,Business,81.8,7.04,5.2,5,1,2,7.2,8,7.2,5.8,15.7,5,10.2,2,29.74,64.45,35.68,Moderate
STU0229,23,Female,4,Engineering,76.1,8.65,6.3,5,3,4,8.1,10,9.1,6.3,11.4,5,9.1,2,41.59,66.03,45.99,Moderate
STU0230,21,Female,2,Design,79.9,7.34,7.3,7,0,7,6.4,6,8.2,3.2,8.7,5,8.4,1,50.53,47.41,46.27,Moderate
STU0231,22,Male,3,Medicine,75.6,7.44,7.5,7,0,5,6.5,8,9.1,7.3,9.8,4,8.7,2,44.58,57.3,45.7,Moderate
STU0232,20,Male,4,Computer Science,62.0,8.05,7.6,8,3,8,4.5,5,9.7,3.4,8.9,4,1.3,1,67.69,33.0,70.67,High
STU0233,21,Female,3,Arts,69.5,7.23,4.9,4,1,5,7.7,9,4.4,4.8,10.8,5,8.1,2,38.45,65.42,36.74,Moderate
STU0234,20,Female,1,Medicine,84.7,7.65,6.9,9,5,6,6.0,6,8.5,2.2,11.7,3,6.2,1,66.11,41.95,64.76,High
STU0235,19,Female,2,Design,80.6,7.64,5.5,3,2,4,6.7,8,7.2,7.3,9.6,4,9.5,1,33.31,58.83,42.44,Moderate
STU0236,21,Female,4,Engineering,74.0,6.66,8.1,8,1,7,5.1,6,11.6,1.8,6.4,3,4.6,2,59.09,33.15,64.79,High
STU0237,19,Female,3,Computer Science,63.1,7.72,6.6,4,1,5,7.6,8,8.7,3.4,10.3,5,5.4,2,40.12,54.36,42.74,Moderate
STU0238,18,Male,3,Computer Science,100.0,8.73,4.8,3,1,2,7.3,9,6.3,4.9,16.9,3,10.3,2,18.01,64.25,25.94,Low
STU0239,21,Male,4,Medicine,83.7,8.15,6.5,6,1,3,6.2,9,5.5,5.2,11.2,6,11.2,2,34.77,63.98,43.07,Moderate
STU0240,19,Male,4,Commerce,83.7,8.04,7.9,7,2,5,4.5,5,6.6,3.3,12.5,4,8.2,2,48.57,44.49,54.76,Moderate
STU0241,24,Female,4,Engineering,70.0,7.61,5.5,5,3,4,7.1,8,7.3,4.9,12.2,5,8.0,1,43.68,57.81,51.4,Moderate
STU0242,24,Female,1,Commerce,86.9,7.3,2.6,1,1,2,9.3,9,6.6,4.1,13.8,5,7.2,2,15.18,67.31,24.8,Low
STU0243,23,Male,3,Commerce,72.8,7.69,5.2,4,2,5,6.9,7,8.9,6.4,12.1,4,8.7,1,40.38,55.14,47.47,Moderate
STU0244,20,Male,3,Commerce,78.2,7.75,7.0,8,2,9,6.0,5,7.3,1.4,3.5,2,0.7,1,65.33,31.45,71.08,High
STU0245,18,Male,3,Medicine,84.8,7.81,7.5,7,5,6,5.8,7,7.9,4.5,8.9,5,6.7,1,60.77,48.62,51.88,Moderate
STU0246,23,Female,3,Business,93.6,7.52,3.1,5,2,3,7.5,5,7.6,6.3,8.1,7,9.3,2,31.56,58.69,18.2,Low
STU0247,20,Male,1,Medicine,76.6,8.51,8.2,7,3,7,4.5,5,9.0,2.2,7.2,4,4.1,0,58.88,31.35,51.45,Moderate
STU0248,25,Female,4,Medicine,79.5,7.79,10.1,9,2,8,5.9,3,9.5,1.8,6.2,4,7.2,2,67.07,35.74,71.95,High
STU0249,25,Male,3,Computer Science,65.9,7.35,7.0,6,0,6,6.5,5,12.3,2.2,4.1,3,5.7,2,46.49,34.86,59.99,Moderate
STU0250,22,Male,1,Engineering,71.7,6.33,6.2,8,0,5,6.8,7,7.5,4.9,14.7,5,6.7,1,48.78,55.44,46.69,Moderate
STU0251,19,Male,2,Computer Science,79.1,6.99,4.9,2,2,1,7.9,8,6.6,7.6,11.9,7,10.4,1,21.36,68.91,28.08,Low
STU0252,20,Female,1,Commerce,79.9,7.24,6.1,5,0,5,6.2,9,8.4,6.5,17.6,3,8.3,2,37.48,60.1,33.7,Moderate
STU0253,22,Male,2,Engineering,68.7,7.17,6.7,7,5,7,6.4,5,8.1,5.2,5.0,1,3.2,1,67.18,38.54,58.87,Moderate
STU0254,20,Female,1,Engineering,82.1,7.17,5.8,4,1,5,5.6,6,9.3,4.7,10.0,5,5.6,1,37.2,44.88,44.03,Moderate
STU0255,19,Female,2,Design,81.9,7.93,7.0,8,3,7,5.2,5,9.9,2.8,7.3,2,0.0,1,60.74,29.7,71.55,High
STU0256,21,Female,3,Engineering,89.0,7.74,4.4,3,1,5,8.1,7,7.9,5.7,12.8,6,9.3,1,31.16,61.93,42.41,Moderate
STU0257,24,Male,3,Engineering,78.7,6.32,7.2,6,1,5,6.4,6,6.7,4.3,8.9,4,8.0,2,45.91,51.04,49.89,Moderate
STU0258,21,Female,3,Computer Science,90.3,8.38,5.5,4,1,4,7.8,9,7.7,7.6,14.1,7,9.6,1,30.23,69.58,31.07,Moderate
STU0259,21,Female,4,Design,83.1,6.79,6.3,8,2,7,6.0,5,11.4,1.1,9.7,4,1.7,1,58.86,32.54,62.76,High
STU0260,19,Male,1,Computer Science,80.2,8.23,5.9,5,2,5,7.0,7,8.7,2.6,11.3,5,6.1,2,41.61,50.74,42.49,Moderate
STU0261,21,Female,1,Medicine,86.3,8.49,3.9,2,1,2,8.3,9,4.1,8.0,15.3,5,12.6,3,17.16,79.2,4.14,Low
STU0262,27,Male,4,Medicine,67.1,7.52,10.1,8,3,6,7.4,8,7.7,3.1,7.0,2,5.0,1,63.14,47.16,64.52,High
STU0263,19,Female,1,Commerce,82.8,8.82,3.9,5,0,4,6.1,7,4.9,4.7,7.8,5,3.9,2,29.19,52.49,43.56,Moderate
STU0264,20,Female,4,Commerce,70.2,8.02,9.3,8,5,9,4.9,3,9.3,3.7,6.8,3,0.9,1,77.13,29.15,76.2,High
STU0265,22,Male,4,Design,70.8,7.12,7.3,9,2,8,5.2,6,7.9,1.2,7.3,3,5.2,1,67.31,35.99,70.32,High
STU0266,21,Female,2,Computer Science,96.2,6.75,4.9,1,0,2,9.7,10,6.0,5.6,15.2,6,13.4,2,13.47,79.14,30.38,Moderate
STU0267,21,Female,4,Engineering,76.5,7.77,8.0,8,2,8,4.6,4,9.8,2.3,3.5,3,4.9,1,63.08,28.3,63.55,High
STU0268,21,Male,1,Engineering,88.4,6.89,5.2,3,1,3,6.7,8,4.9,3.8,6.8,6,10.7,2,26.67,59.8,35.77,Moderate
STU0269,20,Male,2,Computer Science,85.6,6.9,4.4,5,0,3,7.1,10,7.9,7.4,10.7,7,8.9,3,29.01,69.89,20.25,Low
STU0270,19,Male,3,Engineering,82.0,8.12,6.7,5,2,6,5.5,5,10.4,4.4,9.2,3,6.0,1,45.49,38.58,66.5,High
STU0271,22,Female,2,Engineering,82.4,6.7,7.4,6,1,6,4.7,5,8.5,6.5,9.1,3,6.0,2,48.16,43.25,53.05,Moderate
STU0272,22,Female,4,Medicine,64.0,8.69,8.4,6,3,4,8.3,7,6.1,4.5,9.9,6,5.3,2,48.07,60.32,28.78,Low
STU0273,22,Male,1,Commerce,84.2,6.61,3.7,3,3,5,7.5,9,5.9,6.2,15.3,6,12.8,2,39.26,71.85,30.91,Moderate
STU0274,23,Male,3,Engineering,87.0,8.54,3.9,5,3,3,7.8,10,6.5,6.5,14.5,6,8.3,2,34.63,70.73,41.68,Moderate
STU0275,20,Male,3,Commerce,75.6,7.04,6.1,7,2,7,5.1,6,9.2,0.0,5.9,3,3.3,2,56.75,32.11,67.77,High
STU0276,20,Male,3,Engineering,82.0,7.12,3.9,4,0,3,7.1,9,7.0,4.0,14.3,6,8.4,2,26.05,62.71,44.08,Moderate
STU0277,22,Male,1,Engineering,84.6,8.68,8.2,8,2,7,5.2,6,7.9,3.1,13.1,3,2.6,2,57.04,41.67,56.86,Moderate
STU0278,21,Female,2,Medicine,67.1,7.72,10.3,9,2,7,5.6,5,6.9,3.9,6.3,3,7.3,2,66.09,43.24,67.64,High
STU0279,21,Female,4,Computer Science,80.7,7.71,7.6,10,2,8,4.8,5,12.5,4.1,3.3,3,5.9,1,67.7,30.69,71.31,High
STU0280,22,Male,1,Computer Science,78.6,6.33,3.5,4,1,4,7.8,9,6.8,6.1,7.2,6,6.2,1,33.93,61.41,38.88,Moderate
STU0281,23,Female,4,Engineering,79.3,7.77,6.9,5,1,5,7.1,7,8.1,6.1,11.1,3,5.5,2,40.36,53.97,35.87,Moderate
STU0282,20,Female,3,Arts,87.5,6.89,5.4,6,3,6,5.6,4,7.6,2.7,10.0,3,6.9,2,51.32,40.55,32.39,Moderate
STU0283,20,Male,3,Design,79.3,7.32,2.2,3,2,2,7.9,10,4.0,7.6,15.9,7,12.3,1,24.64,78.51,22.65,Low
STU0284,19,Male,3,Computer Science,89.1,7.36,3.1,1,1,1,8.9,10,6.1,9.5,18.8,7,9.4,3,11.8,84.64,0.0,Low
STU0285,21,Female,1,Business,77.0,6.87,4.9,4,1,3,8.9,9,8.6,8.5,14.4,6,9.0,1,31.13,71.54,34.29,Moderate
STU0286,18,Female,3,Design,84.8,7.95,7.1,7,4,6,5.7,5,10.6,4.4,6.9,4,5.0,1,57.2,38.35,56.28,Moderate
STU0287,20,Female,4,Commerce,74.9,7.09,9.0,6,2,9,5.3,3,5.5,1.7,3.4,1,2.6,1,63.09,28.61,60.96,High
STU0288,20,Male,2,Business,87.6,8.53,5.7,6,1,5,6.2,5,9.9,3.6,11.4,4,3.5,1,39.49,40.64,42.95,Moderate
STU0289,19,Male,4,Engineering,59.7,8.45,9.5,10,3,8,4.8,3,10.2,2.0,6.3,2,3.2,1,74.55,25.31,75.2,High
STU0290,21,Female,2,Computer Science,96.4,9.08,8.4,5,3,5,5.6,6,9.9,4.3,9.5,3,5.5,2,42.58,42.44,57.25,Moderate
STU0291,18,Female,1,Medicine,71.0,7.75,7.5,9,3,7,5.5,6,7.0,3.1,13.4,4,0.6,1,66.06,41.97,59.83,Moderate
STU0292,18,Male,2,Medicine,78.0,8.34,5.4,6,1,4,7.2,9,6.3,6.5,8.4,6,11.6,1,37.82,65.07,30.7,Moderate
STU0293,22,Female,4,Medicine,76.9,8.01,10.0,9,1,9,5.5,6,8.0,5.4,6.6,3,6.6,1,67.39,43.62,56.31,Moderate
STU0294,20,Male,2,Commerce,98.4,8.78,5.9,5,3,7,6.7,6,8.2,4.0,4.9,4,6.9,2,47.33,46.98,62.33,High
STU0295,19,Other,4,Arts,83.4,7.83,4.8,5,2,5,7.8,7,4.5,1.6,10.6,3,7.2,1,40.83,52.59,43.77,Moderate
STU0296,20,Female,4,Business,75.9,8.0,4.7,5,3,4,6.1,7,6.2,5.9,16.4,5,7.9,2,41.38,59.76,20.28,Low
STU0297,21,Male,2,Business,90.4,9.31,6.4,5,0,6,7.0,7,7.9,4.2,8.4,4,2.6,1,35.86,47.37,41.3,Moderate
STU0298,19,Female,1,Design,85.0,8.0,3.9,3,0,2,8.9,9,8.3,5.1,16.0,7,8.4,2,17.97,70.1,13.18,Low
STU0299,21,Female,3,Arts,74.6,7.24,4.7,6,1,5,6.8,7,4.0,5.1,16.3,3,9.8,1,42.97,60.15,36.78,Moderate
STU0300,19,Male,2,Computer Science,78.4,6.02,6.7,10,0,8,6.5,4,9.0,2.1,9.1,3,3.8,2,64.15,38.09,54.2,Moderate
STU0301,18,Female,4,Engineering,67.6,7.61,11.5,9,4,9,3.7,2,9.7,0.5,4.5,3,0.0,2,79.86,18.71,94.88,Very High
STU0302,20,Other,2,Medicine,66.6,7.43,6.1,6,0,3,6.9,7,5.5,4.6,11.0,5,8.2,1,35.49,56.73,41.77,Moderate
STU0303,20,Male,2,Business,86.1,6.92,6.8,6,4,8,5.8,4,8.5,2.5,5.5,4,5.0,1,62.34,35.85,71.25,High
STU0304,21,Female,3,Medicine,82.2,6.85,4.2,2,2,3,9.0,9,5.7,7.6,12.6,7,8.3,2,27.16,75.37,40.08,Moderate
STU0305,21,Female,2,Design,71.1,7.39,8.8,7,1,8,3.4,1,10.9,1.7,9.7,2,4.0,0,59.5,17.29,73.29,High
STU0306,25,Female,2,Computer Science,87.6,6.12,4.2,6,0,4,7.6,8,8.8,5.6,9.0,4,6.5,2,35.92,56.38,58.91,Moderate
STU0307,20,Female,2,Engineering,67.7,9.0,9.8,8,2,6,6.5,6,8.8,6.0,8.4,3,5.2,0,57.33,44.75,44.8,Moderate
STU0308,20,Female,2,Design,76.5,5.04,4.5,4,0,2,8.3,9,6.4,5.9,12.7,7,9.6,2,27.6,70.93,38.91,Moderate
STU0309,22,Female,2,Computer Science,75.2,7.28,6.7,5,2,4,5.8,6,11.5,3.7,9.5,6,5.8,2,41.36,44.22,50.05,Moderate
STU0310,19,Female,4,Engineering,79.3,7.15,6.0,6,1,5,7.2,6,8.3,5.5,9.2,4,4.8,1,43.42,49.63,53.43,Moderate
STU0311,20,Male,2,Engineering,85.6,8.23,7.2,6,3,5,8.4,7,8.4,4.5,11.7,5,8.6,2,47.57,59.81,42.81,Moderate
STU0312,18,Male,2,Engineering,75.2,8.94,9.2,5,5,7,6.8,6,8.4,4.1,11.6,4,4.7,1,59.68,47.4,61.05,High
STU0313,18,Male,3,Commerce,60.3,6.05,4.8,7,2,6,6.0,7,5.1,5.8,9.3,4,7.3,1,56.53,53.72,54.59,Moderate
STU0314,25,Female,1,Engineering,85.4,7.75,5.1,6,5,5,6.2,7,6.7,5.5,11.4,4,8.4,2,52.66,55.45,47.88,Moderate
STU0315,22,Female,2,Medicine,89.9,7.55,5.1,6,2,4,7.6,8,6.6,4.0,13.4,5,8.5,3,39.91,62.96,39.55,Moderate
STU0316,21,Male,4,Computer Science,75.5,7.5,3.4,5,2,2,8.4,10,6.3,6.6,11.5,6,11.4,2,31.53,73.4,42.25,Moderate
STU0317,20,Female,3,Design,78.6,7.13,7.3,8,2,8,4.2,4,11.6,0.5,4.5,1,5.9,1,63.21,21.05,65.61,High
STU0318,19,Female,3,Engineering,69.1,7.34,7.0,8,3,6,6.8,7,9.2,3.0,9.8,3,5.7,2,60.53,46.68,68.49,High
STU0319,19,Male,3,Commerce,77.8,6.27,4.5,2,1,3,7.3,8,4.2,7.5,13.5,5,9.6,3,26.11,70.91,21.99,Low
STU0320,19,Male,1,Design,92.7,7.47,5.6,6,2,7,4.5,4,9.2,2.0,7.9,3,4.8,0,49.99,28.72,65.63,High
STU0321,20,Male,3,Computer Science,79.4,7.4,7.9,5,5,7,5.5,7,9.9,3.5,7.1,3,3.1,1,60.46,38.16,63.24,High
STU0322,21,Female,2,Business,90.8,8.57,8.4,6,5,7,5.7,5,6.2,5.6,6.8,4,6.6,1,59.81,46.25,61.5,High
STU0323,21,Male,3,Commerce,88.2,8.72,4.1,2,2,4,6.9,8,5.7,6.3,12.2,6,9.9,2,26.29,65.37,32.74,Moderate
STU0324,19,Male,2,Engineering,70.8,5.84,6.3,8,0,7,6.2,5,9.3,2.6,12.9,4,5.9,1,56.49,42.18,61.06,High
STU0325,24,Male,1,Computer Science,79.6,7.38,6.5,4,5,6,5.3,5,12.4,4.1,5.6,4,6.3,1,53.18,34.9,63.92,High
STU0326,21,Male,1,Arts,77.3,6.7,5.8,3,1,8,5.3,5,8.3,2.6,10.0,4,3.3,1,46.01,37.58,55.66,Moderate
STU0327,21,Male,4,Design,68.1,7.03,9.7,10,5,10,5.1,2,10.3,1.6,4.0,1,5.6,0,88.35,21.32,92.89,Very High
STU0328,21,Male,2,Computer Science,70.1,8.58,9.9,6,2,8,5.2,3,10.8,1.5,6.5,3,5.6,1,58.82,27.96,69.36,High
STU0329,20,Female,2,Engineering,99.1,8.26,3.8,6,2,3,7.7,10,4.9,7.1,12.3,5,7.7,2,32.77,70.45,44.31,Moderate
STU0330,19,Male,1,Design,81.0,7.56,5.6,5,2,6,7.2,7,9.4,4.0,7.1,4,2.5,1,45.68,45.19,48.58,Moderate
STU0331,20,Male,1,Commerce,88.3,8.51,5.5,6,3,6,7.6,9,7.6,4.9,14.3,4,6.5,2,48.57,61.03,38.26,Moderate
STU0332,21,Male,3,Design,90.4,8.35,6.1,4,0,4,8.1,9,8.9,6.7,15.2,5,9.2,3,27.77,68.82,32.93,Moderate
STU0333,18,Female,3,Medicine,87.0,7.45,6.2,5,0,2,7.7,9,7.0,4.6,12.4,5,7.6,3,26.03,64.26,20.16,Low
STU0334,19,Female,2,Commerce,89.0,7.42,4.2,3,1,2,8.7,10,5.9,5.1,14.4,6,8.1,3,21.52,73.38,32.25,Moderate
STU0335,18,Male,1,Engineering,100.0,7.46,5.4,3,3,4,5.9,8,6.8,5.4,13.6,5,6.7,2,33.29,57.21,35.4,Moderate
STU0336,18,Male,3,Computer Science,84.2,6.83,4.1,3,0,4,8.0,9,6.8,2.2,10.5,5,8.5,3,26.89,61.39,39.64,Moderate
STU0337,22,Male,1,Commerce,89.6,7.51,7.1,6,4,7,6.1,3,10.2,2.8,8.6,3,4.0,2,57.69,34.83,64.17,High
STU0338,21,Male,1,Arts,96.7,7.86,3.2,5,2,3,6.3,5,7.1,6.7,10.3,3,7.8,1,30.56,49.87,40.03,Moderate
STU0339,20,Male,2,Engineering,64.8,7.3,9.8,10,3,9,5.1,5,12.5,3.0,5.9,2,2.2,0,79.2,25.81,79.14,High
STU0340,19,Male,2,Medicine,72.7,7.63,8.1,7,4,7,6.2,6,10.3,5.5,8.5,3,4.5,1,63.92,42.66,49.9,Moderate
STU0341,20,Male,1,Commerce,85.7,5.62,3.1,2,0,3,8.6,10,3.9,6.5,16.3,7,8.9,3,21.71,80.24,17.67,Low
STU0342,20,Male,3,Medicine,78.1,6.97,8.8,10,3,8,5.6,5,8.0,1.6,8.0,1,6.3,1,73.37,34.53,75.44,High
STU0343,19,Male,3,Business,75.7,7.88,5.5,5,3,5,7.6,7,7.5,1.7,10.0,4,7.9,1,45.61,50.13,37.78,Moderate
STU0344,20,Female,4,Design,62.2,6.16,6.0,6,4,6,6.5,7,10.1,4.1,12.6,3,2.8,1,60.26,44.23,62.44,High
STU0345,20,Female,2,Computer Science,94.1,8.46,6.5,5,4,3,7.4,8,8.3,7.2,12.4,5,9.7,1,38.74,62.2,44.75,Moderate
STU0346,21,Male,1,Arts,67.6,6.31,4.9,7,1,7,6.8,6,8.4,3.9,10.0,1,4.8,1,55.3,42.62,51.5,Moderate
STU0347,21,Female,2,Design,90.0,7.5,4.5,3,1,2,6.9,9,7.5,5.5,10.0,4,6.6,2,21.47,57.96,41.73,Moderate
STU0348,18,Female,4,Business,92.1,8.48,3.3,4,1,1,7.7,8,6.1,6.8,14.5,5,8.5,3,17.93,68.58,30.77,Moderate
STU0349,20,Female,3,Commerce,87.2,8.0,3.9,4,2,2,7.4,10,4.3,7.7,16.1,5,12.4,2,26.38,76.21,35.44,Moderate
STU0350,21,Female,3,Business,69.9,5.92,4.8,2,1,3,9.5,9,7.1,6.6,12.0,5,6.2,2,28.26,69.48,32.15,Moderate
STU0351,20,Female,1,Computer Science,79.3,7.32,5.4,4,3,3,7.4,10,10.1,6.2,12.7,5,11.6,2,36.42,65.04,32.6,Moderate
STU0352,22,Female,2,Engineering,93.0,7.46,6.9,4,3,4,6.5,9,6.5,5.4,11.5,5,7.0,1,38.48,58.42,48.8,Moderate
STU0353,21,Male,1,Business,82.7,7.97,4.9,4,1,5,6.1,5,6.2,4.7,6.3,5,8.2,1,35.02,48.11,43.55,Moderate
STU0354,19,Male,3,Computer Science,82.9,8.69,7.9,10,2,9,5.3,5,11.3,1.7,1.9,1,0.1,1,69.28,22.84,80.27,Very High
STU0355,18,Female,4,Computer Science,80.0,8.17,8.0,9,3,8,4.7,4,6.4,1.1,4.0,3,1.6,1,67.61,28.76,66.04,High
STU0356,21,Female,4,Design,68.7,7.07,5.8,7,2,5,5.8,8,10.0,5.5,11.8,2,5.5,1,50.93,46.27,48.25,Moderate
STU0357,18,Male,3,Business,83.4,7.22,3.7,3,1,1,7.8,9,5.0,3.2,11.8,7,8.6,2,19.04,65.95,20.98,Low
STU0358,21,Female,2,Computer Science,67.7,8.86,8.3,9,3,8,4.9,1,10.8,2.5,6.9,3,1.5,2,68.76,24.4,82.79,Very High
STU0359,24,Male,4,Business,63.6,7.26,4.9,5,0,2,8.4,9,8.2,5.3,12.6,6,4.3,2,29.16,63.4,37.78,Moderate
STU0360,21,Male,3,Commerce,84.8,7.57,4.1,2,2,3,7.7,9,6.2,8.6,15.7,6,7.8,2,25.44,72.55,15.33,Low
STU0361,20,Male,1,Medicine,71.7,8.14,8.1,8,3,8,6.1,7,8.7,4.0,12.1,4,4.5,1,66.34,46.69,57.5,Moderate
STU0362,21,Female,2,Business,80.5,6.95,4.8,4,0,5,6.9,8,7.6,4.2,11.8,5,7.1,1,34.0,55.04,41.16,Moderate
STU0363,20,Male,1,Engineering,72.8,7.88,8.1,7,2,6,6.6,6,8.6,6.7,9.4,4,7.4,2,54.15,52.87,62.0,High
STU0364,20,Female,2,Computer Science,87.3,8.32,8.1,9,2,6,5.1,4,8.8,1.5,8.4,4,6.1,1,56.56,34.18,59.06,Moderate
STU0365,24,Male,2,Engineering,93.8,8.0,4.6,5,2,2,8.1,9,5.2,8.3,13.8,7,8.9,2,28.64,75.43,34.54,Moderate
STU0366,20,Male,3,Medicine,68.0,7.2,11.2,9,3,8,5.5,3,10.5,1.6,13.6,3,5.5,0,73.89,31.13,84.11,Very High
STU0367,25,Female,2,Medicine,88.7,9.41,7.6,6,1,6,8.0,6,7.3,5.4,11.6,5,11.2,2,42.76,61.3,31.44,Moderate
STU0368,23,Female,1,Design,79.7,8.5,4.1,5,1,5,6.5,9,7.5,4.7,11.5,2,6.7,1,36.74,52.27,42.72,Moderate
STU0369,19,Female,2,Design,84.6,7.71,6.3,7,3,9,5.4,4,9.5,3.0,11.5,3,1.6,1,63.97,33.78,60.24,High
STU0370,18,Male,4,Commerce,71.4,6.5,4.9,3,1,2,7.0,9,6.2,7.9,14.6,5,9.3,2,26.57,68.7,39.88,Moderate
STU0371,19,Female,3,Design,87.6,8.98,6.8,5,3,6,5.9,7,7.5,6.8,7.8,4,4.6,1,46.21,49.62,52.6,Moderate
STU0372,18,Male,2,Computer Science,90.9,7.93,5.3,3,3,2,7.7,6,7.2,5.9,18.0,6,8.7,2,27.27,64.09,28.33,Low
STU0373,19,Female,4,Computer Science,76.7,7.13,4.3,5,1,3,7.9,9,6.1,8.7,11.6,7,11.3,2,33.03,74.92,21.75,Low
STU0374,21,Male,4,Business,71.7,6.25,5.1,5,0,3,6.5,8,5.4,5.4,15.2,5,4.8,2,32.99,60.07,31.79,Moderate
STU0375,18,Male,1,Computer Science,83.6,7.82,6.6,5,2,6,6.1,7,9.5,3.5,12.2,3,5.6,2,45.64,46.22,42.63,Moderate
STU0376,20,Male,1,Engineering,84.2,6.97,5.9,2,3,3,7.5,8,5.4,4.6,13.1,5,8.4,2,31.04,63.08,29.81,Low
STU0377,22,Male,3,Commerce,79.9,5.4,4.4,5,0,6,5.4,5,8.3,4.3,7.4,3,0.7,2,42.46,37.8,47.67,Moderate
STU0378,18,Female,4,Engineering,99.9,8.13,6.8,9,2,6,6.8,7,9.8,5.7,9.3,3,7.3,2,53.69,50.85,55.48,Moderate
STU0379,22,Female,4,Business,88.5,6.73,5.0,5,3,4,7.6,8,5.6,4.7,10.1,5,5.9,3,41.64,61.79,34.0,Moderate
STU0380,19,Male,4,Engineering,100.0,7.19,4.8,6,1,1,6.7,10,4.0,7.2,16.5,4,7.0,2,25.57,69.16,32.01,Moderate
STU0381,19,Female,3,Computer Science,67.8,7.8,6.1,6,0,4,5.4,7,9.6,4.7,11.4,4,7.3,2,38.01,47.88,39.99,Moderate
STU0382,21,Female,3,Engineering,76.6,7.05,3.8,7,4,3,7.4,9,8.0,5.1,15.2,5,7.9,1,47.32,61.26,34.22,Moderate
STU0383,21,Female,1,Commerce,79.3,7.61,5.1,8,3,9,5.0,3,7.2,1.6,8.3,3,0.9,2,66.79,31.13,65.97,High
STU0384,22,Female,1,Engineering,74.6,6.62,5.2,6,1,5,8.1,8,8.7,7.2,11.2,3,7.1,0,44.42,57.24,38.88,Moderate
STU0385,21,Female,2,Medicine,77.5,6.79,9.7,9,1,7,6.0,6,8.0,3.9,7.2,2,3.9,1,62.41,40.04,52.55,Moderate
STU0386,22,Male,3,Business,86.7,8.87,5.5,4,2,5,5.0,7,6.2,4.2,9.5,4,6.2,2,36.35,48.23,39.46,Moderate
STU0387,19,Female,3,Business,70.4,6.91,6.3,6,4,5,5.7,5,6.9,4.3,9.5,3,5.8,2,54.56,44.72,66.79,High
STU0388,19,Male,3,Engineering,57.6,8.42,8.6,10,2,8,4.9,3,10.5,1.4,6.7,3,3.8,1,71.2,26.2,69.42,High
STU0389,21,Female,2,Medicine,90.5,8.02,6.0,7,5,5,6.9,5,6.7,3.3,12.5,5,6.1,1,54.88,49.42,54.92,Moderate
STU0390,22,Male,3,Medicine,83.6,8.26,9.4,9,5,8,5.7,7,8.2,4.6,9.6,3,3.7,1,74.02,43.99,59.91,Moderate
STU0391,27,Female,1,Arts,86.9,7.54,3.1,6,2,6,7.9,6,7.6,1.4,9.6,5,5.6,2,45.42,49.93,53.62,Moderate
STU0392,20,Male,2,Arts,75.4,6.24,4.9,4,3,7,5.4,4,6.4,2.7,7.3,3,3.4,0,51.78,34.34,48.86,Moderate
STU0393,20,Male,3,Computer Science,73.8,7.71,7.2,9,3,8,6.2,4,8.4,3.5,2.5,4,8.9,1,68.74,39.7,73.13,High
STU0394,22,Female,3,Design,76.0,6.88,8.9,10,2,8,5.8,3,10.4,2.1,0.0,2,4.8,0,70.95,24.34,80.17,Very High
STU0395,20,Male,4,Engineering,86.4,8.36,6.4,5,1,2,8.1,10,5.5,7.3,15.1,6,12.1,2,27.78,76.78,24.62,Low
STU0396,24,Other,2,Computer Science,81.7,6.88,5.6,5,2,4,6.2,7,10.5,3.8,11.7,4,6.2,2,40.03,47.2,58.52,Moderate
STU0397,22,Male,2,Computer Science,87.5,7.1,4.4,6,3,3,6.8,7,9.4,5.4,11.7,6,9.0,1,40.14,55.28,48.44,Moderate
STU0398,20,Male,2,Medicine,68.8,8.61,8.0,8,3,8,6.1,6,7.0,5.7,8.4,3,4.6,1,65.96,46.5,77.35,High
STU0399,21,Female,2,Medicine,56.4,8.22,11.0,10,5,8,4.1,2,9.8,2.5,0.7,0,0.5,1,82.73,15.76,89.29,Very High
STU0400,21,Male,4,Computer Science,91.0,8.97,7.8,9,3,6,7.1,5,9.6,5.2,6.3,3,4.1,1,57.61,42.56,49.32,Moderate
STU0401,19,Female,3,Commerce,88.7,6.72,5.3,7,2,5,7.5,6,9.8,3.4,12.4,5,7.0,3,47.77,53.25,42.45,Moderate
STU0402,23,Female,4,Engineering,70.5,7.46,6.9,6,0,4,7.5,8,6.7,8.1,16.5,5,6.9,2,38.79,67.53,42.53,Moderate
STU0403,20,Other,1,Medicine,75.3,7.66,7.3,8,2,6,4.9,4,8.3,5.6,12.8,5,5.7,2,56.21,45.19,44.34,Moderate
STU0404,22,Female,4,Engineering,64.2,7.07,9.3,10,3,7,6.9,5,8.8,2.0,6.8,2,4.3,1,72.6,37.24,67.2,High
STU0405,20,Male,1,Computer Science,81.7,7.94,4.9,4,4,3,7.0,8,7.9,5.0,7.7,6,9.6,3,37.57,60.38,16.14,Low
STU0406,23,Male,4,Engineering,72.0,9.11,9.2,10,2,10,3.8,3,10.4,2.6,7.6,4,1.1,1,74.82,24.87,82.03,Very High
STU0407,20,Male,2,Computer Science,83.4,7.9,7.4,9,5,9,7.0,5,10.3,2.2,9.5,2,4.8,1,76.32,37.78,68.44,High
STU0408,18,Other,2,Medicine,96.3,8.1,6.5,5,3,5,7.9,7,6.8,0.7,9.1,6,10.1,1,42.64,53.81,41.19,Moderate
STU0409,23,Female,2,Computer Science,83.4,9.35,6.7,5,2,6,6.2,7,7.0,4.0,4.7,4,8.1,2,43.21,49.3,46.35,Moderate
STU0410,19,Female,4,Medicine,81.2,7.89,7.0,6,3,4,8.3,8,3.9,4.4,7.5,3,6.3,1,45.37,58.43,38.14,Moderate
STU0411,20,Female,1,Computer Science,97.0,7.46,5.0,5,2,7,7.6,7,8.6,2.3,7.4,4,5.1,1,46.01,46.59,41.49,Moderate
STU0412,24,Female,2,Commerce,91.5,7.83,4.3,5,3,3,7.9,8,7.6,4.3,17.4,4,12.6,3,35.39,66.6,34.74,Moderate
STU0413,24,Female,4,Design,74.9,8.3,8.5,8,2,8,4.9,5,9.4,5.4,7.2,2,4.1,1,62.88,36.0,60.34,High
STU0414,21,Female,2,Computer Science,90.2,7.87,6.0,5,3,2,7.4,8,8.6,5.5,11.2,5,8.7,2,33.63,59.7,29.54,Low
STU0415,21,Male,1,Medicine,84.7,8.01,7.4,7,3,5,7.7,7,6.1,5.5,8.2,4,5.2,2,51.03,56.69,61.44,High
STU0416,20,Male,2,Computer Science,73.9,7.25,6.6,8,5,9,4.8,5,8.6,1.5,10.8,2,4.0,1,75.54,32.52,70.78,High
STU0417,19,Female,2,Commerce,97.4,8.15,3.2,3,1,1,7.9,10,5.3,5.9,12.7,6,10.2,2,14.74,71.87,18.24,Low
STU0418,20,Male,4,Engineering,75.9,7.1,8.5,7,1,5,7.8,7,7.5,5.2,13.4,3,10.7,1,48.93,58.26,45.04,Moderate
STU0419,21,Female,3,Medicine,73.5,6.58,5.9,5,2,3,6.6,9,7.3,5.4,17.4,6,8.7,2,38.81,64.78,36.31,Moderate
STU0420,21,Female,2,Medicine,89.1,8.15,6.5,5,1,3,7.5,7,7.1,4.0,5.5,4,7.4,1,31.09,51.17,38.4,Moderate
STU0421,22,Male,4,Arts,61.8,6.27,7.2,6,3,7,6.5,5,8.0,2.1,9.5,3,4.8,1,61.47,40.11,50.0,Moderate
STU0422,22,Male,2,Medicine,72.6,7.65,8.8,10,4,7,5.7,5,7.0,1.9,7.2,3,2.2,1,72.82,35.79,78.46,High
STU0423,19,Male,1,Commerce,74.1,6.2,5.0,6,0,5,6.9,7,7.5,3.9,8.7,3,3.6,1,42.04,46.66,41.54,Moderate
STU0424,20,Female,1,Engineering,76.1,7.06,5.8,5,0,5,6.2,5,7.7,5.5,9.6,5,6.7,2,38.16,50.18,56.64,Moderate
STU0425,18,Male,2,Arts,74.1,6.44,4.1,7,1,5,6.3,8,6.8,4.4,5.0,3,3.1,2,46.67,47.65,40.71,Moderate
STU0426,20,Male,1,Design,78.6,8.67,5.5,5,1,5,6.1,5,9.0,4.4,11.9,4,6.9,2,37.81,46.78,52.42,Moderate
STU0427,20,Male,4,Engineering,76.7,7.93,8.8,8,3,7,5.7,5,11.0,5.9,5.5,4,6.7,1,63.11,40.58,70.21,High
STU0428,23,Male,3,Business,71.4,7.96,4.4,5,3,4,6.3,8,8.5,4.2,13.9,6,5.7,2,41.94,55.32,43.88,Moderate
STU0429,20,Male,1,Engineering,88.6,7.95,6.3,5,1,7,6.2,7,9.2,3.0,15.8,3,6.2,1,44.68,46.63,35.67,Moderate
STU0430,19,Male,3,Business,89.7,6.93,5.3,3,2,3,7.9,9,6.5,4.3,9.5,7,10.6,1,29.47,64.67,33.22,Moderate
STU0431,19,Male,3,Business,94.0,8.23,4.6,4,1,6,7.4,9,7.6,4.1,13.1,5,5.7,1,35.78,57.71,48.86,Moderate
STU0432,21,Other,4,Computer Science,64.5,7.59,8.2,9,2,8,5.4,2,9.7,2.2,5.2,1,4.1,1,68.32,25.04,61.32,High
STU0433,21,Male,4,Commerce,77.4,7.7,5.3,7,2,6,6.9,6,5.2,4.8,13.1,4,6.1,3,51.35,57.45,44.08,Moderate
STU0434,19,Female,2,Engineering,84.6,7.12,5.4,5,3,4,6.7,8,6.1,8.9,12.6,4,9.0,2,41.98,65.34,31.36,Moderate
STU0435,19,Male,3,Engineering,84.3,7.41,4.1,3,3,2,8.4,10,7.1,6.0,13.1,6,4.7,1,28.24,66.24,35.0,Moderate
STU0436,21,Female,3,Engineering,91.8,8.34,5.4,7,0,3,7.6,9,5.8,5.4,16.1,5,7.5,3,31.97,68.34,44.1,Moderate
STU0437,18,Female,3,Design,79.4,7.05,3.7,3,2,1,7.2,10,6.7,7.9,11.5,6,11.1,1,22.99,69.59,26.66,Low
STU0438,22,Male,1,Computer Science,94.7,7.95,3.7,1,0,2,7.9,9,7.8,6.9,17.4,7,13.7,2,10.72,74.75,12.49,Low
STU0439,21,Male,1,Computer Science,71.7,7.09,5.3,3,1,5,7.6,8,8.6,4.0,12.3,5,6.6,2,35.87,57.17,53.52,Moderate
STU0440,19,Male,2,Commerce,81.1,8.31,3.8,2,3,3,6.8,9,5.9,6.3,8.6,5,9.2,2,27.58,63.0,34.0,Moderate
STU0441,19,Female,1,Computer Science,93.0,7.45,4.0,5,1,4,7.3,9,7.9,6.3,17.6,4,9.2,2,32.86,65.37,33.52,Moderate
STU0442,26,Male,1,Computer Science,86.2,8.1,6.4,6,5,6,6.7,4,10.2,4.4,8.9,2,7.1,1,56.36,39.91,56.67,Moderate
STU0443,20,Female,3,Computer Science,81.8,7.59,5.0,5,1,4,7.3,8,7.3,5.6,10.1,4,5.9,2,35.33,57.4,30.64,Moderate
STU0444,20,Other,1,Engineering,83.9,7.9,5.8,3,2,6,6.5,9,8.8,4.5,10.5,4,6.8,2,39.24,54.2,47.7,Moderate
STU0445,22,Other,3,Medicine,92.0,8.15,4.8,4,3,2,8.0,10,6.0,4.5,12.8,6,9.3,1,29.08,67.03,37.82,Moderate
STU0446,24,Male,3,Computer Science,82.5,7.58,8.3,10,2,8,3.5,2,12.1,2.1,10.3,2,3.7,0,68.2,18.55,72.84,High
STU0447,26,Male,4,Arts,73.0,6.65,6.1,6,0,6,5.6,5,6.4,5.1,7.0,4,3.9,1,45.72,43.28,56.46,Moderate
STU0448,21,Male,2,Commerce,70.7,7.96,5.3,5,1,3,7.8,9,3.0,5.6,17.6,5,3.6,1,33.48,67.26,17.26,Low
STU0449,20,Male,1,Engineering,88.0,8.68,5.7,5,2,5,7.0,7,7.3,3.7,14.7,5,9.4,1,39.39,56.24,39.59,Moderate
STU0450,19,Female,3,Engineering,67.1,8.03,9.2,9,3,8,3.7,4,10.1,2.6,7.2,3,4.6,1,70.99,27.48,67.1,High
STU0451,22,Female,4,Medicine,73.6,8.04,6.6,6,1,5,7.4,8,5.8,7.2,11.7,6,4.6,2,43.39,64.25,41.0,Moderate
STU0452,21,Male,4,Commerce,82.5,7.77,4.4,3,0,2,8.1,7,6.8,6.6,12.3,6,8.8,2,19.19,65.63,17.6,Low
STU0453,20,Male,2,Computer Science,72.2,7.31,6.9,6,1,6,5.2,5,12.5,4.6,7.9,4,7.0,0,48.42,35.2,43.9,Moderate
STU0454,23,Female,2,Computer Science,69.9,6.79,6.8,9,2,8,6.6,4,10.9,1.0,6.1,3,4.2,2,67.59,33.3,64.97,High
STU0455,19,Male,4,Business,81.9,7.29,5.5,6,0,6,7.0,7,6.5,4.6,8.3,3,3.6,1,42.67,48.95,46.26,Moderate
STU0456,20,Female,1,Engineering,75.3,7.62,8.4,10,4,9,6.3,4,7.7,5.2,6.7,1,2.9,1,78.75,37.7,79.55,High
STU0457,18,Male,3,Engineering,80.2,8.08,7.3,8,3,6,5.4,6,9.3,1.9,8.2,4,4.2,1,57.69,37.03,64.33,High
STU0458,20,Male,2,Business,67.6,7.48,5.6,6,0,6,6.4,6,7.6,3.6,12.5,4,6.8,2,44.82,49.95,52.74,Moderate
STU0459,18,Male,1,Commerce,65.8,6.95,5.1,4,5,3,6.0,7,7.7,5.1,8.7,5,5.0,1,45.03,49.09,33.55,Moderate
STU0460,19,Male,2,Engineering,79.0,6.19,2.9,3,1,3,7.6,10,4.9,6.2,15.8,8,10.4,3,27.49,77.78,33.01,Moderate
STU0461,19,Female,1,Commerce,83.1,7.71,6.4,6,3,8,5.2,5,8.5,1.5,9.2,2,6.4,1,58.19,34.58,69.13,High
STU0462,21,Female,3,Computer Science,82.0,7.79,6.5,8,5,5,7.0,6,7.5,3.4,12.0,5,6.1,2,59.88,52.01,57.58,Moderate
STU0463,21,Male,4,Design,84.2,9.38,6.0,6,3,5,6.8,7,7.8,6.8,12.5,4,11.1,2,44.89,60.19,22.41,Low
STU0464,21,Male,1,Medicine,75.7,6.21,6.5,7,2,5,7.0,6,7.1,6.6,10.0,5,1.7,2,51.78,53.34,49.99,Moderate
STU0465,25,Female,4,Design,75.2,8.89,8.4,9,1,8,5.3,3,9.7,2.4,6.9,2,4.9,1,61.54,29.35,61.64,High
STU0466,20,Male,1,Arts,86.8,7.41,4.4,2,1,3,8.4,10,6.3,5.5,12.0,7,7.1,2,22.63,70.38,23.37,Low
STU0467,19,Female,3,Arts,79.7,8.66,4.3,5,0,5,6.5,7,6.0,6.8,6.4,4,7.6,2,33.64,56.03,33.04,Moderate
STU0468,22,Male,1,Business,80.0,8.51,5.1,7,3,6,6.6,5,6.2,3.7,10.9,3,4.8,1,52.4,45.57,56.07,Moderate
STU0469,19,Male,4,Medicine,88.2,7.41,5.1,5,1,2,6.7,8,6.3,6.3,8.3,6,9.9,2,27.98,62.16,23.94,Low
STU0470,25,Female,3,Engineering,82.4,7.24,5.2,3,3,4,7.4,7,4.8,5.6,11.0,5,10.7,2,36.42,63.8,37.09,Moderate
STU0471,18,Female,3,Medicine,76.8,8.44,7.3,9,3,6,5.9,5,8.4,5.7,10.5,2,6.1,1,60.44,43.45,68.22,High
STU0472,25,Male,4,Commerce,74.1,8.47,7.5,5,5,6,5.2,5,8.5,4.5,6.3,4,5.2,1,55.89,39.33,54.28,Moderate
STU0473,18,Male,3,Business,66.0,6.61,5.8,6,2,8,7.8,6,9.5,3.3,12.9,4,8.2,1,59.37,50.77,51.23,Moderate
STU0474,23,Male,4,Computer Science,77.4,6.48,5.9,5,0,4,7.4,8,8.9,6.0,13.7,5,11.0,2,35.66,62.89,26.93,Low
STU0475,20,Male,3,Business,82.6,7.24,5.2,3,4,5,6.7,6,7.6,3.0,12.5,5,4.5,1,42.72,47.96,53.44,Moderate
STU0476,27,Male,4,Design,71.3,6.28,5.2,4,1,5,6.6,6,8.9,2.8,9.9,5,6.8,1,39.98,46.1,39.9,Moderate
STU0477,18,Other,2,Arts,85.3,7.96,4.0,3,2,3,8.0,10,4.9,5.8,15.0,6,7.2,2,27.41,71.62,22.86,Low
STU0478,21,Male,1,Business,77.1,6.5,4.0,2,1,3,7.5,9,7.3,5.5,10.5,6,12.1,2,25.43,66.32,35.16,Moderate
STU0479,25,Female,2,Engineering,70.7,8.31,9.9,10,4,8,5.9,5,9.3,1.3,6.3,4,6.7,0,76.28,34.94,73.91,High
STU0480,20,Female,1,Computer Science,75.0,7.7,7.9,7,5,9,5.7,5,8.5,3.9,8.2,3,3.3,1,72.92,38.29,54.84,Moderate
STU0481,21,Female,3,Computer Science,82.4,8.72,6.2,4,0,2,7.2,7,8.5,6.6,14.4,7,9.3,1,21.9,62.06,33.97,Moderate
STU0482,21,Male,2,Engineering,88.6,7.78,4.6,4,5,4,7.4,8,8.3,4.2,13.8,5,8.6,2,42.77,59.33,39.75,Moderate
STU0483,20,Female,3,Commerce,86.1,6.97,6.5,6,3,3,7.4,8,8.0,5.9,16.1,4,6.0,1,42.34,58.73,41.01,Moderate
STU0484,21,Male,1,Design,74.4,7.63,6.4,7,1,5,5.9,4,9.7,3.6,14.1,4,8.2,1,46.55,42.83,62.79,High
STU0485,21,Male,1,Business,84.8,6.9,5.0,5,2,5,7.2,8,7.4,4.5,13.2,5,7.2,1,42.31,57.35,48.89,Moderate
STU0486,23,Male,2,Commerce,75.3,7.57,8.4,7,2,9,3.7,3,7.3,2.1,4.0,3,4.7,0,64.5,25.1,78.83,High
STU0487,18,Female,4,Computer Science,73.3,7.14,6.5,4,1,3,7.2,6,8.8,6.8,9.8,7,10.2,2,32.63,60.32,28.94,Low
STU0488,19,Female,2,Computer Science,85.7,7.98,7.2,9,4,5,4.5,6,10.0,2.1,7.6,2,5.5,1,59.31,32.02,74.7,High
STU0489,24,Female,2,Computer Science,80.0,6.83,6.5,6,1,6,6.7,8,8.3,4.3,4.1,4,3.5,1,47.59,46.32,44.71,Moderate
STU0490,23,Female,3,Engineering,80.7,7.25,6.7,5,3,4,7.9,7,5.4,6.8,13.9,4,8.7,2,43.49,65.21,33.74,Moderate
STU0491,20,Female,3,Medicine,77.1,8.55,10.8,9,5,10,6.5,5,8.1,2.1,9.2,2,6.8,0,82.46,38.26,71.38,High
STU0492,21,Male,2,Computer Science,89.5,7.32,5.1,7,0,6,6.5,7,10.4,4.0,11.0,2,6.9,1,43.8,44.42,53.77,Moderate
STU0493,19,Male,2,Engineering,73.9,6.87,6.3,4,2,3,7.2,8,7.7,4.4,13.6,5,8.7,2,35.82,59.72,47.46,Moderate
STU0494,19,Male,1,Computer Science,74.0,6.18,7.6,7,3,8,5.3,4,8.8,4.5,10.1,2,4.8,1,66.03,36.74,64.28,High
STU0495,20,Male,4,Commerce,92.4,7.74,6.5,6,0,5,6.9,7,6.1,0.9,12.8,5,6.7,1,37.67,50.39,56.75,Moderate
STU0496,20,Female,1,Medicine,67.3,8.31,12.0,9,4,8,4.4,4,10.3,3.5,5.6,1,4.1,1,75.82,26.97,89.92,Very High
STU0497,21,Male,2,Medicine,86.0,8.07,5.5,3,1,3,7.9,8,5.6,3.4,8.5,5,11.2,1,25.36,60.09,23.81,Low
STU0498,18,Male,1,Engineering,89.8,7.95,7.1,6,2,6,6.8,7,7.1,4.8,11.1,4,6.6,1,47.59,52.64,57.61,Moderate
STU0499,25,Female,1,Arts,98.5,7.52,3.4,4,1,3,8.6,9,5.0,6.2,10.4,4,6.5,1,25.22,65.22,30.95,Moderate
STU0500,26,Male,4,Computer Science,64.9,8.31,7.4,5,0,6,6.1,6,8.8,5.8,8.1,5,7.2,2,42.61,50.32,53.79,Moderate
STU0501,21,Female,1,Medicine,99.7,8.12,3.8,1,1,3,9.3,9,3.6,5.6,14.2,5,10.6,3,16.02,77.15,11.42,Low
STU0502,20,Male,1,Design,86.9,7.14,4.8,3,2,4,7.5,10,7.8,6.6,12.6,5,7.1,2,32.51,65.53,42.75,Moderate
STU0503,20,Other,2,Medicine,80.8,7.26,6.4,4,3,3,7.4,8,5.0,5.2,16.7,5,11.0,2,37.1,67.69,30.64,Moderate
STU0504,22,Female,1,Arts,80.0,7.82,4.9,8,2,5,5.9,6,7.1,7.5,7.8,4,4.0,2,49.83,50.73,57.86,Moderate
STU0505,21,Male,1,Engineering,91.5,7.95,5.1,7,0,4,6.2,7,8.9,5.7,11.3,4,5.6,1,35.75,49.63,42.73,Moderate
STU0506,19,Male,4,Medicine,72.2,8.4,9.9,7,5,5,6.9,8,9.1,2.9,10.4,4,6.9,2,60.55,50.95,53.84,Moderate
STU0507,23,Other,3,Computer Science,78.3,8.27,6.5,5,2,6,8.5,7,13.1,6.8,7.9,4,5.1,2,45.69,52.64,46.52,Moderate
STU0508,22,Female,4,Commerce,69.7,7.47,7.9,7,3,6,7.8,5,8.7,5.7,7.7,3,5.1,2,58.18,49.38,60.01,High
STU0509,24,Male,4,Engineering,82.1,6.8,5.8,6,1,2,8.7,10,3.6,5.4,15.8,5,6.7,2,33.37,73.34,27.78,Low
STU0510,21,Female,3,Computer Science,80.9,6.93,3.3,1,0,1,7.9,10,7.4,6.5,17.7,6,7.6,3,11.05,72.78,23.66,Low
STU0511,21,Female,1,Medicine,86.8,8.18,7.4,5,2,5,7.5,7,7.5,2.6,13.3,5,7.7,2,41.84,55.62,43.16,Moderate
STU0512,20,Female,4,Medicine,69.9,6.89,8.7,8,2,6,6.9,7,8.5,4.5,10.2,4,9.8,0,59.56,50.87,45.25,Moderate
STU0513,24,Other,4,Computer Science,81.6,7.94,5.6,5,2,4,7.0,10,6.9,5.6,7.8,4,9.6,2,38.28,61.65,40.74,Moderate
STU0514,22,Male,4,Commerce,66.7,6.75,6.5,5,1,6,6.9,8,7.1,6.0,8.3,4,9.6,2,47.16,58.65,47.38,Moderate
STU0515,18,Male,2,Commerce,82.8,6.69,5.4,5,3,3,6.0,7,6.3,4.4,9.9,4,5.6,2,39.66,51.07,33.67,Moderate
STU0516,18,Male,1,Computer Science,89.0,8.29,6.4,3,2,4,8.8,9,8.0,5.5,9.0,6,9.0,2,31.57,66.41,30.14,Moderate
STU0517,20,Female,4,Medicine,84.2,8.44,7.9,8,1,6,7.0,8,5.5,5.2,10.9,5,6.0,3,50.93,61.4,50.09,Moderate
STU0518,22,Female,3,Design,82.6,7.29,4.5,4,0,6,6.5,6,5.7,5.2,11.8,6,7.5,2,36.17,57.44,40.37,Moderate
STU0519,26,Female,4,Medicine,67.6,8.12,9.0,9,2,6,5.4,7,6.3,5.5,9.9,3,10.4,2,60.92,52.96,57.09,Moderate
STU0520,19,Female,1,Engineering,75.5,7.27,6.2,5,1,2,7.5,7,6.1,5.8,11.1,7,9.6,1,31.24,63.04,31.03,Moderate
STU0521,21,Female,1,Engineering,68.1,7.12,7.8,10,4,7,5.9,6,11.3,3.8,8.2,2,6.0,2,73.62,39.37,62.15,High
STU0522,20,Female,1,Commerce,70.7,6.16,4.8,7,2,7,5.3,4,5.8,5.7,10.2,3,6.5,0,57.95,42.77,60.05,High
STU0523,25,Female,4,Arts,76.5,7.72,5.1,5,1,4,8.2,8,6.2,5.7,13.6,6,5.5,2,36.08,65.37,12.6,Low
STU0524,22,Female,1,Commerce,82.9,7.43,3.2,3,2,2,8.4,9,4.4,7.3,10.0,5,12.6,2,24.69,73.77,29.16,Low
STU0525,22,Female,1,Computer Science,80.4,8.36,4.5,5,2,5,6.0,6,9.6,7.1,13.2,4,10.3,1,40.19,52.77,51.46,Moderate
STU0526,20,Female,4,Medicine,76.6,8.66,9.5,9,2,8,6.4,6,6.8,2.5,8.9,4,7.4,3,65.61,49.49,63.43,High
STU0527,20,Other,1,Business,89.7,6.99,4.1,4,0,4,6.7,10,7.7,6.0,13.7,5,8.6,2,28.48,64.01,32.3,Moderate
STU0528,19,Male,4,Computer Science,74.8,7.67,7.3,5,1,6,7.5,7,9.5,6.7,9.7,5,6.1,1,44.94,54.93,53.35,Moderate
STU0529,18,Other,2,Arts,79.3,7.47,2.8,3,4,4,7.0,7,5.5,4.6,10.0,5,8.5,2,37.56,58.39,47.78,Moderate
STU0530,22,Female,4,Arts,63.2,6.79,6.4,6,1,7,5.7,6,6.5,2.5,5.4,2,3.6,2,53.71,39.38,45.97,Moderate
STU0531,22,Female,3,Computer Science,73.2,6.46,6.7,7,1,6,6.2,5,8.3,3.3,12.4,3,3.6,1,52.28,41.35,52.55,Moderate
STU0532,28,Male,4,Arts,85.3,7.36,5.2,2,1,2,7.4,10,3.8,6.3,14.3,6,9.3,3,20.29,74.64,23.57,Low
STU0533,28,Female,4,Engineering,66.8,7.71,5.4,7,1,5,8.4,7,8.5,4.8,12.1,6,6.5,2,46.85,60.19,44.64,Moderate
STU0534,21,Female,1,Business,84.3,7.56,6.1,4,2,7,6.9,6,7.2,2.4,8.4,4,0.3,2,46.1,43.66,55.26,Moderate
STU0535,21,Female,1,Engineering,92.9,7.87,5.3,5,1,4,7.2,8,5.2,1.6,10.3,5,11.2,2,33.26,58.42,41.3,Moderate
STU0536,24,Female,1,Medicine,69.0,7.68,9.7,10,5,9,3.9,4,9.8,5.7,9.7,2,4.6,2,83.78,34.72,75.76,High
STU0537,22,Female,3,Commerce,83.1,8.89,7.8,8,4,8,5.3,4,9.9,3.6,9.5,2,1.0,1,65.94,31.29,72.14,High
STU0538,19,Female,4,Design,71.1,8.85,9.2,8,4,8,6.9,4,8.5,2.7,5.0,2,5.6,1,69.18,36.94,64.79,High
STU0539,20,Male,2,Computer Science,75.2,6.38,8.2,9,5,7,6.1,4,11.1,1.6,5.4,3,6.6,0,74.22,30.45,82.27,Very High
STU0540,19,Female,3,Commerce,81.6,7.3,6.1,7,4,7,5.5,4,7.8,4.0,9.9,5,8.1,1,61.32,43.56,72.72,High
STU0541,24,Female,1,Computer Science,63.7,7.05,6.6,6,2,7,6.5,4,9.0,4.6,9.3,3,3.9,2,56.36,42.0,66.69,High
STU0542,21,Male,4,Engineering,87.8,7.52,4.2,5,3,2,8.9,10,4.9,7.0,11.4,5,6.7,3,33.11,74.27,34.88,Moderate
STU0543,19,Female,4,Engineering,65.1,8.22,9.5,9,1,8,4.3,3,10.3,3.5,2.1,2,0.0,0,65.26,20.12,75.28,High
STU0544,21,Female,1,Medicine,95.5,8.21,4.0,4,1,1,9.2,10,4.7,8.2,16.3,5,13.0,3,18.4,83.81,16.98,Low
STU0545,21,Male,2,Engineering,80.8,6.81,5.0,4,1,4,8.6,8,9.1,5.1,7.0,5,8.4,2,34.02,59.65,42.23,Moderate
STU0546,20,Female,1,Computer Science,79.3,8.41,6.9,7,5,7,6.0,3,9.3,5.1,9.7,3,4.5,1,63.52,38.24,64.58,High
STU0547,19,Female,3,Computer Science,86.0,6.93,7.3,6,2,6,7.5,5,10.6,5.8,8.2,3,5.1,2,50.09,46.73,59.86,Moderate
STU0548,21,Female,2,Computer Science,78.7,8.12,4.9,6,0,4,6.8,6,7.7,4.2,13.9,4,5.7,1,34.66,50.18,38.98,Moderate
STU0549,20,Female,1,Medicine,76.2,8.82,6.4,6,3,5,7.1,8,6.9,4.9,14.2,5,7.3,2,47.49,60.47,51.94,Moderate
STU0550,22,Male,2,Arts,81.2,6.76,1.5,5,2,3,7.9,8,3.9,6.4,13.0,5,9.2,2,33.56,69.14,35.16,Moderate
STU0551,20,Male,2,Computer Science,98.6,9.07,7.2,6,1,6,6.6,7,10.8,3.5,9.8,5,5.6,1,41.34,45.78,52.15,Moderate
STU0552,22,Female,2,Arts,77.1,6.33,4.9,6,2,8,5.4,6,8.1,2.3,9.4,3,3.9,1,57.24,38.16,57.71,Moderate
STU0553,21,Male,3,Design,78.7,7.71,3.4,6,5,3,8.0,9,7.5,6.4,11.3,5,8.8,2,45.76,65.82,39.61,Moderate
STU0554,21,Male,1,Commerce,81.8,7.83,5.5,3,2,4,7.3,9,7.6,3.3,10.1,4,8.5,2,32.79,57.0,43.93,Moderate
STU0555,22,Female,3,Commerce,65.7,7.32,6.7,9,2,6,4.5,5,11.2,4.9,8.7,3,4.5,1,60.66,34.3,73.82,High
STU0556,20,Male,3,Business,72.0,6.65,4.5,5,2,7,5.6,5,5.9,4.3,10.8,5,1.7,1,51.11,44.34,39.28,Moderate
STU0557,19,Female,2,Computer Science,87.8,7.42,6.5,7,1,7,6.7,7,8.8,2.5,10.2,1,6.5,1,51.42,42.67,54.24,Moderate
STU0558,18,Female,1,Medicine,80.6,8.05,7.9,8,4,7,5.8,5,7.8,4.2,12.7,2,4.9,2,64.51,43.57,49.74,Moderate
STU0559,21,Female,3,Commerce,87.4,6.83,6.2,7,3,8,6.1,5,7.9,4.8,2.8,2,8.7,1,61.55,41.13,58.18,Moderate
STU0560,21,Female,4,Commerce,82.1,7.91,7.6,7,5,7,5.5,5,7.0,3.7,11.1,4,4.9,2,64.47,44.59,65.91,High
STU0561,21,Female,1,Business,72.6,6.84,5.1,6,2,6,5.9,5,7.6,4.6,4.9,2,6.7,2,50.64,41.99,59.87,Moderate
STU0562,19,Male,2,Computer Science,84.3,8.15,4.6,2,1,5,6.7,7,7.0,7.5,8.9,5,8.6,2,28.64,59.67,45.04,Moderate
STU0563,19,Female,1,Commerce,81.1,6.0,6.2,4,4,5,6.8,7,6.6,5.5,10.0,3,5.9,2,48.65,53.66,49.19,Moderate
STU0564,18,Female,3,Medicine,79.7,9.01,7.8,5,1,5,7.6,7,4.6,5.7,8.8,5,8.6,1,38.98,60.59,26.48,Low
STU0565,20,Female,1,Engineering,84.8,7.54,8.3,10,1,10,4.3,3,9.5,4.8,0.4,2,3.5,0,71.55,24.47,74.88,High
STU0566,21,Male,2,Engineering,82.6,7.96,6.4,6,1,6,6.5,6,5.8,5.2,6.4,4,5.0,2,45.19,50.46,55.97,Moderate
STU0567,20,Male,3,Commerce,83.8,7.99,7.6,8,4,7,5.1,3,10.6,5.4,6.8,3,4.1,1,63.83,32.91,73.08,High
STU0568,20,Male,3,Business,63.2,5.97,5.8,8,2,7,3.8,5,8.3,2.8,5.8,3,2.5,1,63.13,29.71,72.16,High
STU0569,23,Male,2,Medicine,86.8,7.65,6.4,6,1,6,6.4,7,6.1,4.9,9.2,5,5.1,1,45.01,52.1,44.41,Moderate
STU0570,20,Male,2,Business,81.5,6.87,2.0,2,0,2,8.4,10,4.3,6.5,17.5,8,10.2,3,16.08,81.92,26.96,Low
STU0571,20,Female,3,Engineering,76.2,7.86,8.8,10,2,6,5.9,6,8.0,2.4,10.0,3,7.0,2,62.53,43.89,60.34,High
STU0572,22,Male,1,Computer Science,87.8,8.55,6.5,5,1,7,6.4,7,11.1,4.2,4.4,3,4.2,0,43.98,38.11,42.84,Moderate
STU0573,20,Male,1,Computer Science,80.0,8.36,3.9,3,0,3,7.2,7,9.1,5.0,18.5,6,10.0,2,21.54,61.9,25.73,Low
STU0574,21,Other,4,Computer Science,77.8,8.01,7.6,7,1,6,5.3,6,8.4,6.1,6.1,3,5.9,1,49.68,42.92,56.37,Moderate
STU0575,22,Male,1,Engineering,77.2,7.38,9.2,10,4,8,4.5,4,9.4,2.9,8.0,2,5.1,1,76.17,30.51,64.62,High
STU0576,24,Female,3,Engineering,78.5,6.68,4.3,6,5,5,6.8,8,8.6,5.0,13.2,6,9.8,2,54.92,60.22,43.17,Moderate
STU0577,19,Female,4,Commerce,83.2,8.43,5.4,4,1,2,9.1,10,4.7,8.2,11.6,6,9.3,1,24.58,76.63,17.1,Low
STU0578,23,Female,2,Design,73.1,7.2,4.7,6,1,6,6.0,8,7.6,0.0,8.3,3,4.1,1,46.62,39.92,56.12,Moderate
STU0579,20,Male,2,Computer Science,99.6,7.04,4.4,6,1,4,6.9,8,7.5,7.9,12.3,4,8.1,2,35.56,62.04,31.81,Moderate
STU0580,19,Male,3,Computer Science,79.3,7.72,8.8,9,5,8,4.3,3,12.5,2.5,5.6,1,1.9,1,75.14,19.51,82.58,Very High
STU0581,20,Female,4,Engineering,70.0,7.8,7.9,7,2,7,5.7,7,6.9,4.6,12.8,4,6.2,1,57.92,50.01,55.05,Moderate
STU0582,26,Male,4,Medicine,77.5,8.67,9.4,7,2,7,6.1,6,7.6,5.2,2.7,4,5.1,2,56.47,45.46,39.79,Moderate
STU0583,20,Female,3,Computer Science,85.2,7.38,5.7,4,0,3,7.3,9,8.3,6.2,12.6,5,6.7,2,26.58,61.85,32.0,Moderate
STU0584,20,Male,1,Computer Science,72.5,7.67,5.9,6,5,7,6.2,6,7.0,1.5,7.4,4,9.0,1,62.27,44.17,51.96,Moderate
STU0585,21,Female,3,Arts,83.5,7.67,3.2,3,1,4,7.5,8,5.6,7.4,12.4,4,8.7,2,27.86,65.65,35.29,Moderate
STU0586,19,Female,2,Design,84.8,7.35,3.7,4,2,2,6.9,8,5.6,6.8,14.3,6,7.3,2,27.7,65.55,27.66,Low
STU0587,18,Female,2,Computer Science,83.3,7.78,7.5,8,1,8,5.7,4,11.1,1.9,7.9,3,3.6,1,58.51,30.68,71.08,High
STU0588,19,Male,1,Engineering,90.6,7.87,5.2,5,0,3,7.1,9,6.7,5.6,9.0,5,4.5,3,27.23,60.62,42.69,Moderate
STU0589,19,Female,1,Engineering,82.7,7.77,6.7,7,3,7,5.2,5,9.9,4.5,13.3,4,6.4,1,57.85,42.02,52.59,Moderate
STU0590,19,Female,4,Design,74.7,8.48,7.6,6,2,7,6.2,5,9.9,3.6,7.4,5,2.3,1,52.97,39.09,64.2,High
STU0591,19,Male,2,Medicine,80.9,7.84,5.0,5,2,2,6.1,8,6.0,4.3,9.9,4,10.6,2,31.39,56.55,31.03,Moderate
STU0592,21,Female,2,Computer Science,93.4,7.56,3.0,4,2,4,6.9,8,7.9,5.8,14.2,6,9.8,2,32.0,63.01,33.78,Moderate
STU0593,19,Male,2,Design,83.9,7.86,3.2,4,0,1,7.9,10,7.0,5.2,14.7,7,10.7,2,17.25,71.44,21.41,Low
STU0594,20,Male,4,Engineering,81.9,7.3,4.8,3,0,2,6.9,7,7.4,7.2,10.1,6,8.0,2,20.41,60.77,26.05,Low
STU0595,23,Female,3,Engineering,79.9,7.88,8.7,10,4,8,5.6,3,9.0,1.8,0.0,1,4.4,0,74.47,23.41,78.26,High
STU0596,20,Male,2,Engineering,93.3,8.93,4.9,3,2,3,7.4,9,4.0,4.3,15.5,5,8.0,2,25.21,66.56,38.34,Moderate
STU0597,21,Female,1,Medicine,89.5,8.08,3.6,3,0,2,8.4,10,2.4,7.4,12.9,5,13.2,2,16.84,79.75,22.03,Low
STU0598,19,Male,1,Engineering,73.6,8.83,10.0,7,4,8,5.7,3,10.0,0.6,7.0,4,0.5,1,66.68,27.06,69.25,High
STU0599,19,Female,4,Engineering,66.4,7.46,6.8,5,5,6,7.0,7,8.2,3.4,5.1,6,9.6,1,58.28,51.34,43.34,Moderate
STU0600,18,Male,3,Engineering,76.5,7.46,6.9,8,2,6,5.3,5,8.7,3.2,4.8,3,5.1,0,56.01,33.7,42.34,Moderate
STU0601,19,Female,3,Computer Science,81.7,7.73,3.3,2,1,2,7.3,9,5.6,6.5,14.3,6,13.8,2,18.69,72.24,20.87,Low
STU0602,19,Male,3,Design,65.0,6.82,5.7,7,2,5,6.6,5,8.8,4.3,10.0,5,4.5,1,51.88,45.32,40.97,Moderate
STU0603,19,Female,2,Computer Science,81.7,8.16,8.3,9,5,9,4.4,3,9.4,0.5,7.5,1,4.3,1,76.92,22.92,68.54,High
STU0604,19,Female,4,Computer Science,77.3,7.74,6.7,4,2,4,7.8,8,7.6,6.0,7.5,6,10.5,2,37.47,63.35,38.77,Moderate
STU0605,19,Female,2,Commerce,89.9,6.52,3.1,4,1,1,7.2,9,4.1,4.9,13.2,5,6.9,2,21.4,64.89,19.95,Low
STU0606,20,Female,1,Design,93.0,7.6,6.0,4,2,4,5.7,6,8.7,5.5,7.6,3,6.4,2,34.5,45.56,39.39,Moderate
STU0607,19,Male,1,Design,84.1,7.81,5.2,3,3,4,6.6,7,8.2,4.7,10.9,7,8.0,3,35.19,58.56,40.18,Moderate
STU0608,20,Female,3,Medicine,78.4,8.77,9.1,10,5,7,4.1,5,9.1,3.7,9.0,3,2.4,0,73.23,30.86,73.13,High
STU0609,20,Male,4,Computer Science,76.4,7.01,9.3,9,5,7,5.1,5,10.4,3.1,9.0,3,4.2,2,73.89,35.85,66.15,High
STU0610,21,Other,2,Design,77.4,6.42,6.2,5,4,4,6.8,7,7.6,3.7,7.9,3,5.2,2,48.01,48.29,38.37,Moderate
STU0611,18,Male,4,Commerce,61.8,6.81,6.6,10,0,8,4.3,4,9.1,2.4,8.8,2,6.7,1,65.52,31.0,64.15,High
STU0612,22,Female,3,Engineering,63.2,7.15,8.6,9,5,8,4.8,5,9.2,2.2,6.4,2,2.7,0,78.61,28.15,76.27,High
STU0613,21,Female,1,Business,89.7,7.23,5.1,2,0,3,7.3,9,7.9,6.7,16.5,5,4.7,2,20.03,63.67,28.4,Low
STU0614,19,Male,1,Computer Science,74.2,7.03,5.2,4,1,4,6.4,7,9.0,5.0,10.0,6,6.6,2,34.92,53.22,48.56,Moderate
STU0615,22,Female,1,Arts,100.0,7.86,4.0,5,2,2,7.3,7,5.3,7.8,15.8,6,11.3,3,27.34,71.96,23.81,Low
STU0616,23,Female,3,Business,71.6,6.83,7.8,6,0,6,5.1,6,5.4,5.3,9.6,4,4.8,1,47.07,46.87,39.82,Moderate
STU0617,18,Male,1,Commerce,80.7,8.18,5.7,6,3,6,6.2,6,7.3,5.0,9.3,4,5.8,2,50.56,49.56,48.12,Moderate
STU0618,19,Male,2,Arts,84.4,7.9,5.2,4,2,5,5.6,6,5.5,5.4,8.7,6,4.3,1,38.1,50.05,41.25,Moderate
STU0619,22,Male,2,Design,91.1,6.82,5.1,4,1,4,8.6,8,5.1,2.3,11.3,3,10.3,1,32.37,59.32,37.38,Moderate
STU0620,21,Female,3,Computer Science,79.1,7.09,4.9,6,0,4,6.5,7,8.2,6.4,10.5,5,2.5,1,36.31,51.13,52.63,Moderate
STU0621,19,Male,1,Medicine,69.5,6.73,5.2,3,1,2,7.2,10,5.8,7.2,16.5,5,7.5,2,26.76,70.09,20.11,Low
STU0622,19,Female,2,Computer Science,87.1,8.04,4.9,5,2,5,6.5,7,7.2,3.6,16.2,5,5.0,2,39.94,54.26,45.36,Moderate
STU0623,20,Female,2,Engineering,77.0,7.22,4.9,3,1,4,6.6,10,8.4,4.6,13.7,6,8.1,2,31.11,61.73,37.83,Moderate
STU0624,20,Male,3,Design,81.4,7.42,6.7,5,4,5,6.9,7,6.7,7.1,8.3,6,7.8,1,49.43,58.73,43.68,Moderate
STU0625,21,Female,4,Engineering,80.3,8.35,5.8,3,1,3,7.2,7,7.8,5.4,10.8,6,7.2,1,26.09,56.62,35.2,Moderate
STU0626,20,Female,1,Engineering,68.8,7.42,7.0,9,5,8,4.5,5,8.5,2.9,2.6,1,2.9,0,75.89,26.13,74.55,High
STU0627,20,Female,4,Commerce,90.5,8.33,5.1,3,0,3,8.1,10,4.5,3.5,19.9,6,6.8,3,20.84,72.77,24.3,Low
STU0628,21,Male,3,Business,83.6,7.93,5.7,4,2,4,7.4,8,7.7,6.3,7.4,5,7.0,2,35.27,58.91,54.05,Moderate
STU0629,18,Male,3,Computer Science,82.4,8.12,8.5,7,2,6,5.7,5,8.7,5.1,8.9,3,5.2,2,52.48,43.15,58.54,Moderate
STU0630,19,Male,3,Engineering,90.3,8.32,8.0,8,1,7,6.2,6,9.4,5.2,5.7,4,5.4,1,53.53,43.7,47.63,Moderate
STU0631,21,Male,2,Computer Science,80.0,8.22,6.2,7,0,4,6.2,7,8.9,5.6,6.9,5,3.3,1,38.13,46.99,46.15,Moderate
STU0632,23,Female,1,Commerce,64.5,5.56,4.0,6,3,6,5.2,5,9.7,3.2,3.6,4,7.0,2,56.21,37.51,78.34,High
STU0633,20,Female,3,Computer Science,82.2,7.64,6.0,6,2,4,5.2,6,8.0,3.4,10.9,4,7.4,1,41.79,43.69,47.77,Moderate
STU0634,20,Female,2,Commerce,82.4,7.29,3.8,4,1,4,8.3,8,6.3,5.4,12.9,7,8.8,2,31.95,68.19,8.53,Low
STU0635,19,Female,3,Engineering,87.4,6.87,5.8,7,2,5,7.6,7,7.4,3.2,10.2,5,7.8,1,48.15,53.77,41.88,Moderate
STU0636,20,Female,2,Computer Science,97.1,9.24,6.2,3,2,2,7.2,9,9.8,8.3,16.3,5,11.2,2,21.81,67.83,25.39,Low
STU0637,20,Male,4,Arts,78.4,7.43,5.7,7,2,8,5.5,4,6.4,3.3,8.6,4,3.8,0,58.63,37.7,59.13,Moderate
STU0638,19,Female,3,Computer Science,74.7,7.39,6.1,5,3,4,7.5,8,6.9,5.8,8.9,4,6.2,1,43.76,56.67,54.97,Moderate
STU0639,19,Female,1,Engineering,81.8,7.06,2.8,2,1,2,8.0,10,6.4,5.3,14.0,5,9.1,3,19.38,70.32,28.09,Low
STU0640,20,Female,2,Computer Science,89.3,7.96,5.6,4,1,3,7.1,7,7.5,5.9,14.2,6,7.9,2,27.85,61.26,29.31,Low
STU0641,18,Female,3,Medicine,74.0,7.82,10.3,9,0,9,5.0,4,11.9,0.9,7.1,3,3.8,0,65.44,24.32,73.65,High
STU0642,20,Male,4,Medicine,75.0,6.95,8.7,7,2,7,7.0,5,6.2,8.1,13.0,3,7.1,2,59.17,57.56,48.82,Moderate
STU0643,19,Female,2,Engineering,79.8,8.57,9.5,9,1,7,3.8,5,10.6,1.8,9.1,2,7.4,1,58.89,29.23,62.99,High
STU0644,20,Female,4,Computer Science,87.4,7.38,3.9,4,0,3,6.1,9,4.9,5.3,14.9,5,11.3,3,24.72,66.87,39.57,Moderate
STU0645,19,Male,1,Engineering,74.2,6.89,4.1,4,3,4,6.4,7,7.6,4.9,8.8,5,7.0,2,40.23,53.1,56.01,Moderate
STU0646,23,Female,2,Commerce,82.3,6.73,2.8,3,0,2,8.1,10,4.7,5.7,13.3,5,8.6,2,19.62,70.82,28.47,Low
STU0647,21,Female,4,Design,82.0,7.61,7.1,6,2,4,8.3,9,4.8,5.4,13.5,3,4.4,1,42.79,62.29,35.7,Moderate
STU0648,21,Female,4,Medicine,80.3,7.98,8.0,10,4,6,5.9,5,8.7,4.8,2.1,2,3.8,1,66.98,36.02,77.93,High
STU0649,22,Male,3,Commerce,88.4,7.73,6.9,4,2,5,8.4,6,7.8,4.9,11.8,5,5.7,1,39.13,55.88,45.08,Moderate
STU0650,20,Other,4,Computer Science,84.3,7.3,3.1,5,1,2,8.2,10,7.7,8.5,13.6,5,10.6,2,27.14,73.33,28.42,Low
STU0651,19,Male,1,Engineering,83.5,6.99,5.8,7,5,4,6.1,7,7.2,6.0,6.6,4,8.0,2,54.27,52.67,45.64,Moderate
STU0652,20,Female,4,Computer Science,81.6,8.02,5.9,4,3,4,8.6,9,7.9,7.0,10.6,7,8.6,2,38.62,69.99,33.19,Moderate
STU0653,21,Male,2,Engineering,94.5,6.18,4.0,6,3,5,7.9,9,7.2,5.9,10.1,6,5.0,1,46.84,61.58,59.8,Moderate
STU0654,21,Female,1,Computer Science,79.2,8.31,6.0,5,0,3,6.6,8,6.8,4.5,10.8,5,6.6,1,29.06,54.73,22.8,Low
STU0655,20,Female,1,Medicine,98.0,8.48,5.1,4,1,4,9.0,9,3.5,5.2,9.6,5,10.0,2,28.45,71.44,49.7,Moderate
STU0656,19,Female,2,Commerce,71.3,7.79,6.6,8,5,7,3.7,4,9.2,2.1,2.7,1,2.1,0,68.41,19.69,86.94,Very High
STU0657,19,Female,1,Arts,89.5,7.82,2.7,3,0,4,7.7,8,6.1,6.0,7.9,5,9.1,2,23.19,62.81,41.24,Moderate
STU0658,20,Male,2,Computer Science,69.0,6.58,8.1,10,5,8,4.4,4,10.6,1.8,8.0,2,3.0,1,80.95,25.79,80.72,Very High
STU0659,21,Male,1,Commerce,80.4,6.43,5.1,5,1,4,6.5,7,6.9,2.7,10.6,4,4.4,2,37.58,48.81,40.85,Moderate
STU0660,21,Male,2,Design,71.4,8.32,7.3,7,1,6,4.9,5,9.6,5.0,5.9,3,6.8,0,49.98,35.91,53.24,Moderate
STU0661,20,Male,3,Commerce,67.3,6.67,3.5,3,2,3,8.1,10,7.7,4.3,11.1,5,7.9,1,32.14,62.02,25.45,Low
STU0662,26,Male,2,Engineering,74.4,7.71,4.2,2,1,2,7.8,9,4.3,8.9,16.3,5,11.1,2,20.69,76.72,19.83,Low
STU0663,21,Female,2,Engineering,79.3,7.33,8.5,6,5,6,6.8,6,6.2,5.1,6.7,4,7.9,2,60.54,52.79,52.32,Moderate
STU0664,19,Female,3,Computer Science,93.5,6.99,6.2,8,0,6,8.0,7,7.1,3.4,10.1,5,2.9,2,47.38,53.91,50.49,Moderate
STU0665,19,Male,4,Engineering,48.3,6.76,10.3,10,4,10,4.4,7,10.2,0.0,6.0,0,1.7,0,89.6,22.52,77.2,High
STU0666,19,Female,3,Design,72.4,7.4,5.6,6,3,5,4.9,7,7.9,1.9,7.6,3,5.9,2,49.82,40.13,47.55,Moderate
STU0667,19,Male,2,Computer Science,83.3,6.72,4.3,5,1,5,8.4,8,8.2,5.5,9.7,5,6.5,1,39.28,59.14,30.55,Moderate
STU0668,19,Female,3,Computer Science,87.4,7.98,5.0,5,2,4,7.7,6,12.4,5.9,11.7,4,11.1,2,36.74,54.04,43.9,Moderate
STU0669,19,Female,1,Commerce,88.2,6.48,3.9,2,4,2,7.4,10,7.3,8.3,11.5,5,9.3,3,29.19,70.95,34.15,Moderate
STU0670,19,Female,1,Design,90.3,7.65,8.1,4,3,8,5.3,4,11.6,3.8,4.0,4,3.4,1,52.95,30.97,70.87,High
STU0671,19,Female,2,Medicine,72.9,8.48,6.4,6,0,5,7.0,6,8.7,3.3,10.4,4,11.6,1,39.61,50.43,38.44,Moderate
STU0672,23,Female,4,Commerce,74.9,6.84,5.9,6,3,5,6.9,8,5.5,6.6,10.3,5,6.3,2,50.59,61.45,42.85,Moderate
STU0673,19,Male,1,Engineering,84.0,7.11,5.9,5,2,3,7.1,9,6.5,4.9,12.9,5,10.3,2,36.18,63.95,29.11,Low
STU0674,20,Female,1,Computer Science,79.7,8.35,7.0,7,0,5,6.3,7,8.4,3.8,12.0,4,4.9,1,41.97,47.52,40.79,Moderate
STU0675,20,Male,1,Engineering,80.0,7.43,9.2,10,5,7,4.3,3,10.5,0.4,6.3,2,0.2,0,75.28,17.47,82.41,Very High
STU0676,26,Female,4,Commerce,77.1,7.99,7.5,8,0,7,6.1,5,9.9,4.8,7.0,3,5.5,2,52.86,41.7,75.6,High
STU0677,19,Female,3,Arts,89.4,6.61,4.0,3,1,5,8.5,9,3.9,8.2,15.8,6,10.5,2,32.64,78.73,22.98,Low
STU0678,20,Female,1,Computer Science,72.0,6.97,6.5,7,2,6,8.1,6,8.5,4.3,8.1,2,4.0,2,54.47,48.25,40.54,Moderate
STU0679,25,Male,3,Medicine,89.1,8.54,7.8,7,1,6,5.9,7,5.9,4.3,8.0,3,3.9,2,47.08,47.77,64.17,High
STU0680,22,Female,2,Engineering,73.3,7.96,8.5,7,3,5,7.4,5,7.0,5.7,12.4,3,5.4,2,53.93,52.75,38.03,Moderate
STU0681,22,Male,3,Medicine,80.4,8.89,10.4,10,0,7,6.2,5,7.0,4.7,12.5,2,5.9,2,58.78,46.95,53.32,Moderate
STU0682,19,Female,1,Computer Science,96.3,7.45,5.8,7,1,7,6.8,6,6.9,4.6,3.8,4,4.9,1,49.37,46.12,51.94,Moderate
STU0683,19,Male,4,Engineering,99.9,8.92,5.1,3,2,3,8.8,10,6.9,7.3,14.3,5,9.7,3,24.29,75.58,31.72,Moderate
STU0684,21,Female,2,Design,72.6,7.79,8.0,6,1,7,5.3,5,10.8,4.0,10.0,4,6.9,1,51.81,39.2,66.71,High
STU0685,23,Male,3,Medicine,100.0,9.07,6.1,5,4,2,7.2,9,7.4,6.9,13.4,3,9.2,2,33.08,63.22,33.07,Moderate
STU0686,21,Male,1,Medicine,77.4,7.65,5.8,4,0,5,7.9,9,6.8,4.4,7.4,4,7.9,2,34.18,59.54,51.73,Moderate
STU0687,21,Male,2,Engineering,78.3,7.34,6.1,7,4,4,6.3,8,6.9,5.6,12.6,7,9.6,2,51.8,62.47,43.01,Moderate
STU0688,19,Female,2,Engineering,76.5,7.72,2.8,6,2,2,8.5,7,4.9,5.1,9.0,4,7.8,1,33.27,60.23,26.54,Low
STU0689,21,Female,3,Engineering,85.8,7.75,4.8,5,5,2,7.1,7,3.4,4.5,12.1,7,7.5,2,39.56,63.83,37.37,Moderate
STU0690,19,Female,1,Business,89.4,7.19,3.5,4,1,5,8.1,9,5.9,3.2,10.1,6,7.6,2,34.03,63.0,33.55,Moderate
STU0691,20,Male,4,Arts,72.2,6.61,6.4,9,3,8,3.1,1,9.7,1.6,6.1,2,2.4,1,70.17,16.46,73.39,High
STU0692,20,Male,1,Engineering,76.4,7.18,7.8,8,2,6,5.8,3,8.7,3.1,7.2,2,3.6,0,57.24,30.6,70.58,High
STU0693,20,Male,3,Engineering,76.2,7.87,8.6,7,3,8,4.6,4,9.8,2.3,6.6,4,3.0,1,63.68,29.83,55.46,Moderate
STU0694,19,Female,4,Business,69.1,7.07,6.9,6,2,8,5.9,4,9.2,1.3,5.8,3,4.9,1,59.01,32.36,67.73,High
STU0695,19,Female,3,Engineering,77.6,8.78,6.1,8,3,5,6.5,7,7.0,3.4,8.6,6,5.3,1,52.63,50.18,52.54,Moderate
STU0696,21,Female,3,Medicine,86.9,7.93,6.9,5,0,3,8.2,9,5.5,5.2,8.2,5,9.4,2,29.16,65.75,23.35,Low
STU0697,19,Other,3,Computer Science,78.2,8.82,7.6,9,3,6,4.7,4,7.4,4.2,2.6,1,2.6,0,59.82,28.06,67.04,High
STU0698,21,Male,2,Design,69.1,8.12,7.9,7,4,8,7.3,5,6.9,2.1,4.1,3,3.3,1,66.87,39.96,74.88,High
STU0699,19,Male,4,Medicine,66.7,7.34,10.3,10,5,8,5.5,5,7.1,3.6,6.2,3,4.6,1,81.9,38.75,76.28,High
STU0700,20,Female,2,Design,69.5,8.21,8.3,10,3,9,4.1,4,11.4,0.7,7.7,2,3.2,0,75.65,20.68,73.19,High
STU0701,20,Male,3,Design,84.5,8.1,6.7,6,1,5,7.0,7,7.2,4.6,12.0,5,5.5,1,41.56,53.76,50.23,Moderate
STU0702,18,Male,3,Computer Science,80.0,6.91,5.2,7,1,4,7.2,9,6.6,3.0,8.8,3,6.1,1,42.48,52.26,35.39,Moderate
STU0703,20,Female,2,Commerce,65.9,6.73,5.0,5,2,6,7.1,7,8.4,5.9,12.3,4,4.2,1,49.08,52.64,51.67,Moderate
STU0704,19,Male,2,Design,86.5,7.39,3.2,3,1,4,7.4,10,6.4,6.7,14.2,6,9.9,2,27.82,70.92,40.84,Moderate
STU0705,18,Male,2,Engineering,79.3,7.35,6.9,8,4,6,6.1,5,10.6,3.9,6.9,3,6.6,1,61.73,38.56,52.14,Moderate
STU0706,26,Male,4,Computer Science,98.7,8.19,5.2,4,0,3,7.9,10,6.5,3.2,11.4,3,6.7,2,22.57,59.7,40.16,Moderate
STU0707,20,Male,4,Computer Science,84.3,7.31,7.8,8,3,9,6.1,4,8.5,3.9,7.8,2,3.4,1,68.71,36.39,58.28,Moderate
STU0708,22,Female,3,Medicine,90.9,8.75,7.9,6,2,5,8.2,8,7.4,5.2,11.7,4,6.9,1,43.41,59.06,41.84,Moderate
STU0709,19,Female,3,Engineering,94.0,7.22,6.4,5,2,4,6.6,8,7.7,5.5,13.6,5,6.6,1,38.08,56.59,29.24,Low
STU0710,21,Other,4,Medicine,100.0,7.64,5.5,7,0,3,7.3,10,7.2,2.3,13.4,6,8.9,2,31.85,62.05,43.58,Moderate
STU0711,21,Female,1,Computer Science,80.0,7.29,7.1,7,3,7,5.8,5,11.1,4.5,5.3,4,2.0,1,59.43,35.41,53.55,Moderate
STU0712,21,Male,1,Business,100.0,6.69,2.5,2,0,4,9.3,9,6.4,6.9,8.7,6,9.1,2,20.38,71.7,22.38,Low
STU0713,20,Male,3,Engineering,87.1,7.98,5.0,4,1,3,7.4,9,5.3,5.9,13.8,5,7.9,2,27.68,66.54,39.96,Moderate
STU0714,20,Male,4,Computer Science,77.5,7.79,5.9,2,2,4,9.3,8,7.2,7.8,9.2,5,7.0,2,31.13,68.06,35.64,Moderate
STU0715,20,Other,4,Medicine,72.0,7.24,7.6,7,4,6,5.4,6,7.9,4.4,9.7,5,7.5,2,60.93,48.26,63.2,High
STU0716,23,Female,2,Medicine,81.5,8.0,7.2,8,1,5,7.6,7,7.3,5.2,12.3,4,7.3,1,48.19,56.36,53.61,Moderate
STU0717,22,Female,1,Computer Science,78.9,7.97,6.0,4,1,4,8.4,7,9.4,7.6,15.3,5,9.3,2,33.23,65.57,36.86,Moderate
STU0718,25,Female,2,Engineering,87.7,7.6,6.2,7,1,6,8.5,5,6.1,2.5,12.8,5,9.7,2,47.55,57.7,59.46,Moderate
STU0719,19,Female,1,Computer Science,76.9,7.63,5.4,7,2,5,6.6,7,7.6,3.4,7.2,4,5.1,1,48.3,46.44,55.13,Moderate
STU0720,21,Female,2,Commerce,83.1,7.71,5.1,5,2,9,6.3,5,7.2,2.6,9.5,2,3.2,1,54.66,38.89,56.74,Moderate
STU0721,24,Female,3,Design,86.9,8.72,8.0,9,2,9,6.7,4,8.5,3.2,5.5,4,2.9,2,65.87,39.73,60.81,High
STU0722,19,Male,1,Medicine,71.0,7.74,10.3,9,4,9,4.6,1,9.7,4.3,6.3,1,1.8,0,78.07,21.58,75.82,High
STU0723,18,Male,4,Commerce,75.3,7.71,3.1,3,0,2,8.1,10,4.3,10.0,15.5,4,13.8,1,19.41,79.38,19.55,Low
STU0724,21,Female,2,Design,86.1,7.46,4.9,8,3,5,6.2,7,9.7,3.0,11.7,5,6.5,1,52.41,46.7,59.87,Moderate
STU0725,21,Female,3,Computer Science,90.8,7.3,3.2,4,2,4,8.9,9,8.3,5.6,12.4,4,11.2,2,33.03,67.17,22.91,Low
STU0726,22,Male,1,Arts,91.6,7.84,2.9,2,0,3,7.8,10,4.5,5.5,16.2,5,7.4,2,16.86,70.54,8.82,Low
STU0727,19,Female,2,Business,89.0,8.17,4.1,4,2,3,7.5,9,5.2,5.7,12.5,5,8.5,2,29.3,66.39,17.89,Low
STU0728,22,Female,1,Computer Science,96.8,7.33,3.2,1,0,3,8.0,10,7.3,5.6,16.2,6,8.2,2,14.32,69.82,15.28,Low
STU0729,19,Female,4,Computer Science,86.4,7.56,5.1,7,0,3,7.7,6,8.9,4.7,15.9,6,6.0,2,33.92,57.48,38.49,Moderate
STU0730,19,Male,4,Computer Science,76.2,8.07,7.6,8,1,5,5.8,5,7.4,5.3,9.6,4,2.6,2,49.29,45.1,62.43,High
STU0731,19,Female,2,Computer Science,86.8,8.99,3.8,4,1,2,7.7,10,9.4,7.4,17.9,5,9.6,2,21.72,69.77,26.05,Low
STU0732,22,Other,1,Design,92.4,7.59,6.5,6,3,7,5.1,5,7.6,1.4,7.6,1,3.9,1,53.59,31.47,63.05,High
STU0733,21,Female,4,Medicine,78.3,8.29,7.2,7,4,3,7.4,8,5.3,5.3,13.3,4,6.3,1,47.8,59.74,48.31,Moderate
STU0734,20,Male,2,Design,94.7,6.8,3.0,2,0,2,9.9,10,5.7,4.8,16.0,6,9.8,2,14.83,76.86,24.54,Low
STU0735,20,Female,1,Design,91.1,7.68,3.4,4,1,3,6.6,9,6.3,6.8,11.7,5,7.2,2,26.18,62.94,41.59,Moderate
STU0736,22,Female,3,Commerce,89.6,7.09,4.4,3,1,4,7.8,10,5.8,7.7,12.2,5,7.3,2,28.81,70.28,25.85,Low
STU0737,20,Male,4,Commerce,75.8,7.76,7.8,9,1,6,6.2,5,8.5,3.7,4.1,3,3.0,2,56.16,38.84,55.66,Moderate
STU0738,22,Male,1,Computer Science,84.2,6.78,8.0,6,4,6,7.1,5,11.8,5.0,2.9,5,5.8,0,57.22,39.99,55.12,Moderate
STU0739,20,Male,1,Engineering,85.9,8.13,6.0,5,0,4,6.8,7,8.0,6.1,14.1,5,3.6,2,31.58,55.96,48.93,Moderate
STU0740,20,Male,4,Commerce,75.4,6.37,7.0,8,1,6,6.7,6,6.4,3.6,8.7,2,8.6,1,55.09,47.32,60.13,High
STU0741,20,Male,1,Computer Science,73.0,6.67,6.8,8,2,8,5.4,2,10.4,4.1,5.5,3,2.8,0,64.49,27.19,69.75,High
STU0742,20,Male,1,Computer Science,84.4,7.24,5.0,7,2,5,6.4,7,7.8,3.8,9.7,4,4.0,1,47.37,46.75,67.0,High
STU0743,21,Male,3,Business,72.9,8.73,5.7,5,2,6,5.8,7,7.4,4.1,10.2,3,4.7,1,45.16,45.42,47.32,Moderate
STU0744,20,Female,4,Commerce,83.9,6.16,6.2,7,2,8,4.1,5,6.8,1.9,6.1,3,3.5,0,60.25,30.1,57.81,Moderate
STU0745,19,Female,2,Engineering,91.9,8.46,4.2,4,0,3,7.3,9,7.6,8.1,10.0,6,9.1,2,22.42,67.05,17.45,Low
STU0746,23,Female,4,Commerce,86.9,7.22,5.0,6,0,1,8.3,9,6.0,9.4,15.4,5,10.4,2,24.87,76.02,28.34,Low
STU0747,20,Male,3,Design,78.5,6.47,4.4,5,3,3,6.7,7,6.5,3.5,7.1,3,4.5,2,39.91,48.11,36.36,Moderate
STU0748,20,Female,1,Engineering,86.2,7.27,5.4,6,2,5,5.7,6,8.4,2.5,8.0,3,6.8,2,44.57,41.88,56.29,Moderate
STU0749,23,Female,4,Computer Science,69.3,7.88,4.1,5,3,2,7.3,9,5.8,4.3,11.3,6,11.4,2,35.51,65.61,32.78,Moderate
STU0750,21,Male,2,Arts,75.9,7.77,5.2,7,1,7,5.7,5,7.2,2.0,4.1,3,4.0,1,51.73,35.36,53.22,Moderate
STU0751,19,Male,2,Engineering,95.3,7.02,4.1,5,2,4,7.4,7,9.1,6.2,10.4,5,9.5,2,36.28,58.64,45.02,Moderate
STU0752,24,Male,3,Computer Science,97.5,7.93,6.9,4,0,3,7.4,8,4.0,5.9,10.6,5,8.4,1,24.62,63.44,26.05,Low
STU0753,21,Female,2,Medicine,83.9,8.63,7.9,7,1,5,7.1,5,7.3,4.4,9.6,2,5.4,1,44.55,45.28,44.1,Moderate
STU0754,20,Male,1,Design,76.0,7.44,4.1,4,1,4,6.9,8,9.0,4.5,12.7,6,5.0,2,33.02,55.85,38.38,Moderate
STU0755,19,Female,1,Computer Science,90.0,7.95,2.4,4,2,3,8.3,10,7.0,8.2,11.8,7,12.6,2,28.08,76.9,21.2,Low
STU0756,22,Female,2,Engineering,84.8,8.32,6.5,8,1,6,6.2,7,7.0,6.6,15.4,6,6.1,1,49.86,58.05,51.9,Moderate
STU0757,21,Female,4,Engineering,92.2,7.99,6.8,6,0,5,8.1,10,4.9,6.2,13.7,5,9.6,2,37.54,72.2,43.28,Moderate
STU0758,20,Female,3,Arts,89.1,8.21,5.5,6,0,6,6.2,7,7.4,4.3,10.8,3,8.1,2,39.94,51.09,61.77,High
STU0759,23,Female,4,Computer Science,89.3,9.68,6.7,6,4,3,6.8,7,7.8,3.8,10.9,5,8.3,3,40.46,55.94,38.96,Moderate
STU0760,22,Male,2,Commerce,83.8,5.64,4.7,8,2,6,6.2,7,6.4,3.2,13.8,6,7.9,2,55.99,55.71,45.3,Moderate
STU0761,19,Female,2,Arts,78.7,6.8,5.0,3,2,5,7.8,9,5.9,4.8,15.2,5,7.5,1,37.94,64.11,26.32,Low
STU0762,20,Male,1,Computer Science,77.5,6.96,6.6,5,0,8,6.8,4,9.7,4.3,10.5,4,6.7,1,48.76,43.65,56.99,Moderate
STU0763,19,Male,1,Arts,74.9,7.0,2.8,1,0,2,7.3,10,4.3,8.9,12.6,7,11.6,2,14.85,77.94,27.9,Low
STU0764,21,Female,2,Arts,74.5,7.46,3.6,5,1,3,6.0,8,6.7,5.1,17.3,4,9.8,2,32.26,59.83,26.68,Low
STU0765,18,Male,4,Business,74.6,6.82,7.3,4,2,6,6.6,6,8.6,5.0,13.3,5,4.7,1,46.62,50.05,37.3,Moderate
STU0766,21,Female,4,Computer Science,67.1,8.16,6.8,8,1,6,5.7,5,8.2,3.7,11.2,4,4.1,1,53.33,41.62,77.52,High
STU0767,21,Male,4,Commerce,89.6,7.96,3.0,4,1,3,7.6,8,6.3,6.8,14.8,6,8.4,2,25.63,67.73,19.17,Low
STU0768,22,Female,1,Design,90.8,7.78,5.2,4,1,4,6.3,4,7.8,4.5,5.3,4,5.9,2,30.9,43.25,38.56,Moderate
STU0769,20,Female,4,Arts,73.8,8.13,5.6,6,2,5,7.3,7,4.9,5.7,9.4,3,7.5,2,45.37,58.12,26.67,Low
STU0770,22,Female,2,Computer Science,83.0,7.28,5.6,8,1,5,5.4,4,10.0,4.4,9.3,2,4.4,0,47.81,33.16,36.83,Moderate
STU0771,19,Male,1,Design,91.5,8.21,3.3,7,3,5,6.7,8,8.9,5.3,10.1,6,6.8,2,46.15,56.49,43.25,Moderate
STU0772,22,Male,4,Engineering,71.6,6.02,7.1,7,2,6,6.6,8,6.5,3.8,9.8,4,8.1,1,56.62,53.27,61.39,High
STU0773,19,Female,3,Computer Science,98.7,8.65,6.9,6,1,5,7.4,8,6.4,6.2,11.1,4,7.0,2,38.44,60.86,38.69,Moderate
STU0774,20,Male,1,Engineering,90.3,7.09,3.9,3,1,2,8.3,9,6.4,5.7,10.6,6,8.7,3,21.61,69.4,10.24,Low
STU0775,22,Male,2,Design,78.9,8.28,7.3,5,3,6,6.1,5,10.4,1.8,8.4,3,2.2,1,49.24,33.46,57.39,Moderate
STU0776,19,Male,2,Medicine,84.7,7.4,3.5,3,1,2,6.3,9,5.1,5.6,11.4,6,6.7,2,21.69,62.43,14.87,Low
STU0777,19,Male,3,Medicine,79.8,7.98,4.8,5,3,2,7.3,9,6.4,6.0,13.5,5,6.3,3,34.18,65.59,26.43,Low
STU0778,21,Male,2,Arts,86.9,7.58,3.8,4,4,6,6.8,9,6.4,3.6,12.5,6,8.0,1,46.38,59.11,44.25,Moderate
STU0779,21,Male,4,Engineering,79.5,7.49,6.2,5,1,4,6.9,7,8.2,4.5,16.5,5,6.7,3,36.88,58.55,37.99,Moderate
STU0780,21,Male,1,Commerce,81.9,7.06,5.0,6,2,8,5.8,4,6.1,4.0,6.2,2,4.7,1,55.31,38.52,60.18,High
STU0781,21,Female,2,Engineering,81.6,10.0,10.5,7,3,8,5.8,7,10.4,2.7,11.0,3,4.8,2,60.82,41.99,67.3,High
STU0782,20,Female,2,Engineering,80.3,7.34,4.6,4,1,4,8.4,9,5.6,6.7,14.6,5,9.4,3,32.88,73.32,29.44,Low
STU0783,19,Female,2,Commerce,68.9,7.77,5.9,8,1,7,5.0,4,8.8,2.6,8.3,4,1.8,1,56.26,32.63,56.01,Moderate
STU0784,20,Male,2,Arts,82.7,8.15,6.1,5,0,6,6.4,6,5.7,3.6,11.6,4,4.9,2,38.83,50.42,48.44,Moderate
STU0785,19,Male,3,Medicine,84.0,7.43,5.5,3,4,2,7.6,8,5.4,4.3,12.5,6,10.9,1,32.42,63.87,21.65,Low
STU0786,23,Female,4,Design,87.8,8.9,5.4,4,0,3,6.9,8,9.6,5.6,11.7,5,8.5,2,23.37,57.39,33.38,Moderate
STU0787,21,Male,4,Computer Science,68.0,8.81,9.4,7,2,8,4.7,6,12.4,3.9,3.4,2,2.7,1,61.15,28.55,75.99,High
STU0788,20,Female,4,Computer Science,68.8,8.45,7.5,5,1,6,7.0,6,10.7,6.3,7.6,3,8.6,2,44.81,49.64,42.37,Moderate
STU0789,20,Female,4,Medicine,82.0,7.85,7.5,6,1,6,6.6,6,8.3,2.9,10.0,3,6.2,3,46.39,47.43,44.93,Moderate
STU0790,24,Other,3,Computer Science,80.5,6.42,5.6,3,1,4,6.7,9,8.1,7.8,16.5,5,8.5,1,32.44,64.25,48.01,Moderate
STU0791,19,Female,4,Engineering,69.3,8.76,9.5,7,3,6,5.8,4,11.1,5.9,6.5,3,3.2,1,57.43,36.0,62.42,High
STU0792,21,Female,2,Medicine,83.2,7.77,2.5,3,0,2,7.8,8,5.3,8.2,16.0,8,9.4,2,17.49,75.32,21.85,Low
STU0793,20,Male,2,Computer Science,85.2,7.64,5.5,5,3,4,7.3,8,8.3,5.0,7.5,5,9.0,2,41.09,57.36,43.91,Moderate
STU0794,21,Male,2,Engineering,88.3,7.99,5.6,4,0,3,6.9,7,10.1,6.4,13.1,4,9.8,2,24.97,56.66,27.15,Low
STU0795,18,Female,2,Medicine,83.0,7.43,5.5,4,2,3,8.2,9,7.1,8.2,12.5,4,6.9,2,32.7,67.64,41.16,Moderate
STU0796,22,Male,2,Commerce,83.1,8.03,5.6,8,5,7,5.9,6,10.0,4.4,7.8,2,6.7,2,65.21,42.03,73.53,High
STU0797,24,Male,4,Arts,86.6,8.97,6.0,5,1,7,5.3,4,8.5,2.2,5.6,3,6.7,1,43.06,33.9,53.31,Moderate
STU0798,21,Female,2,Commerce,79.1,8.13,7.6,8,5,9,4.8,3,8.2,1.2,5.6,1,4.8,1,74.04,25.89,77.14,High
STU0799,21,Female,1,Engineering,81.5,7.31,3.5,3,0,1,7.9,7,6.7,5.4,11.8,4,6.7,3,16.04,60.89,32.17,Moderate
STU0800,23,Male,2,Arts,93.0,8.43,4.0,4,1,6,7.7,6,5.0,5.6,7.7,5,7.8,3,35.12,60.85,44.72,Moderate
STU0801,21,Female,1,Design,85.3,7.7,6.1,6,0,5,5.4,5,7.2,4.9,11.7,4,8.2,2,38.59,48.37,53.72,Moderate
STU0802,19,Male,1,Computer Science,77.7,8.27,6.3,6,1,6,6.1,5,10.0,5.3,12.6,3,3.8,2,45.41,44.01,39.62,Moderate
STU0803,21,Male,1,Computer Science,76.4,7.55,5.9,8,3,6,6.1,7,9.9,1.1,7.7,4,8.8,1,58.04,41.62,63.29,High
STU0804,21,Other,2,Commerce,85.9,8.26,4.5,3,2,5,7.2,8,6.0,6.6,14.6,3,5.8,2,33.89,61.05,47.91,Moderate
STU0805,20,Female,2,Medicine,62.5,7.27,11.1,10,4,8,5.2,3,9.8,2.6,4.9,3,4.1,1,80.38,28.97,80.12,Very High
STU0806,21,Other,4,Design,58.5,7.09,6.2,9,3,8,5.2,6,10.0,4.5,6.9,3,7.7,1,71.49,39.98,77.33,High
STU0807,24,Female,3,Design,64.0,7.29,6.4,6,4,6,6.1,6,8.1,3.0,10.3,3,7.4,1,58.41,44.0,57.16,Moderate
STU0808,23,Female,2,Commerce,75.7,8.61,6.2,9,1,6,6.3,6,6.4,3.0,9.7,3,9.5,1,53.42,47.63,55.76,Moderate
STU0809,20,Female,2,Arts,88.6,8.55,2.8,4,2,2,7.2,10,5.3,5.4,16.4,4,9.5,3,24.32,69.67,27.06,Low
STU0810,19,Female,2,Medicine,88.2,8.67,4.9,6,0,3,7.8,10,5.8,5.1,10.7,5,7.4,2,28.82,65.69,35.59,Moderate
STU0811,26,Male,3,Computer Science,83.2,7.33,4.4,5,1,2,8.5,9,6.9,6.7,9.1,6,11.3,2,28.36,70.21,35.03,Moderate
STU0812,22,Female,1,Business,81.1,6.83,4.9,7,2,6,5.1,6,6.5,3.9,5.2,4,5.4,2,51.85,43.37,45.36,Moderate
STU0813,19,Female,1,Engineering,74.5,7.21,9.0,6,3,8,6.1,6,8.1,4.0,7.4,3,4.3,1,62.62,41.98,60.88,High
STU0814,23,Male,4,Design,83.4,7.09,4.8,4,0,2,8.5,10,6.3,7.0,13.5,5,5.9,2,23.28,70.37,26.66,Low
STU0815,22,Female,2,Arts,76.5,7.1,5.5,5,1,5,6.0,8,6.5,4.6,12.6,5,5.4,2,40.78,55.28,38.67,Moderate
STU0816,20,Male,1,Commerce,81.3,7.57,3.2,3,0,3,7.0,10,4.4,6.9,14.5,6,7.6,2,22.06,71.01,27.93,Low
STU0817,21,Female,1,Commerce,72.2,7.1,4.6,7,3,4,6.6,7,5.4,7.6,9.9,4,4.3,1,48.97,56.09,39.86,Moderate
STU0818,20,Male,4,Medicine,69.3,7.43,7.7,9,1,6,8.6,6,4.6,3.9,9.8,6,7.0,1,57.71,59.76,42.34,Moderate
STU0819,18,Male,4,Engineering,89.9,7.59,8.0,7,1,8,6.4,5,8.0,3.1,7.2,3,4.3,1,55.37,39.84,52.94,Moderate
STU0820,20,Female,3,Engineering,80.3,7.52,8.6,9,4,6,6.8,5,8.1,2.9,9.1,4,8.4,2,65.47,47.16,49.85,Moderate
STU0821,22,Female,2,Commerce,77.4,6.94,5.8,4,2,8,6.2,6,7.8,2.3,9.8,3,5.9,1,51.37,42.33,49.18,Moderate
STU0822,18,Female,2,Design,99.7,7.48,5.8,6,1,5,6.5,8,7.6,5.0,12.1,4,9.0,2,39.31,56.93,54.83,Moderate
STU0823,20,Male,4,Commerce,82.5,7.45,4.9,7,3,7,5.5,6,6.5,0.5,12.0,3,6.6,1,56.92,40.7,49.77,Moderate
STU0824,20,Female,4,Computer Science,100.0,8.53,7.0,4,1,4,7.9,9,7.3,7.1,11.1,6,5.3,2,29.62,65.63,25.22,Low
STU0825,20,Female,1,Medicine,70.4,7.34,5.6,7,2,6,7.5,8,6.4,7.2,11.6,4,10.7,2,53.37,65.36,44.98,Moderate
STU0826,23,Female,4,Design,73.8,6.58,6.1,5,2,5,6.6,7,9.1,5.3,12.6,5,5.7,2,45.59,53.57,38.13,Moderate
STU0827,20,Female,1,Medicine,83.4,7.5,6.7,5,1,4,7.3,7,5.3,8.4,9.6,3,8.2,1,36.63,60.61,31.24,Moderate
STU0828,20,Female,1,Medicine,84.1,9.19,6.7,6,4,4,7.5,8,8.2,3.9,13.1,6,6.5,2,45.47,58.78,34.25,Moderate
STU0829,21,Male,3,Design,71.1,7.69,8.1,10,4,8,4.3,3,10.6,1.8,4.4,1,4.5,1,75.75,21.79,77.09,High
STU0830,20,Female,2,Commerce,83.6,7.99,4.9,3,1,4,7.5,5,7.8,6.5,13.6,5,11.6,2,28.72,60.54,32.34,Moderate
STU0831,19,Female,4,Engineering,91.5,7.9,5.4,4,1,2,6.7,10,7.5,7.6,10.9,6,6.7,3,24.08,66.89,31.96,Moderate
STU0832,20,Male,1,Business,79.4,7.69,2.5,4,2,3,7.3,9,6.0,5.0,13.3,6,8.2,2,30.37,65.3,34.08,Moderate
STU0833,19,Male,2,Computer Science,97.0,7.37,4.7,3,0,5,7.3,10,9.2,6.3,14.1,5,9.2,2,27.69,65.04,40.02,Moderate
STU0834,19,Female,4,Arts,68.8,8.23,6.2,7,2,6,5.8,6,7.7,5.5,10.3,3,7.1,2,52.65,48.82,47.92,Moderate
STU0835,20,Female,4,Computer Science,83.8,7.84,6.2,7,2,5,7.1,8,8.8,4.1,10.9,3,5.6,2,47.47,51.8,39.07,Moderate
STU0836,20,Female,1,Computer Science,85.7,7.38,3.5,5,2,2,7.6,8,5.9,7.7,17.8,5,9.2,3,30.11,71.99,22.67,Low
STU0837,23,Male,2,Business,78.1,8.12,7.6,8,2,8,5.4,2,9.3,3.1,8.9,1,0.3,1,61.89,26.16,81.42,Very High
STU0838,20,Female,3,Engineering,69.6,7.62,6.7,6,2,4,6.9,8,6.6,4.9,9.8,4,11.5,3,44.51,61.26,26.64,Low
STU0839,21,Male,1,Design,71.4,7.24,5.7,5,1,5,8.2,8,8.4,4.0,14.9,2,5.5,2,41.56,55.94,51.15,Moderate
STU0840,21,Male,4,Design,63.0,7.28,7.1,6,2,5,7.2,5,8.4,3.3,10.5,4,6.5,1,49.84,46.33,60.04,High
STU0841,18,Male,4,Business,87.2,7.01,6.3,5,2,5,8.5,7,6.3,6.1,12.5,4,6.6,1,42.81,61.07,42.86,Moderate
STU0842,21,Female,1,Arts,90.2,7.54,3.3,4,2,4,6.8,9,7.1,2.7,12.2,7,5.9,2,32.82,58.32,30.42,Moderate
STU0843,19,Female,1,Engineering,86.9,7.36,5.8,6,2,4,7.6,5,7.1,3.2,8.3,5,6.7,1,41.31,49.1,50.04,Moderate
STU0844,25,Female,1,Commerce,77.7,6.9,5.3,7,3,6,5.8,5,8.6,2.5,5.2,4,7.3,0,55.63,37.11,53.07,Moderate
STU0845,19,Female,4,Computer Science,86.3,6.94,5.9,6,1,5,7.5,7,7.7,6.4,12.2,5,11.9,1,42.52,61.68,36.76,Moderate
STU0846,20,Male,1,Engineering,80.9,7.45,5.3,5,1,5,5.8,6,9.9,4.9,12.8,4,4.6,2,39.29,46.21,48.23,Moderate
STU0847,19,Other,2,Business,94.4,7.44,4.1,6,2,4,6.9,6,9.2,4.6,11.2,4,6.9,2,38.51,50.45,40.25,Moderate
STU0848,28,Male,2,Engineering,69.7,7.48,8.5,7,0,7,6.5,6,11.5,5.3,10.3,4,4.4,1,53.0,43.92,46.3,Moderate
STU0849,20,Male,3,Commerce,77.9,7.08,7.4,10,2,8,5.4,5,9.0,2.5,5.4,3,4.5,1,69.05,34.16,65.98,High
STU0850,21,Female,1,Medicine,77.8,6.57,3.6,5,1,4,8.6,9,4.4,8.1,14.6,6,7.3,2,36.53,75.56,34.23,Moderate
STU0851,18,Female,1,Commerce,66.0,7.69,5.9,6,4,7,5.5,7,6.3,3.5,11.6,3,4.7,1,60.32,45.63,65.93,High
STU0852,21,Female,4,Arts,87.2,7.99,5.8,7,1,4,7.1,6,7.7,2.7,11.6,5,9.1,1,39.98,51.15,49.4,Moderate
STU0853,19,Male,4,Computer Science,73.2,9.94,9.9,8,1,8,5.6,5,10.3,3.1,5.6,3,4.2,1,58.59,34.03,73.9,High
STU0854,23,Male,4,Commerce,70.5,7.54,5.1,7,2,6,7.1,6,8.6,4.5,8.8,4,7.3,2,52.6,50.63,52.85,Moderate
STU0855,19,Male,1,Business,83.8,7.34,4.5,4,1,6,6.2,6,6.5,6.1,5.8,3,5.4,2,38.88,48.86,43.64,Moderate
STU0856,19,Female,2,Medicine,74.2,6.79,9.2,9,4,8,4.9,5,8.4,3.5,8.8,4,6.4,1,74.87,39.14,81.2,Very High
STU0857,18,Female,3,Computer Science,85.1,8.37,5.3,7,1,4,7.3,7,8.2,6.4,10.0,4,9.1,1,39.28,56.31,38.64,Moderate
STU0858,20,Male,2,Commerce,68.3,8.14,5.0,6,2,4,7.1,7,6.4,4.2,7.1,3,6.0,1,42.44,49.75,52.91,Moderate
STU0859,21,Female,4,Engineering,94.7,8.62,6.3,6,1,4,7.9,9,7.4,5.9,11.9,5,7.6,1,35.32,62.73,45.72,Moderate
STU0860,18,Male,3,Computer Science,71.4,7.97,7.0,9,4,7,4.4,5,9.3,3.0,11.8,2,4.5,1,68.21,33.66,49.64,Moderate
STU0861,22,Male,1,Business,87.8,7.38,4.1,4,0,3,7.9,10,6.3,5.2,15.1,5,9.0,2,24.82,68.82,28.34,Low
STU0862,20,Male,4,Medicine,67.4,8.49,10.0,10,4,7,6.0,4,8.0,5.0,5.2,5,5.4,2,73.28,43.78,56.51,Moderate
STU0863,20,Female,4,Arts,83.1,8.48,7.4,6,2,9,5.6,5,5.5,1.7,8.7,2,2.6,1,58.07,36.7,52.0,Moderate
STU0864,20,Female,1,Design,84.4,6.56,5.2,5,3,4,6.7,7,9.4,5.5,9.6,5,7.2,2,42.78,53.31,38.46,Moderate
STU0865,20,Female,3,Commerce,74.0,6.29,6.9,6,4,5,6.3,7,6.9,6.2,11.2,4,3.1,1,55.49,51.25,38.56,Moderate
STU0866,21,Female,2,Computer Science,83.8,6.32,3.1,2,0,3,7.4,10,7.2,6.6,14.4,6,11.0,3,20.86,72.35,30.37,Moderate
STU0867,19,Female,2,Engineering,72.7,7.16,7.3,5,2,8,6.6,6,7.5,3.0,10.1,2,5.1,1,55.81,43.24,54.23,Moderate
STU0868,19,Male,1,Computer Science,79.4,7.85,6.5,8,2,5,4.7,5,8.4,4.1,10.8,4,4.3,2,51.21,40.74,63.33,High
STU0869,22,Male,3,Business,73.5,6.31,4.3,5,0,5,5.8,7,8.3,5.1,9.8,6,6.4,1,38.59,50.56,46.14,Moderate
STU0870,24,Female,4,Computer Science,93.7,7.2,4.7,6,1,6,6.6,6,9.5,7.7,14.1,3,10.1,1,43.19,54.56,43.93,Moderate
STU0871,20,Female,2,Engineering,96.7,9.75,8.3,6,5,7,7.7,7,9.9,7.4,11.6,4,7.9,1,56.77,56.99,43.42,Moderate
STU0872,19,Female,1,Medicine,81.0,8.24,6.1,6,2,4,6.7,8,5.9,6.3,12.0,5,5.9,2,41.07,60.55,37.48,Moderate
STU0873,21,Female,3,Engineering,75.5,7.15,6.6,5,4,3,6.9,8,9.1,6.1,13.5,5,6.0,2,44.11,57.95,46.12,Moderate
STU0874,20,Male,2,Computer Science,76.4,7.14,7.6,7,3,6,6.9,4,12.4,4.0,14.2,3,5.4,0,57.37,38.44,57.29,Moderate
STU0875,18,Female,4,Commerce,88.7,8.3,5.4,4,1,4,7.4,7,7.8,6.4,14.3,4,4.9,2,30.55,58.08,31.72,Moderate
STU0876,19,Female,2,Computer Science,94.0,8.52,7.5,4,0,7,6.4,7,10.1,1.9,7.0,4,3.3,1,38.05,39.43,49.26,Moderate
STU0877,21,Female,1,Computer Science,92.7,7.2,3.2,3,3,1,9.3,10,5.7,8.2,20.0,8,12.0,3,23.11,87.88,26.41,Low
STU0878,21,Male,1,Engineering,94.4,8.5,6.3,6,0,5,6.0,7,6.7,6.2,10.3,5,4.0,2,35.91,53.69,42.34,Moderate
STU0879,18,Male,3,Design,70.5,7.34,5.2,3,0,3,7.8,10,5.5,9.8,12.0,6,9.8,3,25.91,78.26,31.87,Moderate
STU0880,19,Female,1,Medicine,72.8,8.04,7.2,6,1,6,6.1,7,6.6,4.6,12.2,3,6.1,2,47.36,51.55,31.61,Moderate
STU0881,19,Male,3,Engineering,79.8,7.19,8.2,4,4,4,5.4,8,8.0,4.5,10.0,6,10.5,2,45.22,55.03,45.99,Moderate
STU0882,21,Male,1,Commerce,86.3,7.65,4.0,5,2,5,8.0,6,5.3,5.0,9.5,4,7.4,2,39.98,58.17,39.96,Moderate
STU0883,18,Male,2,Engineering,75.6,7.53,4.8,2,3,3,7.5,8,7.6,7.1,15.1,5,7.1,1,30.63,62.76,27.01,Low
STU0884,19,Female,2,Arts,82.8,7.34,6.2,6,0,8,7.0,6,8.1,4.6,12.4,5,5.1,1,49.69,50.99,50.67,Moderate
STU0885,22,Male,4,Computer Science,67.0,8.15,7.6,8,2,8,4.9,3,10.4,1.7,7.5,3,3.7,1,63.69,27.1,74.39,High
STU0886,19,Male,4,Commerce,79.9,6.88,6.5,6,0,3,6.6,6,6.8,5.8,14.1,4,6.9,2,34.52,55.61,40.12,Moderate
STU0887,21,Male,1,Business,87.6,7.42,1.9,5,0,1,7.8,9,6.5,8.8,16.6,5,6.7,2,19.06,71.25,14.58,Low
STU0888,19,Male,2,Design,79.1,6.8,3.9,5,1,4,6.9,7,6.9,4.8,7.8,3,7.5,2,36.18,52.52,45.3,Moderate
STU0889,19,Male,1,Computer Science,86.9,7.91,5.1,5,0,2,7.6,9,8.7,7.6,13.9,5,7.9,3,24.36,67.46,37.14,Moderate
STU0890,19,Female,2,Engineering,78.3,8.44,8.9,8,4,8,4.9,4,9.2,1.8,5.2,3,3.1,2,68.41,30.42,70.14,High
STU0891,21,Male,2,Commerce,73.8,6.84,6.2,7,1,8,6.2,7,8.5,3.9,11.3,3,4.3,1,57.8,45.27,55.82,Moderate
STU0892,22,Male,4,Computer Science,78.8,7.16,6.3,5,1,5,5.6,7,9.2,4.3,11.3,4,8.2,3,40.96,50.53,40.13,Moderate
STU0893,22,Male,4,Design,72.3,7.88,8.4,6,1,7,6.6,5,11.7,4.4,8.2,3,2.4,1,52.04,37.32,60.22,High
STU0894,20,Female,2,Commerce,58.5,7.72,7.8,8,4,9,5.4,4,9.5,1.3,4.4,3,0.1,1,75.33,26.68,71.6,High
STU0895,21,Male,2,Design,86.4,7.48,5.6,5,1,5,6.1,5,8.6,5.6,12.6,3,0.5,2,38.58,43.87,75.23,High
STU0896,19,Male,4,Computer Science,67.8,7.96,5.9,7,3,5,6.2,7,7.9,5.5,9.6,5,7.1,1,52.68,51.88,58.89,Moderate
STU0897,19,Female,4,Commerce,93.7,8.16,5.3,5,4,4,8.2,8,4.6,3.9,12.0,4,7.2,2,41.64,62.35,41.59,Moderate
STU0898,23,Male,1,Commerce,75.1,7.91,7.3,7,3,6,5.4,6,8.9,3.4,6.4,5,2.7,1,56.05,39.09,62.05,High
STU0899,18,Male,2,Business,69.8,6.14,3.4,7,2,5,5.3,8,8.8,7.0,9.0,4,5.3,1,50.3,49.44,49.39,Moderate
STU0900,19,Male,2,Computer Science,66.0,6.26,5.9,8,3,8,6.5,4,8.8,0.6,8.7,3,4.3,1,68.59,34.53,70.53,High
STU0901,19,Female,1,Computer Science,70.6,6.77,7.9,7,1,6,7.4,6,9.3,2.8,9.9,4,8.3,1,53.2,47.68,57.23,Moderate
STU0902,18,Female,1,Engineering,81.3,5.22,3.4,6,1,2,8.1,8,7.2,4.1,14.7,6,4.5,2,34.14,61.42,30.43,Moderate
STU0903,19,Male,1,Computer Science,84.3,7.24,4.3,6,2,4,6.9,6,8.4,6.6,12.8,3,4.9,2,40.69,52.59,42.19,Moderate
STU0904,21,Female,3,Medicine,79.5,6.95,7.7,6,1,5,8.2,7,5.8,6.9,5.8,4,10.4,2,45.14,62.84,43.56,Moderate
STU0905,20,Male,1,Business,81.7,7.02,5.1,4,1,5,7.8,8,6.7,5.2,15.1,5,8.8,2,36.93,64.6,39.29,Moderate
STU0906,23,Female,1,Engineering,71.7,8.49,8.7,10,5,8,4.9,4,6.5,3.6,10.7,1,3.0,1,77.82,34.75,69.6,High
STU0907,22,Male,1,Business,80.6,7.34,4.0,4,1,3,7.8,9,4.2,6.2,9.1,5,5.8,2,29.0,65.66,28.64,Low
STU0908,20,Female,4,Computer Science,86.1,7.31,4.3,3,2,1,8.4,10,5.4,8.5,10.4,6,10.3,2,21.94,76.0,27.33,Low
STU0909,19,Male,4,Computer Science,87.0,8.2,5.9,5,1,3,8.3,10,8.0,5.7,15.6,5,12.1,2,30.86,71.07,34.06,Moderate
STU0910,20,Female,2,Computer Science,62.3,7.23,6.3,5,2,6,6.2,5,9.0,5.6,7.8,2,4.6,2,49.93,42.78,50.25,Moderate
STU0911,21,Female,2,Engineering,91.4,6.81,3.4,6,2,1,7.5,8,4.4,5.3,18.2,5,9.2,3,29.47,70.03,14.11,Low
STU0912,19,Female,4,Business,75.4,8.39,4.4,1,1,4,8.2,8,6.2,6.8,18.2,5,9.1,2,23.45,70.47,30.9,Moderate
STU0913,21,Female,1,Computer Science,75.7,7.43,7.0,7,2,7,4.9,4,11.6,2.2,5.1,3,4.8,1,56.83,27.66,71.15,High
STU0914,20,Other,1,Commerce,77.9,7.84,5.5,3,0,4,5.3,7,8.0,3.2,10.4,4,6.1,2,27.42,45.89,45.31,Moderate
STU0915,21,Other,2,Medicine,72.5,7.62,6.5,6,0,6,6.0,7,5.2,7.6,7.9,4,8.8,2,44.52,58.28,56.28,Moderate
STU0916,20,Female,1,Arts,87.4,6.22,1.5,3,0,1,7.8,10,5.2,6.9,17.3,6,12.4,2,15.21,76.97,25.21,Low
STU0917,19,Male,2,Computer Science,74.1,7.0,4.3,4,2,2,7.6,9,7.5,6.1,13.4,4,8.5,3,30.57,65.49,34.51,Moderate
STU0918,24,Female,4,Computer Science,68.1,7.35,5.1,4,1,3,7.0,7,5.8,5.7,12.8,5,4.0,1,31.98,56.42,30.93,Moderate
STU0919,21,Male,3,Computer Science,81.1,6.31,6.4,8,3,5,6.0,4,6.2,0.2,5.8,3,4.9,1,56.41,34.45,60.46,High
STU0920,19,Male,2,Engineering,87.5,8.11,5.2,5,2,3,7.8,8,7.2,6.3,10.7,4,6.7,2,33.34,60.83,34.71,Moderate
STU0921,22,Male,4,Engineering,82.7,8.94,4.8,5,2,3,8.7,10,6.8,7.3,11.8,8,7.6,2,32.43,74.84,30.55,Moderate
STU0922,20,Female,1,Business,81.8,8.5,8.6,8,3,9,5.3,2,13.4,3.9,5.9,1,3.5,1,67.81,22.98,63.04,High
STU0923,23,Male,1,Commerce,88.7,8.36,5.7,5,1,7,6.2,6,7.4,5.1,6.9,4,5.1,2,43.48,47.92,51.97,Moderate
STU0924,22,Female,3,Commerce,89.0,7.28,5.7,5,3,5,7.0,6,5.6,5.9,15.3,6,8.6,2,44.56,62.52,36.55,Moderate
STU0925,20,Other,3,Medicine,99.7,8.39,6.1,4,1,3,7.4,9,8.3,8.3,13.4,5,6.6,2,25.82,65.62,32.59,Moderate
STU0926,18,Female,1,Computer Science,81.2,7.53,4.7,6,1,5,6.3,6,10.9,4.4,11.0,2,5.0,1,41.39,40.94,46.56,Moderate
STU0927,19,Male,2,Medicine,78.9,7.08,7.9,10,2,6,6.1,6,9.5,3.8,6.4,4,9.2,1,62.63,44.08,58.3,Moderate
STU0928,20,Male,3,Arts,78.0,6.04,2.4,6,1,3,6.8,6,7.1,6.2,6.8,3,10.3,1,35.82,52.14,35.03,Moderate
STU0929,21,Male,3,Business,82.2,6.84,6.8,7,5,5,6.4,4,9.1,5.5,11.0,3,8.6,2,58.9,46.93,49.62,Moderate
STU0930,19,Female,3,Business,100.0,7.63,4.7,1,1,3,9.5,10,4.3,7.3,13.5,5,13.1,3,17.53,82.45,21.27,Low
STU0931,19,Male,2,Business,86.2,7.22,4.3,5,2,4,6.7,8,7.9,4.7,13.1,3,5.1,1,37.63,51.69,49.92,Moderate
STU0932,22,Female,1,Computer Science,89.3,6.3,2.8,1,1,2,6.8,10,6.4,8.0,10.8,6,13.7,2,16.62,71.99,21.91,Low
STU0933,26,Male,2,Computer Science,79.0,7.75,7.5,9,2,8,5.6,6,8.5,1.9,9.4,4,5.0,1,65.06,39.66,72.07,High
STU0934,20,Female,1,Computer Science,71.8,8.21,8.8,8,5,9,3.9,3,12.1,0.1,8.0,3,2.4,1,76.13,19.26,86.04,Very High
STU0935,19,Female,4,Engineering,79.4,7.72,6.2,8,5,7,5.0,5,9.0,3.8,4.3,4,9.2,2,66.84,40.47,64.97,High
STU0936,19,Male,2,Computer Science,87.5,8.55,5.3,3,1,4,8.3,8,5.4,5.4,9.6,5,3.5,1,27.47,59.88,26.37,Low
STU0937,18,Female,2,Medicine,85.5,7.09,3.1,2,0,3,8.3,10,1.8,4.8,16.2,6,11.8,3,19.29,79.89,21.56,Low
STU0938,23,Female,3,Commerce,85.9,7.49,8.7,9,5,9,5.0,2,9.2,2.1,5.3,3,3.7,1,77.67,26.6,78.16,High
STU0939,19,Female,2,Business,75.4,8.42,5.3,3,4,5,4.0,6,7.1,3.6,6.8,4,8.0,1,42.04,39.95,55.05,Moderate
STU0940,21,Female,2,Design,74.2,7.8,5.8,2,3,4,7.0,9,7.9,5.9,13.4,4,8.5,2,34.58,61.35,33.93,Moderate
STU0941,19,Male,4,Arts,70.6,6.69,4.0,5,1,4,6.5,7,9.1,4.1,10.2,6,6.0,2,37.86,51.74,37.73,Moderate
STU0942,21,Male,4,Computer Science,78.8,7.86,7.8,9,2,8,6.5,6,11.2,4.2,8.9,3,1.5,1,65.16,38.73,50.89,Moderate
STU0943,21,Female,3,Computer Science,78.9,7.4,8.7,8,2,8,6.1,6,10.6,2.9,9.7,3,6.7,1,63.88,40.2,63.44,High
STU0944,22,Female,1,Commerce,82.7,7.09,4.9,7,3,5,6.1,6,6.6,3.4,11.7,5,4.8,1,50.82,47.8,50.8,Moderate
STU0945,19,Female,3,Engineering,88.1,7.18,6.2,6,1,6,5.7,5,7.9,3.6,9.8,4,5.3,1,45.41,41.92,60.84,High
STU0946,18,Female,3,Engineering,84.1,7.4,9.5,10,3,9,5.2,4,10.8,1.6,9.1,1,2.3,0,75.57,24.71,68.04,High
STU0947,19,Male,1,Engineering,81.2,6.44,4.0,5,0,2,7.2,9,6.4,6.7,16.1,5,9.1,2,26.84,67.85,29.23,Low
STU0948,23,Male,1,Engineering,92.4,7.52,2.5,3,0,1,8.7,9,2.5,6.1,14.8,7,7.1,2,13.04,76.25,10.22,Low
STU0949,22,Female,4,Medicine,69.1,8.52,8.9,8,0,6,6.8,8,7.7,6.6,10.5,4,6.3,2,51.14,57.48,59.07,Moderate
STU0950,21,Female,1,Medicine,76.3,7.36,6.4,7,3,4,6.9,6,7.2,4.7,13.2,4,6.6,0,49.35,50.37,46.79,Moderate
STU0951,21,Female,3,Medicine,72.7,8.82,6.6,8,2,5,6.7,6,7.4,4.7,10.4,4,8.3,1,50.79,50.97,39.57,Moderate
STU0952,21,Male,2,Commerce,76.5,6.98,5.3,4,1,4,7.2,8,6.0,6.4,15.5,5,10.2,2,34.7,66.63,34.42,Moderate
STU0953,19,Other,2,Engineering,78.6,7.25,8.6,8,2,6,5.1,5,9.4,5.5,10.3,4,1.3,0,57.43,37.24,61.45,High
STU0954,23,Female,1,Engineering,91.4,6.23,4.2,3,2,2,8.3,9,5.6,6.0,9.9,5,7.6,2,26.11,66.77,24.88,Low
STU0955,20,Female,4,Computer Science,81.4,8.59,5.8,6,2,5,6.4,5,7.2,7.4,11.5,4,7.6,2,43.51,54.48,44.36,Moderate
STU0956,20,Male,2,Engineering,85.7,7.09,8.0,7,3,7,5.5,6,8.8,3.0,8.0,5,9.1,2,59.57,45.63,49.34,Moderate
STU0957,20,Male,3,Design,71.2,7.72,6.0,5,1,6,5.9,5,7.9,3.7,10.4,2,3.9,1,44.38,39.51,48.26,Moderate
STU0958,18,Female,3,Design,80.5,9.65,8.1,7,0,9,5.1,3,9.7,2.2,6.0,2,2.9,1,53.92,26.69,59.43,Moderate
STU0959,19,Female,3,Commerce,98.9,7.29,6.6,7,1,7,6.3,4,8.9,2.7,6.7,3,4.0,0,49.87,34.13,78.04,High
STU0960,21,Female,4,Computer Science,70.2,7.59,5.2,4,1,2,7.4,9,8.1,6.3,11.9,6,8.2,2,27.98,64.41,40.16,Moderate
STU0961,19,Male,3,Commerce,62.7,6.79,7.2,4,5,5,6.7,7,7.7,3.3,9.6,4,5.7,2,54.23,49.72,52.26,Moderate
STU0962,21,Female,2,Commerce,87.8,8.1,7.4,6,2,5,7.2,7,6.6,2.8,8.1,2,4.1,2,44.59,47.36,47.36,Moderate
STU0963,19,Female,4,Medicine,85.2,8.29,5.1,4,5,2,8.5,9,6.3,6.2,13.6,4,9.5,3,36.23,70.37,42.08,Moderate
STU0964,20,Male,3,Medicine,82.3,7.0,5.4,6,3,4,7.5,8,8.4,5.5,13.3,6,10.2,1,45.34,61.85,50.44,Moderate
STU0965,19,Female,2,Medicine,79.9,8.22,6.5,4,2,1,6.8,8,7.2,5.9,14.6,4,8.0,2,26.07,60.19,30.35,Moderate
STU0966,20,Male,1,Commerce,86.1,8.09,5.5,3,2,6,7.7,9,7.0,7.1,12.3,5,6.6,2,38.31,65.62,53.86,Moderate
STU0967,21,Female,4,Commerce,63.7,6.57,6.8,7,1,9,6.1,4,7.3,3.3,12.2,4,5.1,1,63.77,42.7,57.94,Moderate
STU0968,19,Female,2,Computer Science,85.5,6.54,2.4,1,3,1,8.4,7,7.4,5.9,17.4,7,12.6,2,19.18,71.08,20.33,Low
STU0969,21,Male,3,Design,81.8,6.92,6.5,7,4,6,5.8,5,7.9,3.4,8.5,3,5.7,2,58.92,41.94,62.71,High
STU0970,20,Female,2,Computer Science,95.2,5.76,3.5,5,0,2,6.9,10,5.8,7.8,12.5,7,13.3,2,25.23,74.5,26.4,Low
STU0971,21,Other,1,Computer Science,85.8,7.42,2.6,4,5,1,8.9,10,7.5,8.2,16.1,5,6.1,2,32.17,73.36,25.51,Low
STU0972,24,Male,3,Arts,97.3,7.82,4.7,4,3,6,5.7,7,6.1,4.6,11.4,5,5.5,1,42.0,51.01,43.34,Moderate
STU0973,21,Female,1,Arts,74.6,6.6,5.7,6,2,7,6.2,6,7.4,2.1,8.4,2,4.2,0,54.54,37.74,53.76,Moderate
STU0974,19,Male,2,Computer Science,79.4,7.42,6.9,9,5,6,6.7,6,8.6,2.4,10.0,6,4.8,1,67.37,46.1,61.19,High
STU0975,18,Female,3,Medicine,72.2,6.46,7.4,6,4,5,8.7,7,6.1,4.6,14.0,4,6.7,3,55.92,63.77,44.81,Moderate
STU0976,19,Male,2,Computer Science,69.8,7.19,9.7,9,4,8,5.1,3,13.4,1.4,5.5,1,5.9,1,75.36,21.73,80.19,Very High
STU0977,21,Female,3,Medicine,64.0,6.46,7.0,7,5,7,6.8,6,6.9,5.4,9.8,7,6.0,2,69.4,56.47,58.41,Moderate
STU0978,18,Male,4,Business,83.6,7.87,4.6,5,1,3,5.0,7,8.9,7.6,6.3,6,8.5,3,30.89,54.32,31.71,Moderate
STU0979,20,Female,3,Arts,65.5,7.61,4.6,4,1,4,6.9,6,6.2,4.2,8.1,3,6.8,1,34.9,48.78,39.43,Moderate
STU0980,21,Female,1,Commerce,92.9,6.63,4.0,3,1,2,7.8,9,3.3,6.6,12.0,4,10.8,2,22.02,70.83,33.85,Moderate
STU0981,20,Male,1,Engineering,71.6,7.83,8.4,8,2,7,6.7,6,8.0,0.0,4.8,3,4.8,1,60.79,36.84,61.17,High
STU0982,22,Male,3,Commerce,66.7,7.21,5.7,3,1,4,6.7,8,9.2,4.1,13.8,7,3.9,1,33.51,53.84,32.27,Moderate
STU0983,19,Female,4,Engineering,92.4,8.68,7.8,6,1,7,7.1,6,9.1,5.7,13.3,5,9.1,2,46.86,56.55,43.14,Moderate
STU0984,18,Female,4,Business,64.2,7.64,8.4,8,2,8,5.3,4,9.1,0.1,6.4,2,2.4,0,65.68,24.68,70.45,High
STU0985,21,Male,4,Business,77.8,6.54,6.0,5,2,6,6.4,6,5.0,5.8,12.8,3,4.9,1,48.24,52.22,64.24,High
STU0986,20,Male,2,Medicine,88.1,7.75,6.2,7,2,4,6.2,9,8.3,5.0,11.7,4,9.9,2,43.57,57.34,40.3,Moderate
STU0987,21,Female,2,Engineering,63.2,7.39,10.1,10,3,10,3.6,3,9.8,0.9,4.2,1,0.8,0,82.9,15.13,81.41,Very High
STU0988,20,Female,2,Engineering,85.2,7.84,6.2,5,3,6,5.6,6,7.9,3.4,9.5,5,6.7,1,48.01,45.03,53.12,Moderate
STU0989,19,Female,1,Computer Science,96.3,7.87,5.8,3,2,4,7.3,8,8.4,5.3,15.5,4,8.2,2,30.56,59.91,40.28,Moderate
STU0990,22,Male,1,Design,78.7,6.65,5.5,5,1,6,6.4,8,9.7,4.6,11.8,4,7.1,1,44.49,50.54,61.89,High
STU0991,22,Female,4,Medicine,75.7,8.83,10.7,10,3,7,4.1,4,9.3,2.2,12.0,2,3.6,1,68.92,29.43,67.93,High
STU0992,21,Female,1,Engineering,87.3,8.12,8.9,9,4,9,4.6,3,10.6,5.2,5.8,3,3.8,0,73.56,28.81,70.89,High
STU0993,19,Male,1,Medicine,78.8,7.32,6.2,5,4,6,6.2,6,6.0,5.0,11.2,4,7.9,2,52.94,53.41,40.89,Moderate
STU0994,21,Female,1,Design,83.8,6.87,4.1,4,1,4,6.7,8,9.1,6.5,5.5,3,4.8,2,32.67,50.68,31.5,Moderate
STU0995,20,Male,4,Computer Science,89.4,7.43,5.7,7,1,4,8.5,8,6.2,6.3,10.6,6,8.3,2,40.47,67.5,36.72,Moderate
STU0996,19,Female,3,Business,80.0,7.81,7.3,5,4,6,5.5,6,7.1,3.1,15.2,5,5.4,1,52.84,47.2,46.21,Moderate
STU0997,23,Female,3,Business,75.1,7.81,4.0,7,1,5,8.2,10,6.5,2.3,14.4,4,5.8,2,44.13,61.36,29.78,Low
STU0998,19,Female,4,Arts,90.8,7.62,2.9,4,1,2,9.3,10,4.8,7.2,18.5,6,7.8,3,22.58,81.37,15.06,Low
STU0999,24,Male,2,Engineering,91.0,7.94,10.3,10,5,8,5.4,4,9.5,2.9,7.3,2,1.9,0,76.85,28.82,64.81,High
STU1000,20,Female,3,Computer Science,71.6,7.53,6.1,5,3,6,6.7,7,8.9,7.7,10.0,3,1.9,2,50.71,51.36,49.2,Moderate
STU1001,19,Male,1,Engineering,77.9,8.01,5.5,4,3,5,6.5,6,7.4,3.9,11.3,5,6.8,2,42.25,51.57,35.86,Moderate
STU1002,20,Male,1,Engineering,72.7,8.06,8.8,7,1,7,5.4,6,10.9,1.9,8.1,3,5.4,0,54.78,33.02,58.01,Moderate
STU1003,22,Male,4,Computer Science,74.9,9.35,8.8,9,4,6,5.8,6,11.3,2.8,12.9,4,4.9,0,63.49,38.37,66.11,High
STU1004,21,Female,3,Commerce,56.2,7.69,8.0,7,5,7,4.1,5,7.9,4.3,9.7,2,3.8,1,69.48,34.85,65.68,High
STU1005,22,Female,2,Medicine,92.2,6.69,5.3,5,2,2,7.2,9,4.5,7.4,13.6,6,9.1,3,31.68,72.76,28.8,Low
STU1006,21,Female,2,Business,86.6,7.62,4.2,4,0,5,7.3,7,6.8,5.9,11.8,3,10.3,2,31.37,59.29,27.19,Low
STU1007,21,Female,3,Computer Science,78.0,7.16,4.7,3,1,2,7.6,10,7.7,7.6,10.7,6,9.6,2,24.21,69.4,32.05,Moderate
STU1008,22,Female,1,Commerce,88.0,7.64,4.7,4,0,3,7.0,9,8.0,4.5,10.6,6,8.4,3,24.85,61.83,33.3,Moderate
STU1009,19,Male,1,Design,81.6,7.34,4.5,6,1,4,6.0,5,7.9,3.5,10.9,4,5.5,2,38.14,44.98,45.65,Moderate
STU1010,20,Female,1,Design,79.9,7.73,6.3,5,5,5,6.0,7,9.4,2.0,10.4,4,7.0,1,51.83,43.41,55.76,Moderate
STU1011,19,Female,1,Business,85.1,6.89,5.0,4,1,5,5.7,7,7.2,6.6,9.7,5,6.8,1,36.5,52.76,40.64,Moderate
STU1012,26,Female,4,Design,80.3,8.15,5.3,4,0,3,7.3,9,6.1,5.6,12.6,5,10.1,2,25.78,65.75,33.25,Moderate
STU1013,24,Male,2,Arts,73.9,7.03,5.3,5,1,5,7.1,7,7.4,3.3,11.0,5,4.6,2,41.16,52.43,49.71,Moderate
STU1014,18,Female,1,Engineering,80.4,7.25,8.8,7,2,6,5.7,5,7.6,2.6,6.2,3,3.2,1,54.52,36.32,56.23,Moderate
STU1015,21,Male,2,Medicine,75.0,6.83,7.4,9,1,6,5.2,4,9.8,1.9,7.9,4,7.6,2,57.51,36.33,57.16,Moderate
STU1016,23,Female,4,Computer Science,74.4,7.45,7.8,7,4,7,6.8,5,10.0,4.4,13.2,4,3.2,1,63.68,44.14,55.52,Moderate
STU1017,19,Male,1,Computer Science,79.2,7.56,5.8,8,1,5,6.0,8,11.3,4.1,9.9,3,5.4,1,48.14,43.47,47.04,Moderate
STU1018,21,Male,1,Engineering,84.3,7.87,7.0,7,1,6,5.6,6,8.9,3.0,3.0,3,4.2,2,48.33,37.53,48.73,Moderate
STU1019,23,Female,2,Computer Science,77.9,7.06,7.6,6,3,7,6.5,6,10.9,4.2,9.2,4,6.2,1,57.81,43.61,56.72,Moderate
STU1020,18,Female,3,Engineering,83.5,8.42,9.6,9,1,9,4.0,3,7.9,1.7,6.2,2,7.0,1,65.27,27.71,66.4,High
STU1021,21,Female,3,Computer Science,82.6,8.23,6.1,7,1,4,8.3,8,7.1,6.3,13.2,5,10.6,2,40.6,67.47,36.23,Moderate
STU1022,19,Female,4,Computer Science,72.6,7.61,7.9,9,2,7,5.0,5,10.1,4.0,8.1,3,4.6,1,63.36,35.41,67.06,High
STU1023,23,Male,4,Business,66.6,7.76,7.1,7,5,8,4.5,4,9.5,2.5,8.7,4,5.1,1,70.22,32.64,71.01,High
STU1024,25,Male,4,Computer Science,78.9,7.25,5.7,7,0,5,8.4,7,7.3,3.4,13.0,4,8.8,2,42.85,58.96,51.67,Moderate
STU1025,24,Male,3,Design,70.4,6.7,8.0,7,4,10,5.2,3,10.1,2.3,5.2,3,2.1,0,75.77,25.32,75.54,High
STU1026,20,Male,2,Computer Science,72.6,6.43,5.9,8,1,7,6.5,5,9.1,2.1,11.5,1,3.1,2,57.88,37.87,58.2,Moderate
STU1027,22,Female,1,Business,90.6,7.78,3.3,4,1,1,8.1,9,3.1,3.5,12.0,6,11.2,3,19.35,71.7,24.41,Low
STU1028,22,Female,4,Business,80.3,7.8,4.6,5,0,4,5.9,8,6.1,7.3,15.6,6,5.4,2,31.89,62.25,39.67,Moderate
STU1029,20,Male,2,Commerce,83.3,7.74,5.0,5,1,4,7.5,6,6.8,8.2,15.0,5,8.0,2,34.83,64.21,50.58,Moderate
STU1030,22,Female,1,Commerce,83.3,7.43,4.6,5,3,6,4.8,5,9.5,2.2,7.7,4,3.6,1,47.68,33.22,59.74,Moderate
STU1031,18,Male,3,Computer Science,77.8,8.07,5.5,8,2,5,5.5,5,9.0,3.1,4.3,3,5.8,1,50.28,35.66,58.68,Moderate
STU1032,21,Female,2,Arts,93.2,7.86,4.7,4,2,5,6.6,8,6.0,7.0,11.2,3,5.0,2,36.28,57.7,47.16,Moderate
STU1033,19,Female,3,Business,77.4,6.7,4.4,4,2,6,7.0,7,6.3,4.7,17.0,3,8.1,1,43.93,56.68,39.28,Moderate
STU1034,19,Other,3,Business,73.4,7.65,6.8,7,1,7,6.6,4,7.2,3.9,4.8,3,3.8,1,53.68,39.33,56.47,Moderate
STU1035,18,Female,2,Commerce,83.6,6.9,5.1,4,3,5,7.6,7,7.4,5.6,10.4,3,4.9,2,42.82,54.71,46.35,Moderate
STU1036,21,Other,4,Engineering,77.7,7.48,5.8,6,4,5,7.4,8,5.7,5.4,14.1,4,7.3,2,51.97,62.17,38.91,Moderate
STU1037,20,Other,1,Business,96.5,7.83,3.8,6,2,4,6.8,9,3.6,8.1,13.8,5,5.1,2,37.26,68.22,24.34,Low
STU1038,21,Male,2,Engineering,81.9,7.36,6.5,3,3,3,9.3,7,7.1,4.1,15.7,6,9.1,2,34.06,66.86,38.24,Moderate
STU1039,18,Male,3,Commerce,76.2,6.62,4.4,7,0,4,8.4,7,7.5,5.5,10.1,5,8.4,1,39.93,59.75,32.75,Moderate
STU1040,20,Male,3,Computer Science,91.9,6.7,5.4,5,4,3,6.5,8,9.6,2.4,13.1,4,6.5,1,41.13,47.89,53.91,Moderate
STU1041,20,Male,4,Arts,73.6,8.15,7.3,7,2,5,7.7,6,6.7,4.8,5.0,4,8.1,1,49.57,51.95,46.04,Moderate
STU1042,22,Female,2,Computer Science,88.9,7.73,5.1,4,2,3,7.1,10,8.6,7.6,13.6,7,11.3,2,30.88,70.76,28.83,Low
STU1043,20,Female,3,Computer Science,66.4,7.76,7.8,7,3,8,5.2,7,10.8,5.3,3.5,3,7.0,1,64.83,39.76,50.91,Moderate
STU1044,21,Male,1,Medicine,91.1,7.51,4.6,5,3,2,8.6,8,6.2,6.9,16.3,6,6.7,2,32.91,70.47,34.37,Moderate
STU1045,23,Female,4,Design,78.3,8.74,6.3,5,2,7,5.7,5,8.7,4.9,13.6,2,5.3,1,48.08,42.35,56.59,Moderate
STU1046,21,Female,2,Commerce,80.0,7.76,7.7,7,1,6,6.0,6,10.5,4.3,10.1,3,5.2,1,49.82,41.33,58.18,Moderate
STU1047,19,Female,3,Computer Science,76.9,7.92,5.9,7,1,5,6.6,7,8.8,5.2,10.8,4,8.0,1,45.23,51.49,52.84,Moderate
STU1048,18,Male,1,Computer Science,91.0,7.55,4.6,4,0,4,7.5,7,6.3,6.9,10.4,4,8.7,2,27.75,61.43,19.95,Low
STU1049,22,Male,1,Design,72.2,7.64,5.3,5,1,5,6.7,7,9.5,4.0,8.1,4,8.1,2,40.43,49.55,36.0,Moderate
STU1050,18,Female,2,Arts,69.4,5.95,3.0,3,3,4,7.3,9,6.4,6.1,16.0,6,5.3,3,38.91,67.57,25.75,Low
STU1051,22,Male,4,Design,73.7,6.65,7.4,4,0,4,7.1,5,6.4,6.3,9.8,5,6.5,2,34.47,55.42,36.51,Moderate
STU1052,20,Male,2,Medicine,95.9,9.21,9.3,6,3,5,7.7,8,4.9,5.6,12.5,6,9.2,1,45.97,65.55,33.61,Moderate
STU1053,24,Male,4,Business,66.0,7.04,4.2,4,1,5,7.4,8,6.8,5.4,12.5,5,8.5,2,38.77,62.15,40.87,Moderate
STU1054,22,Male,2,Engineering,96.6,7.25,5.7,5,3,4,6.5,7,10.1,5.9,10.8,4,6.3,2,40.01,51.28,44.21,Moderate
STU1055,28,Male,2,Medicine,73.6,7.8,8.4,7,4,5,7.6,5,8.4,2.6,9.2,3,2.5,1,57.07,41.85,60.89,High
STU1056,20,Female,1,Medicine,74.6,7.56,5.9,2,2,3,9.5,10,8.6,4.7,11.5,6,8.2,2,28.66,68.9,33.66,Moderate
STU1057,21,Male,4,Medicine,64.2,7.93,9.3,9,2,7,5.1,5,8.2,4.4,7.5,4,5.5,1,65.39,40.04,47.63,Moderate
STU1058,20,Female,1,Design,82.3,7.5,2.7,1,1,2,7.9,10,6.2,5.7,20.0,8,10.0,3,15.7,78.22,25.17,Low
STU1059,20,Male,4,Medicine,71.5,8.46,9.3,9,4,7,6.1,6,9.2,4.4,9.4,2,5.5,1,69.29,41.86,60.75,High
STU1060,21,Other,4,Engineering,85.4,7.22,5.0,5,1,4,8.0,8,7.5,6.7,12.8,7,8.9,1,35.34,66.25,41.48,Moderate
STU1061,22,Female,4,Engineering,72.6,8.82,10.3,8,5,9,5.2,5,9.6,2.8,6.0,1,6.5,0,76.23,30.81,61.38,High
STU1062,26,Female,2,Computer Science,79.8,8.29,6.6,6,3,5,6.1,7,7.2,3.6,7.8,3,9.2,2,47.94,49.22,53.69,Moderate
STU1063,21,Male,3,Commerce,81.9,9.06,7.5,5,3,4,8.1,9,8.6,3.2,10.6,5,6.7,1,40.94,56.62,42.77,Moderate
STU1064,20,Female,3,Computer Science,73.4,7.76,4.8,4,1,6,7.9,9,5.1,5.7,10.2,4,6.9,2,40.17,64.19,49.51,Moderate
STU1065,20,Male,1,Computer Science,76.2,7.86,7.2,5,0,7,4.3,7,10.2,4.8,6.1,4,5.9,1,44.64,38.95,54.05,Moderate
STU1066,21,Female,3,Commerce,79.6,6.15,7.0,5,3,5,6.9,6,5.7,6.7,8.9,5,8.4,1,49.09,57.07,52.95,Moderate
STU1067,19,Female,1,Commerce,94.9,8.05,4.5,2,0,3,8.1,10,4.8,7.3,14.8,5,10.5,1,17.29,73.45,9.41,Low
STU1068,19,Other,2,Design,68.7,7.89,6.1,6,1,6,6.5,5,8.8,3.9,14.1,4,8.1,1,47.37,47.63,49.97,Moderate
STU1069,20,Male,1,Medicine,88.7,7.85,6.3,8,2,7,7.6,6,5.3,3.6,5.7,5,6.4,1,56.16,51.95,46.22,Moderate
STU1070,19,Male,1,Business,84.6,6.73,3.8,4,2,2,7.6,8,6.6,4.6,10.3,6,11.4,1,28.85,62.16,30.69,Moderate
STU1071,19,Female,2,Arts,87.6,8.33,3.7,5,2,4,7.0,7,6.2,3.7,11.0,4,7.1,1,35.04,52.88,40.4,Moderate
STU1072,19,Male,2,Design,90.2,7.66,6.8,7,1,6,5.9,5,8.3,5.4,7.2,4,0.1,1,47.53,39.96,47.95,Moderate
STU1073,18,Male,3,Commerce,74.0,6.88,7.1,5,2,4,8.5,10,3.9,5.5,16.4,4,9.9,2,42.56,73.75,39.03,Moderate
STU1074,18,Male,1,Engineering,85.0,7.91,4.8,5,1,4,7.6,9,6.4,6.2,13.7,7,12.3,2,34.09,71.68,37.95,Moderate
STU1075,26,Male,2,Arts,88.0,7.84,4.4,3,0,3,6.5,9,8.4,6.9,11.4,7,11.2,2,21.49,65.39,20.77,Low
STU1076,20,Male,1,Engineering,64.8,7.35,6.4,4,4,3,5.8,6,6.6,7.3,10.3,5,7.9,1,42.62,54.16,46.0,Moderate
STU1077,20,Female,3,Computer Science,93.2,8.52,7.2,9,2,6,5.2,6,9.3,4.9,7.9,5,7.2,1,54.49,44.06,41.2,Moderate
STU1078,21,Female,3,Medicine,69.3,7.72,8.7,9,3,7,5.4,5,8.7,4.6,8.7,2,6.1,1,67.39,39.12,71.3,High
STU1079,19,Male,3,Computer Science,74.9,7.35,5.0,5,3,4,6.3,7,7.1,5.7,11.0,5,7.2,2,42.88,55.82,44.1,Moderate
STU1080,24,Female,3,Arts,72.6,7.8,5.9,6,2,8,3.9,2,8.2,1.7,9.0,1,4.1,1,56.37,23.63,65.64,High
STU1081,22,Male,2,Commerce,85.9,8.72,4.8,5,0,6,6.5,7,5.6,4.0,11.2,4,6.7,2,36.26,54.09,53.38,Moderate
STU1082,19,Female,3,Medicine,88.8,8.14,6.4,5,2,4,7.3,8,6.5,3.7,13.0,4,7.2,2,37.41,57.79,42.15,Moderate
STU1083,20,Male,2,Commerce,80.6,7.5,5.3,3,0,4,5.9,6,7.4,3.6,11.5,6,6.4,1,27.37,48.82,59.94,Moderate
STU1084,22,Male,2,Medicine,78.7,7.3,4.7,4,2,2,8.4,10,4.2,7.8,12.1,4,9.5,3,29.63,75.82,18.72,Low
STU1085,24,Female,3,Computer Science,83.3,7.88,8.7,7,0,7,4.7,5,10.6,2.1,8.8,3,4.5,1,50.23,31.41,52.01,Moderate
STU1086,20,Female,1,Commerce,96.9,7.77,4.7,9,3,7,6.7,7,8.4,4.1,11.1,2,4.4,1,59.37,45.83,62.98,High
STU1087,21,Female,3,Commerce,82.6,6.17,3.8,5,5,5,5.7,8,6.5,3.7,9.0,2,2.4,2,51.89,45.52,51.24,Moderate
STU1088,19,Male,3,Engineering,82.6,7.21,7.9,7,2,6,8.4,7,7.7,3.0,10.5,4,7.1,2,53.47,55.51,57.51,Moderate
STU1089,27,Male,2,Design,73.0,6.62,6.3,6,4,5,5.2,7,6.9,6.8,8.3,2,7.9,1,54.61,48.26,45.67,Moderate
STU1090,19,Female,1,Computer Science,83.5,7.72,7.4,8,3,8,4.6,3,11.0,1.3,9.4,3,4.0,1,64.49,26.1,78.2,High
STU1091,24,Male,1,Computer Science,65.4,7.47,7.7,6,2,6,4.7,5,10.5,5.0,8.1,4,4.0,1,52.96,36.45,57.77,Moderate
STU1092,21,Female,4,Computer Science,81.2,7.44,4.6,3,3,1,7.1,9,6.3,8.5,11.5,7,9.2,3,25.79,72.32,26.95,Low
STU1093,21,Female,3,Engineering,86.8,8.25,5.7,5,1,4,9.2,10,8.3,5.4,16.7,5,7.7,2,33.98,70.46,22.41,Low
STU1094,20,Male,1,Business,75.2,6.35,5.1,5,2,5,6.4,6,8.7,7.1,10.4,5,5.3,1,44.91,51.46,55.48,Moderate
STU1095,19,Female,2,Business,72.2,6.22,4.8,6,3,5,5.6,5,7.7,2.4,8.1,4,2.2,1,51.16,37.15,60.46,High
STU1096,19,Female,3,Engineering,85.5,8.16,7.4,8,1,6,5.9,8,7.7,6.2,8.1,2,8.7,2,50.76,52.2,53.7,Moderate
STU1097,19,Female,4,Commerce,75.4,6.37,6.8,6,1,7,6.0,7,5.9,7.0,9.1,4,5.4,2,52.71,54.9,38.52,Moderate
STU1098,19,Female,1,Design,70.8,6.49,3.7,4,3,4,8.0,9,5.1,4.5,3.9,6,5.1,3,41.13,62.49,37.71,Moderate
STU1099,22,Female,1,Engineering,90.0,8.61,6.3,5,4,4,7.3,8,6.5,7.3,8.2,4,5.5,1,42.34,57.99,41.82,Moderate
STU1100,20,Female,4,Computer Science,81.2,8.33,7.5,6,2,5,7.2,9,9.1,4.3,10.0,4,6.9,2,45.39,55.37,35.16,Moderate
STU1101,18,Male,1,Arts,84.9,6.65,2.8,4,3,3,5.4,7,4.2,8.1,12.0,5,7.8,1,34.43,59.43,42.79,Moderate
STU1102,25,Female,1,Commerce,79.0,7.71,2.2,2,1,1,8.7,10,4.5,7.4,15.7,6,12.7,3,14.93,82.16,23.37,Low
STU1103,23,Male,4,Arts,79.4,7.36,2.9,4,1,2,7.8,7,2.8,7.0,16.8,6,9.4,2,24.92,72.64,15.27,Low
STU1104,23,Female,3,Engineering,84.1,6.17,3.2,9,1,3,7.4,9,6.8,8.6,16.3,7,9.5,2,43.59,73.68,34.72,Moderate
STU1105,27,Female,1,Commerce,60.3,6.91,6.2,7,1,6,6.2,6,7.9,5.4,7.7,2,5.1,1,53.27,44.03,61.18,High
STU1106,19,Male,1,Computer Science,69.1,6.78,5.0,7,3,7,5.0,6,8.7,3.0,11.2,3,2.6,1,60.35,37.41,74.44,High
STU1107,20,Other,1,Engineering,100.0,6.98,6.0,4,5,4,8.2,10,6.4,5.2,11.7,5,9.8,2,43.37,68.39,43.66,Moderate
STU1108,21,Female,1,Medicine,69.7,7.64,8.2,7,5,6,4.5,6,9.4,4.6,10.1,3,5.5,1,64.15,38.96,55.06,Moderate
STU1109,21,Male,4,Engineering,72.5,6.95,9.3,9,3,9,5.8,3,9.6,3.5,7.3,4,7.0,1,75.31,36.64,62.44,High
STU1110,19,Male,2,Computer Science,86.8,8.47,6.6,6,0,5,6.5,6,11.0,4.9,6.4,5,3.8,2,37.47,44.46,48.58,Moderate
STU1111,22,Male,3,Engineering,89.5,8.36,8.3,8,1,6,6.2,6,5.4,4.8,12.4,3,3.3,1,50.51,48.42,56.38,Moderate
STU1112,19,Male,4,Computer Science,72.2,7.1,8.9,7,5,8,4.8,2,11.4,1.4,4.0,2,4.0,0,71.88,19.08,76.38,High
STU1113,19,Female,2,Commerce,89.5,8.63,5.0,4,5,3,7.9,6,7.7,5.0,12.7,6,6.0,1,38.2,56.62,37.33,Moderate
STU1114,20,Female,1,Medicine,91.9,8.64,8.9,7,3,8,5.2,5,8.4,2.7,10.7,4,4.2,2,60.03,39.95,66.07,High
STU1115,21,Male,2,Computer Science,94.5,8.19,6.1,4,1,3,7.8,8,7.8,5.0,16.8,5,9.1,2,27.02,64.08,39.42,Moderate
STU1116,21,Female,4,Computer Science,78.3,7.77,6.5,5,3,4,7.1,8,8.6,7.7,12.2,4,8.8,2,42.86,61.46,38.36,Moderate
STU1117,19,Male,4,Computer Science,91.2,7.75,6.6,7,0,4,7.2,10,6.4,4.6,10.7,5,8.3,2,37.38,63.14,37.13,Moderate
STU1118,22,Female,1,Commerce,66.3,6.97,6.7,9,2,7,4.8,3,10.0,3.0,8.1,3,4.7,1,64.47,30.19,72.12,High
STU1119,19,Female,3,Computer Science,96.0,8.11,3.5,2,0,2,7.9,9,6.3,6.9,10.7,5,12.5,3,12.84,71.5,17.79,Low
STU1120,19,Male,3,Design,76.9,7.32,5.0,4,1,3,8.6,9,7.5,5.8,9.2,5,10.2,2,30.48,66.52,38.77,Moderate
STU1121,23,Female,4,Computer Science,84.7,7.84,4.8,4,2,1,7.9,7,9.6,7.2,8.3,5,11.4,3,24.48,62.88,27.43,Low
STU1122,24,Male,1,Engineering,86.1,6.36,3.0,2,1,3,8.8,10,4.2,7.2,13.5,8,12.1,2,23.33,81.83,28.22,Low
STU1123,22,Male,3,Business,86.7,6.85,4.6,5,1,3,7.0,7,4.7,2.8,14.8,5,6.3,1,32.08,55.88,32.98,Moderate
STU1124,22,Male,4,Commerce,78.5,5.64,6.4,5,3,6,5.3,8,7.3,2.7,7.5,3,2.0,1,52.96,40.52,73.79,High
STU1125,21,Male,2,Computer Science,91.9,7.31,5.9,7,1,5,5.9,6,10.4,4.9,10.6,3,9.1,2,43.75,46.57,48.18,Moderate
STU1126,21,Male,2,Business,89.0,7.42,3.7,4,1,4,7.2,6,7.3,6.2,10.7,4,5.5,2,30.55,54.71,42.75,Moderate
STU1127,19,Male,1,Medicine,70.9,8.09,8.4,9,3,8,5.8,6,6.3,3.4,9.3,4,6.3,1,69.59,45.83,71.59,High
STU1128,20,Male,2,Business,64.3,5.86,6.3,7,2,8,4.3,4,8.2,2.3,7.9,2,5.8,1,64.1,30.84,66.08,High
STU1129,20,Female,2,Commerce,90.8,7.88,6.8,8,3,7,5.8,5,7.9,3.4,6.4,3,3.5,1,59.18,37.76,63.31,High
STU1130,19,Female,4,Commerce,66.8,6.91,6.8,7,3,5,5.5,5,9.6,4.1,7.8,5,6.5,2,55.35,42.85,57.2,Moderate
STU1131,21,Female,2,Arts,84.1,7.0,3.2,3,0,4,6.3,7,7.5,5.7,10.5,3,8.6,2,25.87,53.55,52.34,Moderate
STU1132,20,Female,2,Computer Science,99.9,8.05,5.4,2,3,2,8.3,10,7.7,6.7,8.8,6,9.9,1,22.88,67.63,40.48,Moderate
STU1133,19,Male,3,Commerce,89.2,7.71,8.0,8,3,9,3.0,3,11.1,0.1,8.2,3,5.8,1,67.39,20.21,68.63,High
STU1134,19,Male,1,Medicine,81.0,7.6,9.1,7,4,6,5.6,4,8.7,6.6,6.8,3,3.5,1,60.08,39.59,52.76,Moderate
STU1135,21,Male,2,Computer Science,80.1,8.23,6.6,7,3,8,6.0,6,9.9,4.8,8.5,3,5.4,1,60.77,42.1,63.67,High
STU1136,18,Female,3,Computer Science,66.3,5.72,5.5,7,3,7,5.9,6,9.1,4.5,10.9,4,6.9,1,63.0,45.74,59.87,Moderate
STU1137,22,Male,4,Computer Science,79.6,7.42,9.6,9,1,8,5.4,3,9.0,4.2,3.5,2,5.1,1,64.26,31.58,78.69,High
STU1138,20,Female,3,Commerce,88.3,7.33,4.7,2,1,3,8.5,10,6.3,5.2,15.0,6,10.3,2,22.76,72.6,28.44,Low
STU1139,20,Male,3,Commerce,84.8,6.83,6.3,7,1,8,5.9,6,9.0,3.8,2.6,4,3.8,1,56.07,38.59,59.12,Moderate
STU1140,21,Male,1,Medicine,70.8,7.53,7.8,7,3,7,6.4,8,6.3,5.4,5.8,3,7.4,1,61.15,51.62,47.96,Moderate
STU1141,22,Female,4,Computer Science,75.6,7.92,7.2,7,1,7,5.8,7,6.9,6.0,8.3,3,1.4,1,53.2,45.69,50.38,Moderate
STU1142,20,Female,1,Medicine,88.3,7.9,6.9,8,2,5,4.6,4,7.1,1.8,8.3,5,4.9,1,49.98,35.57,52.24,Moderate
STU1143,21,Female,3,Arts,84.7,7.94,5.1,7,1,6,4.9,6,10.0,6.0,10.6,2,9.9,2,46.57,45.11,48.19,Moderate
STU1144,21,Male,1,Engineering,82.6,7.86,8.2,7,4,8,4.5,6,9.5,4.0,8.4,3,6.2,1,65.3,37.56,61.33,High
STU1145,19,Male,4,Commerce,86.2,6.17,5.4,4,1,4,5.8,7,6.1,8.5,10.4,5,6.2,2,34.52,58.78,35.22,Moderate
STU1146,22,Male,3,Design,84.0,7.48,4.6,5,1,4,6.8,7,7.4,5.8,15.0,3,7.0,2,34.81,56.42,39.56,Moderate
STU1147,22,Female,3,Design,77.9,6.07,3.7,2,0,2,9.2,10,5.4,7.2,13.0,7,9.5,3,19.43,80.02,24.15,Low
STU1148,21,Female,1,Medicine,83.6,6.49,6.0,7,0,4,7.0,8,9.6,4.3,14.1,5,5.4,1,40.25,53.19,51.08,Moderate
STU1149,22,Male,2,Business,82.7,7.91,3.5,4,3,5,6.5,6,9.4,5.0,9.2,4,7.9,2,39.95,49.34,51.32,Moderate
STU1150,22,Male,3,Engineering,65.0,8.19,9.6,9,3,9,4.6,2,10.0,5.1,10.6,2,4.9,1,74.74,31.24,61.2,High
STU1151,21,Female,3,Business,77.1,6.44,3.4,5,4,3,7.8,9,5.0,8.1,13.2,7,8.4,2,42.36,73.87,25.15,Low
STU1152,22,Female,1,Engineering,97.6,7.36,5.3,3,0,3,8.7,9,8.4,6.7,14.1,6,8.4,3,21.44,71.28,22.54,Low
STU1153,21,Male,4,Engineering,86.7,8.24,7.4,7,0,5,7.4,8,7.2,1.5,11.3,4,6.2,1,41.32,50.78,37.0,Moderate
STU1154,21,Female,4,Computer Science,82.1,7.56,6.4,5,2,2,7.0,9,9.6,5.9,11.6,6,10.5,2,32.83,62.32,38.6,Moderate
STU1155,21,Female,2,Design,71.9,7.45,4.7,3,2,5,8.5,10,5.5,6.3,17.6,7,8.6,3,37.74,78.26,29.61,Low
STU1156,21,Female,4,Engineering,79.9,6.99,8.5,10,3,8,5.4,5,8.8,3.7,7.5,1,1.7,0,72.78,31.21,71.78,High
STU1157,19,Male,2,Computer Science,76.5,8.65,5.8,7,2,5,6.1,6,8.8,4.1,12.5,5,5.8,1,47.0,47.37,59.55,Moderate
STU1158,23,Male,2,Computer Science,80.0,8.48,7.5,10,2,7,5.1,5,9.2,4.1,7.7,2,3.9,1,63.12,34.97,61.57,High
STU1159,22,Male,2,Business,83.1,6.03,2.7,5,0,2,8.4,10,5.5,9.6,11.0,6,8.7,2,26.13,76.77,16.35,Low
STU1160,18,Male,3,Business,80.8,7.2,6.0,4,1,4,7.9,7,10.1,3.7,6.1,5,3.2,2,34.2,48.82,41.27,Moderate
STU1161,22,Male,3,Medicine,78.8,6.9,8.8,9,1,5,7.5,8,6.5,1.8,9.6,4,5.5,1,54.59,51.01,35.95,Moderate
STU1162,19,Female,2,Commerce,90.1,7.81,6.6,4,2,5,6.1,7,9.4,3.6,12.0,5,5.3,1,38.47,47.01,43.8,Moderate
STU1163,20,Male,3,Medicine,86.9,8.56,10.1,9,3,7,5.1,6,7.3,3.0,11.4,4,4.6,1,64.22,42.0,42.59,Moderate
STU1164,21,Female,3,Engineering,88.5,8.54,5.9,5,1,3,7.2,8,5.4,4.9,10.4,6,6.2,2,30.04,61.11,34.78,Moderate
STU1165,19,Male,3,Business,78.0,7.18,6.8,7,4,8,5.2,2,10.7,2.4,7.7,2,1.5,0,66.03,22.71,80.11,Very High
STU1166,22,Female,1,Computer Science,75.6,5.89,5.4,7,1,5,5.6,5,9.8,0.8,12.9,3,6.8,2,48.42,38.21,59.22,Moderate
STU1167,22,Female,4,Engineering,75.6,7.44,7.4,7,1,5,6.5,6,12.7,2.1,4.4,2,5.8,1,47.5,33.22,59.56,Moderate
STU1168,20,Female,2,Engineering,92.8,7.08,4.2,6,2,3,8.8,9,5.8,6.0,13.4,5,7.9,1,36.12,68.25,37.82,Moderate
STU1169,18,Female,1,Medicine,96.8,8.08,6.0,3,0,3,9.8,10,6.1,7.2,17.6,7,10.7,3,20.96,84.03,13.01,Low
STU1170,19,Female,1,Medicine,71.8,7.61,8.0,7,4,8,5.9,5,6.1,1.8,10.2,4,1.0,1,67.35,39.2,48.73,Moderate
STU1171,21,Female,2,Medicine,88.7,8.63,8.3,6,1,7,5.8,4,7.3,4.1,9.1,3,7.3,2,47.97,43.38,43.17,Moderate
STU1172,26,Other,4,Computer Science,77.5,6.27,4.2,5,2,2,8.5,8,4.9,5.7,17.3,5,10.8,2,33.91,71.86,35.64,Moderate
STU1173,21,Female,2,Medicine,84.4,8.26,8.3,8,0,6,6.4,6,8.7,4.6,7.0,3,7.5,2,48.53,46.65,58.36,Moderate
STU1174,19,Male,3,Engineering,85.8,8.31,7.3,9,1,7,7.3,7,7.5,2.3,7.1,3,7.4,1,56.49,47.14,64.66,High
STU1175,21,Male,1,Computer Science,84.7,7.78,4.1,3,0,2,7.2,8,6.5,7.1,19.0,6,10.6,2,18.56,70.37,14.42,Low
STU1176,20,Other,2,Computer Science,80.8,7.48,5.4,5,5,4,8.1,7,6.4,3.7,11.8,4,4.6,2,48.01,56.19,54.99,Moderate
STU1177,22,Male,4,Design,71.5,7.2,5.9,9,1,5,7.1,6,8.7,3.7,10.4,4,5.1,1,52.89,46.98,43.42,Moderate
STU1178,19,Male,3,Engineering,91.3,8.33,5.3,4,0,3,7.7,9,7.9,3.1,13.3,5,7.9,2,23.65,59.95,35.05,Moderate
STU1179,21,Female,1,Commerce,80.2,6.6,5.3,6,1,6,6.6,5,6.6,5.2,7.0,4,7.9,2,46.94,50.39,52.64,Moderate
STU1180,20,Female,2,Design,67.8,6.64,5.5,6,4,6,6.7,7,9.3,4.2,11.4,3,4.5,2,58.11,48.08,49.97,Moderate
STU1181,25,Female,1,Commerce,97.0,7.78,2.1,3,1,1,8.1,10,4.5,6.0,14.6,5,9.2,2,14.51,72.55,27.05,Low
STU1182,20,Male,2,Medicine,85.9,6.92,6.0,5,0,4,7.6,7,7.9,7.4,15.1,5,10.2,2,33.59,65.21,17.79,Low
STU1183,21,Male,4,Engineering,69.6,7.99,6.4,9,4,5,7.8,6,10.2,5.1,13.0,4,6.6,1,61.31,51.65,47.38,Moderate
STU1184,24,Female,3,Engineering,82.5,7.7,5.0,7,2,4,6.9,7,5.8,5.1,6.6,4,6.9,1,43.58,52.82,39.54,Moderate
STU1185,19,Female,1,Commerce,90.9,7.67,5.8,3,0,4,8.3,9,6.7,4.1,12.5,6,9.8,2,25.79,66.67,34.52,Moderate
STU1186,24,Male,4,Medicine,86.4,8.65,9.1,7,3,5,6.4,8,7.8,4.3,8.8,5,7.3,2,51.1,53.83,53.35,Moderate
STU1187,21,Female,3,Business,93.4,8.64,6.1,6,1,6,5.9,4,8.8,3.3,4.5,4,3.2,2,42.01,36.95,54.18,Moderate
STU1188,18,Male,2,Business,84.9,7.91,3.9,3,1,2,8.5,10,4.8,6.7,12.8,6,7.6,1,21.14,72.01,26.13,Low
STU1189,20,Male,2,Computer Science,83.1,8.37,7.9,8,2,7,4.9,5,9.9,4.6,8.4,4,9.4,1,57.56,40.86,67.93,High
STU1190,21,Male,3,Computer Science,79.0,8.16,7.1,4,5,5,7.9,7,8.2,5.9,12.3,4,6.0,1,49.15,56.36,43.65,Moderate
STU1191,18,Male,3,Commerce,79.8,7.84,6.0,5,1,5,6.7,7,8.3,1.7,11.9,3,2.4,1,39.41,42.67,45.05,Moderate
STU1192,21,Male,2,Engineering,88.9,7.54,5.3,5,2,5,6.2,7,7.0,5.3,9.9,4,6.9,2,40.81,53.05,42.74,Moderate
STU1193,20,Male,2,Computer Science,84.0,8.98,8.8,7,2,6,4.4,3,12.4,4.8,3.0,2,1.9,0,51.03,21.65,57.28,Moderate
STU1194,21,Male,1,Business,90.9,6.64,4.9,4,1,5,7.8,9,7.4,4.7,11.8,5,6.5,2,35.87,61.53,41.83,Moderate
STU1195,18,Male,4,Computer Science,89.5,8.58,7.7,7,4,5,7.3,6,8.9,2.9,7.3,3,8.8,2,52.53,47.45,43.31,Moderate
STU1196,22,Female,3,Arts,76.2,6.85,4.5,7,3,7,5.3,5,6.4,3.8,5.8,4,4.6,2,58.63,42.01,56.98,Moderate
STU1197,25,Female,1,Commerce,79.1,7.27,3.4,3,0,4,6.3,6,7.2,5.5,11.1,6,8.3,2,26.42,55.77,42.15,Moderate
STU1198,25,Female,3,Design,84.7,8.16,7.4,8,3,8,5.1,3,11.8,3.0,5.5,4,2.6,2,63.56,29.19,65.26,High
STU1199,21,Female,4,Computer Science,85.2,7.52,8.2,7,3,7,5.4,7,8.8,6.3,10.4,4,10.0,2,59.1,52.51,45.45,Moderate
STU1200,19,Male,4,Computer Science,75.3,7.93,5.9,9,0,5,5.5,6,9.3,5.0,12.7,5,5.8,2,48.04,48.2,52.44,Moderate
STU1201,21,Male,2,Medicine,89.7,8.53,4.6,3,1,3,8.4,8,4.2,7.7,13.5,5,9.2,2,23.22,72.42,30.85,Moderate
STU1202,18,Female,1,Computer Science,85.4,7.22,6.1,4,4,7,5.2,5,9.5,3.3,7.9,3,6.7,2,52.48,38.59,61.48,High
STU1203,18,Female,2,Engineering,83.1,7.0,4.5,4,1,4,8.6,8,6.2,2.9,13.8,6,11.0,2,32.9,66.08,37.27,Moderate
STU1204,20,Other,1,Engineering,88.5,8.21,7.5,7,3,4,6.8,6,8.1,3.3,9.9,4,5.0,1,46.82,45.9,45.18,Moderate
STU1205,20,Female,4,Computer Science,77.7,8.2,6.3,8,0,7,5.4,6,10.7,2.2,5.0,4,5.8,1,51.41,35.33,74.48,High
STU1206,22,Female,1,Computer Science,89.3,7.83,6.2,3,3,4,8.2,9,7.9,6.6,16.3,6,9.0,3,35.12,71.78,39.41,Moderate
STU1207,21,Male,1,Design,97.6,6.54,2.7,5,2,3,7.2,9,6.8,5.2,13.1,5,8.3,3,32.19,64.77,28.66,Low
STU1208,20,Male,2,Computer Science,88.0,7.61,5.2,6,0,6,7.6,5,8.8,4.1,8.7,4,3.5,2,40.87,46.98,48.62,Moderate
STU1209,19,Female,2,Computer Science,77.4,8.84,7.5,7,1,7,5.3,7,11.1,2.6,9.1,2,2.5,1,51.62,34.2,62.87,High
STU1210,28,Female,4,Commerce,66.1,7.73,7.5,8,3,7,5.9,5,9.1,1.8,3.2,4,2.4,1,64.13,33.17,66.69,High
STU1211,20,Female,2,Arts,76.2,7.47,6.0,4,1,6,7.0,6,4.8,5.5,11.1,3,4.9,2,41.18,54.53,46.59,Moderate
STU1212,20,Male,1,Engineering,66.1,7.05,7.5,7,1,9,3.0,3,9.0,1.2,4.6,3,5.7,2,63.15,24.09,69.53,High
STU1213,19,Male,1,Computer Science,75.8,7.79,5.9,7,0,7,5.2,6,10.3,1.2,6.0,3,1.3,1,49.3,29.97,64.12,High
STU1214,22,Female,2,Commerce,89.1,7.93,4.4,6,1,4,7.5,8,5.4,4.1,9.1,5,9.0,2,35.82,60.73,44.11,Moderate
STU1215,21,Male,1,Business,81.0,6.98,6.8,5,1,6,6.6,6,8.3,3.1,12.5,3,8.6,2,44.64,48.91,50.88,Moderate
STU1216,19,Male,3,Design,83.9,7.08,4.0,6,0,5,6.0,7,7.4,5.0,14.2,4,9.3,2,38.11,55.32,36.76,Moderate
STU1217,19,Female,3,Commerce,66.7,7.03,7.1,9,5,8,6.2,6,7.6,4.9,9.7,4,4.4,1,76.97,46.66,73.96,High
STU1218,21,Male,3,Engineering,88.1,8.44,7.1,6,4,6,4.5,5,10.2,3.1,9.6,4,7.2,1,53.06,36.25,58.03,Moderate
STU1219,21,Male,4,Medicine,76.7,9.39,6.8,5,2,1,8.6,9,6.0,5.8,11.3,5,6.3,3,27.68,68.36,31.2,Moderate
STU1220,19,Female,4,Computer Science,81.6,7.22,7.3,7,2,7,4.8,6,10.9,3.0,6.0,3,1.8,1,56.45,31.17,59.53,Moderate
STU1221,24,Female,4,Commerce,72.4,8.09,7.0,5,0,7,7.3,4,8.5,2.0,7.7,3,6.6,2,44.73,41.97,61.11,High
STU1222,19,Male,1,Design,82.6,8.5,4.0,4,3,3,7.0,9,8.5,5.6,13.8,5,9.2,2,32.73,62.12,30.97,Moderate
STU1223,20,Male,1,Arts,86.8,6.73,4.7,5,0,5,7.5,7,7.3,3.8,13.0,5,8.9,1,36.01,56.64,38.87,Moderate
STU1224,24,Male,2,Engineering,85.9,6.75,6.3,4,3,5,7.0,7,8.1,7.2,14.8,5,7.4,2,43.68,60.95,60.22,High
STU1225,20,Male,4,Computer Science,77.4,8.0,6.7,8,3,7,5.5,5,9.8,2.9,12.1,1,4.0,2,61.13,36.31,48.92,Moderate
STU1226,21,Male,4,Medicine,77.1,8.34,7.9,6,2,7,5.8,6,9.6,4.8,10.6,4,7.4,2,53.06,47.18,46.53,Moderate
STU1227,20,Female,4,Commerce,86.4,8.27,5.3,7,5,6,7.9,7,7.4,4.4,9.7,4,6.6,1,57.9,54.13,60.04,High
STU1228,19,Male,1,Design,96.0,8.0,4.2,7,1,4,7.1,7,8.5,5.4,12.7,3,7.5,2,37.17,54.59,42.17,Moderate
STU1229,26,Female,4,Computer Science,89.5,7.94,6.7,6,5,5,8.9,8,7.7,5.5,12.1,3,6.1,2,52.99,61.24,50.21,Moderate
STU1230,20,Female,2,Engineering,98.6,7.68,7.0,6,1,6,5.8,7,7.8,4.8,9.3,6,4.5,1,43.49,49.17,37.28,Moderate
STU1231,23,Male,1,Medicine,87.7,8.21,5.2,3,0,3,8.4,10,4.8,5.6,10.8,6,8.9,2,21.59,71.61,23.57,Low
STU1232,19,Male,2,Engineering,93.9,7.21,3.7,3,2,3,8.8,9,6.0,8.8,13.9,5,7.9,2,26.97,74.14,25.52,Low
STU1233,19,Female,1,Business,79.2,5.69,3.0,4,1,5,7.2,8,5.8,1.8,13.0,6,10.8,2,37.82,60.36,38.84,Moderate
STU1234,18,Male,3,Medicine,90.7,9.13,6.4,2,2,3,7.3,10,3.2,6.7,12.6,4,7.7,2,23.78,69.56,27.76,Low
STU1235,21,Female,2,Design,68.3,7.93,5.9,7,2,5,7.1,7,9.2,3.1,11.9,3,6.0,1,49.65,47.27,35.3,Moderate
STU1236,20,Female,2,Commerce,74.2,5.98,7.6,9,2,8,4.4,4,10.3,2.8,8.1,3,6.3,0,68.89,29.47,68.68,High
STU1237,22,Female,3,Design,92.4,7.32,3.1,3,3,3,8.3,9,7.5,7.9,16.2,5,6.6,2,29.54,69.91,41.03,Moderate
STU1238,20,Male,4,Engineering,76.2,6.69,7.6,6,0,7,6.3,6,7.7,6.3,6.8,4,6.7,1,49.71,49.01,49.52,Moderate
STU1239,25,Male,3,Business,97.2,7.8,5.2,8,0,5,5.1,5,7.7,3.3,9.7,2,5.0,1,41.24,37.24,45.08,Moderate
STU1240,19,Female,2,Engineering,97.3,8.04,5.4,8,1,5,5.2,4,9.9,3.0,5.9,4,6.6,2,43.99,36.2,49.43,Moderate
STU1241,22,Male,4,Medicine,84.0,8.3,6.0,9,3,6,7.3,7,4.4,5.3,11.8,3,4.6,2,58.39,57.36,59.46,Moderate
STU1242,22,Female,4,Computer Science,78.8,8.44,8.0,8,4,7,4.7,5,11.1,2.8,6.8,3,6.2,1,64.24,32.02,47.19,Moderate
STU1243,22,Male,1,Medicine,97.0,7.34,3.7,3,1,2,7.2,10,4.0,7.7,17.2,6,12.0,1,19.91,75.86,26.81,Low
STU1244,22,Female,3,Engineering,80.4,8.57,7.3,7,4,7,5.7,8,8.2,2.4,5.8,3,4.9,1,60.4,41.26,62.39,High
STU1245,21,Female,2,Engineering,87.2,7.85,5.7,5,2,2,8.9,10,7.6,9.8,16.9,5,9.1,3,30.91,79.71,19.56,Low
STU1246,21,Male,1,Arts,87.6,7.34,3.9,2,1,5,7.1,8,4.4,8.0,11.7,5,8.6,1,28.86,65.96,54.09,Moderate
STU1247,19,Female,3,Computer Science,87.5,6.86,4.3,5,1,4,6.3,8,7.7,4.4,14.1,5,7.0,1,35.01,54.6,47.33,Moderate
STU1248,18,Female,4,Design,71.1,7.44,5.2,6,4,3,8.6,7,6.6,5.5,12.5,3,10.6,2,45.97,63.19,42.78,Moderate
STU1249,23,Male,1,Arts,76.0,6.74,5.4,4,0,3,7.9,9,6.9,6.7,14.1,5,9.8,3,28.93,70.41,38.05,Moderate
STU1250,21,Other,4,Computer Science,80.5,6.91,6.8,5,1,4,7.3,8,7.5,2.8,15.6,5,7.7,1,38.18,56.5,45.39,Moderate
STU1251,22,Female,4,Commerce,95.2,8.24,4.2,5,0,4,6.9,10,6.9,7.6,12.9,7,6.7,2,28.34,68.74,32.99,Moderate
STU1252,20,Female,4,Engineering,90.8,6.91,4.6,4,1,3,7.6,9,6.8,6.0,15.6,4,4.9,1,28.52,61.52,35.0,Moderate
STU1253,19,Female,1,Computer Science,75.4,6.99,5.3,4,2,2,8.1,9,5.6,7.0,14.9,6,6.8,2,31.2,70.91,26.2,Low
STU1254,19,Male,4,Engineering,81.8,7.89,6.5,5,2,6,7.7,7,7.2,7.3,7.9,4,8.4,1,45.74,58.44,51.51,Moderate
STU1255,21,Female,2,Arts,82.3,7.59,4.9,6,5,5,6.1,7,7.4,2.4,14.5,5,7.2,2,53.27,51.71,49.98,Moderate
STU1256,20,Male,3,Computer Science,71.8,6.88,4.7,3,2,3,8.5,7,6.4,3.5,14.1,5,9.7,2,32.04,62.83,41.65,Moderate
STU1257,19,Other,1,Commerce,100.0,7.84,3.2,1,2,2,9.3,9,3.8,7.8,11.7,5,9.6,1,15.6,74.97,28.85,Low
STU1258,20,Female,1,Medicine,83.3,8.07,7.2,4,2,6,7.2,7,6.2,5.0,13.1,4,7.3,1,43.0,56.58,50.44,Moderate
STU1259,18,Female,3,Business,87.8,7.41,5.2,5,0,2,8.2,8,6.1,4.7,9.7,3,9.5,3,25.13,62.62,28.13,Low
STU1260,21,Female,2,Computer Science,70.4,6.97,9.0,10,4,10,3.4,4,10.6,0.8,6.1,2,4.8,1,84.48,21.68,75.03,High
STU1261,19,Female,1,Commerce,72.5,6.83,5.1,7,1,4,6.2,4,7.9,3.7,10.5,3,6.4,2,43.78,43.33,49.95,Moderate
STU1262,22,Male,1,Commerce,81.3,7.3,6.3,7,1,7,5.0,5,9.8,1.9,2.5,3,4.0,1,52.53,29.41,61.59,High
STU1263,20,Female,3,Commerce,81.2,8.52,3.9,5,1,4,7.1,7,8.0,4.0,14.2,5,5.9,1,32.96,53.59,36.8,Moderate
STU1264,20,Female,1,Arts,81.7,7.14,5.3,3,2,5,7.4,6,5.7,5.0,14.0,3,5.6,1,37.12,54.13,49.17,Moderate
STU1265,18,Male,4,Business,76.4,7.98,5.0,4,2,4,7.0,8,4.4,4.2,17.4,4,7.7,2,35.8,62.64,43.48,Moderate
STU1266,18,Female,1,Computer Science,91.8,8.44,4.0,1,0,2,8.0,8,6.1,6.8,20.0,8,8.8,2,10.63,74.47,23.8,Low
STU1267,20,Male,1,Medicine,76.9,8.24,8.9,10,3,9,4.8,4,6.2,3.2,5.3,3,4.8,1,74.87,35.21,80.61,Very High
STU1268,20,Female,2,Engineering,75.3,7.58,9.3,10,0,8,5.6,4,9.9,0.1,6.7,2,4.7,1,64.23,27.96,69.92,High
STU1269,21,Male,2,Engineering,74.7,7.86,10.4,10,5,9,3.4,3,12.3,1.6,11.3,0,4.2,1,83.12,18.95,74.03,High
STU1270,19,Male,2,Medicine,89.6,8.26,9.6,9,5,8,6.3,3,5.8,2.2,8.4,2,6.7,1,73.19,38.36,78.57,High
STU1271,21,Male,2,Engineering,88.8,7.01,2.7,3,1,1,7.8,10,6.0,3.2,19.3,6,10.4,3,17.66,71.83,26.54,Low
STU1272,22,Male,4,Engineering,80.2,6.4,6.5,7,3,4,6.1,7,8.7,1.7,6.3,4,4.8,2,50.38,42.21,62.5,High
STU1273,22,Female,3,Arts,87.1,7.31,2.9,2,0,1,8.3,8,7.4,5.8,10.0,7,8.6,2,11.83,65.94,26.43,Low
STU1274,18,Female,1,Computer Science,88.1,7.4,7.1,5,3,7,7.1,6,8.9,3.7,6.9,4,3.9,1,52.34,44.2,49.73,Moderate
STU1275,20,Male,2,Arts,75.1,6.32,5.7,6,1,7,7.2,5,7.1,3.0,7.9,3,3.9,1,51.92,43.09,45.53,Moderate
STU1276,19,Male,4,Medicine,74.6,7.03,7.4,8,2,8,5.9,4,7.4,3.3,8.7,3,7.4,1,64.13,40.55,69.06,High
STU1277,19,Female,2,Commerce,72.5,6.3,6.4,8,0,6,5.5,6,7.2,2.4,5.6,2,4.8,1,52.19,37.09,54.63,Moderate
STU1278,26,Female,1,Business,91.8,7.3,2.2,3,2,2,7.2,10,6.6,6.8,12.2,6,12.3,2,22.59,70.87,33.77,Moderate
STU1279,19,Female,3,Engineering,84.7,7.06,3.7,4,0,2,7.2,7,8.2,7.3,17.0,5,11.9,2,22.2,65.66,13.32,Low
STU1280,20,Female,3,Engineering,90.8,7.4,3.1,5,3,1,8.5,10,6.4,7.7,14.6,6,10.8,2,28.56,76.37,31.12,Moderate
STU1281,21,Female,3,Engineering,78.7,8.39,4.7,4,2,4,7.9,8,5.7,5.6,11.4,7,8.7,1,34.48,65.56,38.85,Moderate
STU1282,21,Male,1,Engineering,90.9,7.66,5.2,3,1,2,6.4,10,8.0,6.3,11.9,5,6.3,2,21.64,60.82,42.54,Moderate
STU1283,21,Female,1,Arts,83.9,6.49,4.5,5,2,5,6.4,7,6.3,4.6,6.4,3,6.5,2,42.73,50.12,43.33,Moderate
STU1284,18,Female,3,Business,79.4,6.3,5.9,8,0,5,6.7,6,7.7,4.2,11.1,5,6.3,3,47.29,53.47,46.73,Moderate
STU1285,20,Male,1,Computer Science,90.8,8.36,4.5,3,1,1,8.0,10,7.4,6.1,9.2,5,10.9,2,16.57,67.5,36.49,Moderate
STU1286,20,Male,2,Computer Science,97.7,7.86,5.0,6,2,4,6.2,8,6.4,7.7,12.7,5,6.8,2,38.01,61.6,48.68,Moderate
STU1287,19,Male,3,Engineering,83.6,9.2,7.4,7,4,5,6.0,6,9.1,5.6,7.1,4,5.5,2,52.23,46.51,48.86,Moderate
STU1288,20,Male,2,Computer Science,93.8,7.59,5.9,3,2,1,8.8,10,8.5,5.8,17.5,6,9.9,2,21.52,72.8,16.76,Low
STU1289,18,Female,4,Commerce,79.0,7.15,7.0,9,2,7,5.2,4,9.4,3.5,5.7,2,2.7,2,62.31,32.33,65.99,High
STU1290,18,Male,4,Computer Science,87.0,7.72,4.9,5,0,2,9.0,10,9.3,2.9,14.1,5,13.3,2,24.49,67.42,36.25,Moderate
STU1291,20,Male,3,Medicine,74.0,7.12,8.4,9,4,7,5.3,3,7.2,3.3,3.8,1,3.1,1,70.36,29.58,75.66,High
STU1292,19,Female,1,Computer Science,98.3,7.38,6.7,6,4,7,6.0,5,9.8,3.3,9.0,4,3.2,1,56.12,38.33,58.11,Moderate
STU1293,21,Male,1,Engineering,86.4,8.09,6.8,5,0,4,7.4,7,7.5,3.9,11.0,4,5.8,2,32.23,53.62,55.82,Moderate
STU1294,21,Male,2,Commerce,90.4,8.53,6.4,5,2,6,5.0,3,7.7,4.1,8.0,4,6.6,1,43.16,37.53,50.69,Moderate
STU1295,22,Female,1,Medicine,95.3,7.69,8.4,8,4,9,6.2,4,7.6,4.6,8.2,2,4.9,1,69.74,39.96,68.12,High
STU1296,19,Female,4,Arts,78.3,7.38,5.8,5,4,7,5.6,6,9.1,2.1,9.6,4,6.7,2,55.93,42.17,48.3,Moderate
STU1297,19,Female,1,Business,64.7,6.53,5.6,4,5,4,5.4,6,6.8,1.9,9.9,5,5.6,1,49.67,42.95,48.47,Moderate
STU1298,19,Female,2,Engineering,71.2,8.07,9.0,7,2,7,6.2,6,8.1,3.1,6.0,4,7.3,2,58.18,45.13,56.8,Moderate
STU1299,21,Female,2,Computer Science,73.9,6.93,3.6,3,2,1,6.5,9,5.4,8.6,9.3,5,12.6,3,24.02,70.46,30.94,Moderate
STU1300,21,Male,3,Business,68.4,6.14,7.0,5,2,5,5.5,7,8.1,4.0,4.0,5,4.3,3,47.98,46.07,34.83,Moderate
STU1301,18,Female,1,Business,83.7,7.02,3.9,5,3,4,7.3,7,6.6,4.6,12.8,5,7.3,1,41.04,56.91,36.29,Moderate
STU1302,24,Male,2,Business,83.6,6.02,1.9,2,1,3,7.2,10,5.1,7.0,14.5,7,11.0,3,23.39,76.1,7.4,Low
STU1303,18,Male,2,Computer Science,83.6,8.12,8.4,8,3,9,5.2,4,11.8,0.8,10.0,3,3.1,1,67.98,27.51,57.94,Moderate
STU1304,20,Male,4,Arts,64.2,6.2,3.7,6,5,6,6.1,6,7.2,1.6,10.7,5,3.4,0,60.94,41.3,71.46,High
STU1305,21,Male,1,Engineering,80.9,6.29,4.8,6,0,4,7.7,7,7.9,3.1,6.4,5,7.2,2,37.26,52.7,37.39,Moderate
STU1306,22,Female,4,Design,70.3,8.19,7.5,7,0,5,6.4,7,5.5,2.6,10.6,3,3.8,1,44.22,46.67,65.71,High
STU1307,21,Female,4,Business,77.0,5.82,5.5,7,1,7,6.8,5,7.5,5.3,9.3,2,5.1,1,55.05,45.19,45.55,Moderate
STU1308,22,Male,2,Computer Science,83.1,7.31,2.6,3,1,2,9.3,8,8.0,7.8,18.0,7,10.1,3,21.36,77.77,28.0,Low
STU1309,20,Male,4,Business,70.4,8.64,5.7,6,4,5,5.7,7,7.4,6.4,12.2,4,4.5,1,51.17,50.7,52.16,Moderate
STU1310,22,Male,1,Engineering,85.6,7.38,7.4,10,2,9,3.4,5,8.3,2.6,5.2,1,1.3,1,70.6,24.67,73.37,High
STU1311,19,Female,4,Arts,78.7,7.21,6.2,6,2,8,5.7,3,7.6,3.5,10.2,2,5.6,1,56.59,36.68,49.56,Moderate
STU1312,23,Male,2,Engineering,93.7,7.67,4.4,3,2,3,8.0,8,6.0,5.1,15.7,4,8.9,1,26.82,63.28,28.89,Low
STU1313,20,Female,2,Arts,86.5,6.59,2.0,3,0,4,7.9,9,7.9,5.7,13.5,5,6.9,3,25.16,65.52,29.88,Low
STU1314,22,Male,2,Computer Science,77.8,8.51,7.8,7,2,6,5.4,4,10.4,2.6,9.2,3,7.4,1,52.02,34.86,56.15,Moderate
STU1315,20,Other,1,Commerce,76.4,7.71,6.9,5,1,8,6.0,5,7.7,3.3,9.2,3,3.1,2,50.94,41.21,58.22,Moderate
STU1316,21,Female,4,Medicine,64.5,8.07,11.4,10,0,10,5.9,3,8.6,1.5,2.9,2,3.6,0,73.63,26.45,70.05,High
STU1317,20,Male,1,Medicine,88.9,8.54,4.8,3,2,4,6.7,9,6.8,6.0,11.6,5,11.4,3,29.84,65.86,28.48,Low
STU1318,21,Female,3,Computer Science,66.2,6.89,7.5,7,1,7,6.7,5,10.0,3.0,10.6,4,5.1,2,56.73,43.39,56.66,Moderate
STU1319,19,Female,2,Commerce,72.7,8.6,7.8,8,3,5,7.0,4,8.2,3.0,10.7,5,7.6,1,55.16,45.95,61.73,High
STU1320,18,Male,4,Computer Science,75.1,7.52,6.8,6,1,3,5.6,6,10.0,5.0,12.8,4,7.5,2,37.51,47.61,60.36,High
STU1321,19,Male,1,Medicine,76.9,7.93,8.1,7,5,7,4.6,4,7.1,6.2,7.8,2,5.7,0,65.72,37.03,59.04,Moderate
STU1322,19,Male,3,Engineering,89.0,7.78,7.8,6,3,6,6.9,8,7.7,2.8,13.9,5,9.4,1,51.59,55.41,31.33,Moderate
STU1323,22,Male,2,Arts,85.0,7.83,5.5,7,2,7,4.5,4,9.6,4.0,7.6,2,9.7,0,53.37,33.13,66.33,High
STU1324,19,Female,3,Computer Science,79.6,7.91,8.1,7,2,10,5.6,4,8.3,0.6,11.8,3,2.7,1,66.3,33.02,76.52,High
STU1325,25,Male,1,Computer Science,86.3,8.02,5.7,6,1,6,7.1,6,7.2,3.6,8.9,3,7.8,1,43.89,48.36,38.57,Moderate
STU1326,20,Male,1,Engineering,77.8,8.1,8.3,8,5,7,6.1,3,8.2,4.3,8.0,4,4.7,1,68.23,39.13,74.31,High
STU1327,19,Female,1,Engineering,95.4,7.25,2.3,3,2,2,9.3,10,5.5,8.3,14.5,6,12.0,3,22.16,83.01,24.26,Low
STU1328,22,Other,3,Computer Science,90.6,7.84,4.3,5,0,4,7.6,8,5.7,6.7,10.7,5,9.7,2,29.86,65.84,23.2,Low
STU1329,21,Female,1,Medicine,68.1,7.58,6.7,7,2,6,6.4,5,6.8,3.5,6.7,4,6.7,1,54.27,44.42,35.04,Moderate
STU1330,20,Male,3,Business,93.8,7.81,6.1,6,4,4,8.1,7,6.1,5.8,13.2,5,7.6,2,45.66,63.64,35.91,Moderate
STU1331,21,Female,1,Commerce,77.9,6.2,2.7,6,4,6,6.9,5,5.7,4.7,7.9,4,5.5,1,54.82,48.72,61.27,High
STU1332,21,Female,4,Commerce,85.1,7.88,4.9,2,3,3,6.6,9,7.1,7.5,12.2,5,8.2,2,28.54,63.98,28.27,Low
STU1333,19,Female,4,Computer Science,82.8,6.27,4.0,3,5,1,8.0,10,7.2,5.9,13.4,7,10.0,1,32.97,69.77,32.27,Moderate
STU1334,28,Male,2,Commerce,100.0,7.85,3.7,1,1,1,9.0,10,5.1,7.1,9.5,4,8.8,2,9.67,72.01,6.18,Low
STU1335,25,Female,2,Computer Science,73.7,7.36,6.1,9,1,9,6.4,5,11.4,3.8,7.7,3,2.2,1,65.76,35.81,71.29,High
STU1336,21,Female,1,Design,64.5,6.92,6.3,7,3,6,6.0,5,9.2,2.9,4.9,3,3.1,0,58.63,33.39,60.02,High
STU1337,19,Male,1,Engineering,99.0,8.89,4.8,3,0,3,8.1,7,5.0,9.5,12.0,6,5.1,2,18.24,69.44,31.69,Moderate
STU1338,21,Male,1,Engineering,79.9,7.5,6.1,8,3,6,6.8,6,9.2,7.3,6.5,5,5.7,1,57.71,50.65,45.03,Moderate
STU1339,18,Female,3,Engineering,85.3,7.88,6.1,6,0,6,5.6,7,5.1,4.9,8.7,4,6.7,1,41.62,50.53,32.55,Moderate
STU1340,18,Female,3,Business,85.8,6.85,4.2,4,2,5,8.1,10,4.9,6.3,13.7,6,8.0,2,38.78,72.54,39.84,Moderate
STU1341,19,Female,4,Computer Science,94.1,8.65,5.3,4,1,3,7.4,8,5.0,4.5,13.6,5,9.5,1,25.65,62.42,37.42,Moderate
STU1342,20,Female,2,Commerce,76.1,6.62,3.4,2,0,4,8.1,9,4.0,4.5,11.4,5,9.2,1,25.23,65.94,24.96,Low
STU1343,22,Male,3,Computer Science,66.7,8.03,8.3,7,5,7,4.3,3,11.6,2.4,5.9,3,4.5,2,67.42,26.45,88.75,Very High
STU1344,21,Male,2,Commerce,74.2,6.06,6.7,8,1,8,6.2,3,7.5,1.0,4.1,1,4.6,2,62.23,31.18,67.25,High
STU1345,21,Male,2,Business,83.4,8.19,5.5,9,3,6,4.3,6,9.7,3.1,10.8,3,4.0,1,58.26,35.14,60.8,High
STU1346,20,Female,1,Engineering,82.8,7.88,5.7,7,2,5,7.4,6,10.5,4.0,11.8,2,2.5,1,47.15,42.68,55.67,Moderate
STU1347,20,Male,2,Medicine,88.8,8.15,6.5,5,1,3,8.5,8,6.5,8.2,11.7,6,7.8,2,31.14,70.22,34.17,Moderate
STU1348,20,Male,2,Arts,65.9,7.44,5.0,5,1,4,6.1,6,9.0,5.5,12.6,3,7.3,2,38.23,49.46,52.79,Moderate
STU1349,26,Male,3,Medicine,76.8,8.41,10.7,10,5,9,4.7,5,11.4,2.8,5.5,2,4.6,0,82.1,27.04,73.03,High
STU1350,18,Male,4,Medicine,69.2,7.86,10.1,10,3,9,6.4,7,7.0,1.5,6.1,3,3.9,0,77.78,39.44,70.11,High
STU1351,22,Male,2,Commerce,93.4,6.72,3.7,4,2,1,8.6,9,4.3,7.1,10.7,6,5.8,3,23.98,72.89,24.61,Low
STU1352,21,Male,1,Commerce,89.2,6.94,3.7,5,0,5,5.6,6,8.6,2.6,10.5,4,4.3,1,34.43,40.68,48.29,Moderate
STU1353,20,Female,2,Computer Science,93.0,6.41,3.1,4,2,2,8.2,9,8.4,8.0,18.4,6,9.9,2,27.4,73.29,39.35,Moderate
STU1354,21,Male,3,Business,81.9,7.31,4.4,6,2,5,5.4,4,8.1,4.7,9.9,3,5.4,1,44.39,39.68,51.05,Moderate
STU1355,20,Male,1,Engineering,80.3,7.27,5.2,3,0,4,6.5,9,8.3,6.6,13.3,5,10.2,2,27.72,62.84,31.13,Moderate
STU1356,22,Male,3,Computer Science,84.6,7.63,6.0,6,1,4,6.9,8,9.1,3.4,10.5,6,10.5,3,38.41,58.31,40.11,Moderate
STU1357,23,Female,4,Design,66.2,7.19,7.1,6,0,8,5.3,5,10.7,5.1,11.1,5,5.7,1,53.46,41.96,54.85,Moderate
STU1358,20,Male,4,Engineering,76.9,8.35,3.4,2,2,2,7.3,10,7.0,6.8,14.8,7,11.7,2,21.54,72.85,23.01,Low
STU1359,19,Male,1,Computer Science,79.6,6.81,3.5,6,0,4,6.6,9,5.7,5.9,15.2,4,8.2,2,35.52,63.45,38.89,Moderate
STU1360,21,Female,4,Commerce,89.0,6.96,3.7,7,1,3,9.3,9,6.8,3.4,14.6,6,5.8,2,36.32,66.74,35.39,Moderate
STU1361,23,Female,3,Business,75.7,6.92,5.1,4,0,4,8.3,7,6.0,5.2,7.1,5,5.8,3,31.77,60.84,37.12,Moderate
STU1362,19,Male,2,Business,84.2,7.97,5.5,7,4,5,7.1,7,6.6,2.8,11.9,2,5.8,2,52.6,50.1,55.89,Moderate
STU1363,21,Male,3,Arts,91.2,8.12,5.1,7,1,7,5.0,6,7.3,3.2,6.3,2,4.9,1,48.52,37.16,62.25,High
STU1364,21,Male,4,Business,80.3,6.47,8.1,8,1,8,6.5,6,8.8,3.0,8.0,1,3.9,1,61.69,38.35,69.17,High
STU1365,21,Female,2,Computer Science,83.0,7.52,4.5,6,2,5,6.0,5,8.5,4.3,12.4,5,6.2,2,43.94,47.95,55.25,Moderate
STU1366,19,Male,2,Engineering,75.4,9.46,6.4,7,2,7,6.5,6,7.3,2.7,13.7,3,4.6,1,53.0,45.45,58.11,Moderate
STU1367,21,Female,2,Design,69.4,7.92,5.7,5,2,4,8.3,7,8.0,6.3,13.0,3,10.6,2,40.43,62.17,30.49,Moderate
STU1368,23,Female,3,Engineering,100.0,8.32,4.5,3,1,1,6.9,10,6.5,10.0,15.1,6,6.2,2,15.11,72.31,16.44,Low
STU1369,19,Female,1,Commerce,74.9,8.25,5.4,5,1,5,6.7,5,8.1,6.9,8.8,3,6.9,2,39.04,50.48,41.16,Moderate
STU1370,19,Female,4,Commerce,70.1,7.87,6.5,6,3,5,6.5,8,5.6,2.6,10.8,4,7.4,1,50.17,52.26,47.9,Moderate
STU1371,25,Female,3,Engineering,80.8,7.74,6.8,6,3,5,6.4,6,7.7,3.3,10.9,5,9.8,2,48.86,51.83,43.33,Moderate
STU1372,19,Female,3,Business,67.5,7.3,5.9,5,2,5,6.3,7,9.5,3.1,10.7,4,5.6,2,45.28,46.69,43.21,Moderate
STU1373,22,Female,1,Medicine,79.1,7.29,6.7,6,3,3,7.3,8,5.1,3.8,11.1,5,8.3,2,43.14,60.59,30.97,Moderate
STU1374,20,Female,3,Medicine,83.3,7.2,6.9,6,2,2,8.4,8,7.0,6.8,13.9,5,10.3,1,36.42,67.11,32.04,Moderate
STU1375,19,Male,1,Arts,95.5,6.95,4.7,7,0,6,5.9,7,7.6,4.0,11.5,4,5.0,2,43.08,49.09,47.74,Moderate
STU1376,22,Female,1,Medicine,73.7,8.09,9.4,8,2,7,5.7,7,8.9,3.4,6.1,3,5.9,0,60.84,39.43,59.51,Moderate
STU1377,20,Female,2,Computer Science,84.3,5.91,5.9,7,5,7,7.8,5,12.5,4.6,5.8,2,4.5,1,66.02,39.08,61.13,High
STU1378,20,Male,2,Medicine,79.3,8.1,7.5,7,2,6,7.1,8,8.1,4.5,11.9,4,6.9,1,52.2,54.16,50.69,Moderate
STU1379,20,Female,3,Design,83.9,7.36,3.5,7,3,5,6.6,8,7.5,1.9,13.3,4,5.8,2,49.0,51.15,53.18,Moderate
STU1380,21,Male,1,Design,81.3,6.95,4.7,5,1,2,8.1,10,6.8,3.9,10.4,5,11.9,3,29.56,68.11,32.4,Moderate
STU1381,19,Female,2,Design,94.5,7.95,6.1,7,4,5,7.0,7,8.3,5.2,12.6,4,7.3,2,51.42,55.31,50.77,Moderate
STU1382,20,Female,1,Commerce,76.1,6.94,4.9,8,3,7,5.9,6,7.3,2.2,6.2,3,5.1,1,61.61,39.57,66.48,High
STU1383,25,Male,4,Engineering,78.6,6.81,4.9,5,3,4,7.6,8,6.7,4.8,12.7,6,10.0,1,43.08,62.62,36.43,Moderate
STU1384,19,Male,3,Business,76.4,7.68,5.1,8,4,7,6.7,5,6.7,1.0,11.2,4,2.9,1,63.49,41.36,69.35,High
STU1385,21,Male,3,Business,100.0,6.76,5.1,7,2,5,6.4,9,10.4,7.7,8.4,4,9.9,1,45.65,56.22,40.86,Moderate
STU1386,20,Male,2,Computer Science,73.6,8.94,9.3,7,5,10,4.6,3,9.8,3.6,6.5,2,2.6,0,75.58,25.63,72.36,High
STU1387,22,Male,1,Computer Science,77.5,8.5,6.4,5,0,2,7.5,9,9.5,6.2,13.0,5,8.6,2,26.03,62.5,14.83,Low
STU1388,19,Female,4,Arts,78.8,8.43,3.8,7,2,3,8.2,10,4.7,6.3,16.9,5,12.5,2,38.65,76.4,27.11,Low
STU1389,25,Female,2,Business,73.9,6.48,5.3,5,2,7,7.4,5,4.7,3.5,8.7,3,4.4,1,51.74,47.92,41.98,Moderate
STU1390,20,Female,2,Business,74.9,7.27,3.9,4,1,5,8.3,7,5.8,5.5,13.7,4,8.8,2,36.65,63.9,45.15,Moderate
STU1391,19,Female,3,Business,72.1,7.47,8.8,8,0,7,6.1,4,9.7,1.5,6.1,1,8.1,1,55.64,32.44,68.04,High
STU1392,18,Male,1,Medicine,83.5,7.96,7.7,8,3,6,6.0,6,5.2,2.3,5.9,3,6.8,2,57.68,45.08,51.73,Moderate
STU1393,19,Male,4,Commerce,71.8,8.35,6.5,6,3,7,5.0,2,9.9,5.5,6.6,2,6.6,1,55.76,32.23,58.39,Moderate
STU1394,20,Female,3,Medicine,98.5,7.84,8.6,5,4,4,7.6,7,7.2,4.2,11.9,5,7.2,2,44.13,57.62,32.22,Moderate
STU1395,20,Male,2,Computer Science,65.1,7.22,6.6,4,2,4,6.5,8,8.3,5.6,10.1,5,10.0,2,40.28,57.94,34.87,Moderate
STU1396,22,Male,1,Design,69.8,7.36,4.8,4,2,6,7.9,8,6.4,6.3,11.6,4,6.8,2,44.43,62.55,44.84,Moderate
STU1397,20,Female,1,Medicine,82.6,7.93,7.8,7,3,7,5.1,4,6.6,0.7,4.8,3,0.9,1,58.52,29.01,73.95,High
STU1398,19,Female,4,Commerce,78.4,7.55,5.5,2,2,2,7.8,10,5.1,7.3,17.2,5,9.6,1,24.38,72.85,24.9,Low
STU1399,21,Female,3,Medicine,67.2,8.58,9.3,8,2,8,5.0,5,9.2,2.8,13.2,5,5.8,1,64.36,40.5,62.45,High
STU1400,21,Female,1,Medicine,90.6,8.63,8.0,6,2,6,6.2,6,7.7,3.1,8.3,4,6.0,0,47.07,42.55,53.0,Moderate
STU1401,19,Female,1,Computer Science,76.9,7.91,5.5,7,0,7,5.6,7,12.6,3.3,8.0,4,4.9,1,48.58,37.93,51.33,Moderate
STU1402,19,Male,3,Engineering,72.8,6.79,5.7,5,5,3,6.8,9,6.9,3.5,10.1,6,7.0,1,47.41,56.52,47.37,Moderate
STU1403,18,Female,3,Computer Science,73.1,8.82,8.5,8,2,8,5.2,4,11.2,3.0,4.0,3,6.3,1,62.31,30.63,63.58,High
STU1404,21,Female,2,Computer Science,82.9,6.89,4.4,5,0,2,7.9,9,5.9,6.1,17.1,6,12.5,2,26.14,73.55,30.93,Moderate
STU1405,21,Other,2,Arts,74.5,6.4,2.7,5,1,7,7.9,7,7.2,3.6,6.5,3,4.9,1,46.61,49.18,48.23,Moderate
STU1406,20,Male,1,Computer Science,78.1,8.52,6.7,8,5,9,5.4,2,7.6,4.5,1.7,3,4.1,2,72.81,33.33,58.64,Moderate
STU1407,22,Male,3,Engineering,83.5,7.9,4.3,4,1,4,7.7,9,6.6,5.4,12.0,6,8.4,2,31.17,65.83,36.32,Moderate
STU1408,22,Female,4,Commerce,83.9,7.22,2.8,3,1,2,9.3,10,3.8,7.0,11.1,7,13.7,2,21.54,82.04,20.66,Low
STU1409,21,Female,1,Commerce,61.6,6.83,6.8,7,2,9,5.3,3,9.6,1.9,6.7,3,1.6,1,66.68,27.67,65.96,High
STU1410,22,Male,3,Computer Science,83.4,7.29,7.8,8,2,7,4.7,5,10.0,5.8,7.4,4,2.5,1,59.23,36.87,60.83,High
STU1411,19,Female,2,Design,81.9,6.63,3.5,6,3,5,5.9,6,8.9,6.8,9.8,3,6.5,3,47.77,50.69,41.43,Moderate
STU1412,19,Female,2,Design,76.6,7.37,7.1,5,2,5,6.4,6,10.4,7.9,7.9,4,8.6,1,44.64,50.4,39.07,Moderate
STU1413,19,Male,1,Computer Science,79.3,8.21,5.9,7,5,7,5.2,7,9.6,3.5,7.6,3,3.8,1,63.02,38.36,59.36,Moderate
STU1414,18,Male,4,Engineering,79.1,8.7,7.7,8,3,7,5.0,5,6.0,3.3,7.2,2,7.3,2,60.51,40.86,62.06,High
STU1415,20,Female,2,Arts,80.9,6.46,3.7,5,4,5,6.4,6,6.6,3.3,9.0,5,5.2,2,48.61,49.09,52.79,Moderate
STU1416,24,Female,3,Business,79.0,6.47,4.0,5,0,2,8.9,9,5.2,7.0,18.7,7,6.3,3,27.16,78.14,15.88,Low
STU1417,18,Female,2,Commerce,87.8,7.05,4.0,3,1,4,8.2,9,4.5,7.3,9.9,4,7.4,2,28.84,68.32,30.16,Moderate
STU1418,19,Female,1,Computer Science,72.7,8.04,8.0,8,2,7,5.6,3,10.6,3.2,5.3,2,4.0,0,59.93,27.3,58.06,Moderate
STU1419,20,Female,1,Engineering,88.1,9.01,3.8,3,2,3,7.0,9,6.6,7.6,10.4,4,11.5,2,25.02,65.9,30.09,Moderate
STU1420,24,Female,3,Medicine,81.2,6.75,9.0,10,2,8,6.1,4,9.5,3.7,9.1,2,5.1,2,70.38,38.38,64.54,High
STU1421,20,Female,1,Computer Science,93.5,7.16,3.4,6,1,4,7.3,8,7.6,6.9,11.7,4,7.5,1,35.54,59.2,39.33,Moderate
STU1422,20,Male,3,Medicine,91.4,8.15,4.5,1,1,1,8.2,10,1.0,8.5,11.1,5,9.3,2,11.27,78.94,10.74,Low
STU1423,18,Male,2,Commerce,80.9,8.4,6.9,6,4,7,5.7,7,6.6,2.4,9.9,4,6.7,1,57.49,45.94,64.27,High
STU1424,19,Male,2,Engineering,83.6,6.5,6.5,6,3,6,5.3,7,6.5,5.0,9.6,4,6.5,1,53.54,48.53,66.97,High
STU1425,26,Female,2,Design,75.0,7.29,5.3,4,2,6,6.6,9,7.8,5.9,7.3,4,6.6,2,44.1,56.01,42.14,Moderate
STU1426,25,Female,2,Business,73.6,7.94,5.2,6,1,3,7.1,8,8.2,3.9,13.6,6,8.2,2,35.72,59.02,32.83,Moderate
STU1427,18,Female,1,Engineering,78.0,9.32,9.0,8,2,8,5.6,2,9.6,0.7,7.8,1,2.0,1,61.08,23.37,60.52,High
STU1428,24,Female,2,Business,77.5,7.65,5.7,5,2,4,6.8,4,7.9,5.5,9.7,5,5.0,2,39.53,48.91,35.61,Moderate
STU1429,21,Female,3,Computer Science,82.6,7.1,5.3,7,2,6,6.6,8,6.8,8.2,8.1,7,3.0,2,51.48,60.69,52.88,Moderate
STU1430,22,Male,3,Business,76.7,7.5,4.6,4,2,5,6.4,9,8.8,4.8,10.2,4,7.9,2,39.55,54.95,38.45,Moderate
STU1431,20,Male,2,Computer Science,70.7,6.65,3.8,4,2,3,8.9,9,5.7,6.1,13.8,8,11.2,2,34.63,76.62,18.83,Low
STU1432,20,Male,2,Computer Science,84.9,8.07,7.9,6,2,6,6.4,6,9.0,3.9,11.2,6,3.6,2,48.87,48.5,41.4,Moderate
STU1433,20,Female,1,Commerce,96.8,7.59,4.7,4,1,4,7.0,7,7.0,4.2,17.1,5,9.4,2,29.8,60.21,25.36,Low
STU1434,21,Male,1,Medicine,94.5,6.61,3.3,2,0,2,9.1,10,5.1,7.7,18.9,5,11.2,3,15.43,82.41,26.02,Low
STU1435,19,Female,1,Business,85.7,6.68,2.6,5,1,4,8.2,9,7.0,7.4,11.5,6,8.6,2,34.19,69.68,42.9,Moderate
STU1436,18,Female,4,Engineering,81.0,8.59,8.8,8,3,8,6.2,5,7.6,2.7,10.5,3,4.8,0,64.63,39.44,60.85,High
STU1437,20,Female,1,Engineering,71.2,6.13,6.2,8,1,7,6.1,5,7.7,5.6,7.5,2,3.2,1,58.86,41.24,56.1,Moderate
STU1438,21,Male,1,Medicine,84.2,9.09,4.6,5,1,3,6.8,7,7.0,4.9,12.3,4,8.6,3,28.76,58.17,19.43,Low
STU1439,19,Other,2,Medicine,78.0,9.56,10.6,10,3,8,5.4,6,8.6,1.7,8.9,3,7.7,2,70.57,40.64,54.13,Moderate
STU1440,21,Female,1,Engineering,83.0,8.54,7.3,9,2,8,5.7,3,6.7,4.5,4.4,3,6.1,0,62.91,36.24,56.48,Moderate
STU1441,25,Male,3,Commerce,80.1,7.92,7.0,8,2,8,5.9,3,10.8,4.2,3.1,3,3.4,0,61.39,29.18,70.46,High
STU1442,19,Male,1,Design,77.0,6.19,7.6,8,3,7,6.4,5,11.7,3.1,6.2,3,5.1,2,64.96,37.27,81.65,Very High
STU1443,21,Female,1,Business,84.1,7.15,3.3,4,3,4,8.0,6,7.0,6.1,11.4,5,10.5,2,37.48,62.13,43.18,Moderate
STU1444,20,Female,3,Arts,71.7,6.18,5.5,3,2,7,5.7,4,6.7,4.6,12.0,5,5.0,2,47.22,46.95,48.84,Moderate
STU1445,22,Female,2,Engineering,88.7,8.3,6.0,5,5,4,7.0,6,9.7,4.2,10.8,4,5.2,1,45.83,46.56,50.69,Moderate
STU1446,19,Other,3,Commerce,77.1,8.16,7.1,6,3,9,4.9,4,9.0,0.3,4.1,3,5.8,1,62.36,27.98,67.95,High
STU1447,21,Female,3,Engineering,71.8,7.68,8.9,9,4,7,4.5,6,9.6,2.1,7.2,4,7.5,0,70.21,34.45,65.28,High
STU1448,22,Male,1,Commerce,94.1,7.13,1.9,1,1,2,7.8,8,3.0,5.9,16.2,4,13.1,2,13.68,72.09,19.48,Low
STU1449,24,Female,3,Medicine,85.4,7.54,4.2,4,1,1,7.7,10,5.4,7.3,15.7,6,7.9,3,21.37,74.92,10.17,Low
STU1450,21,Male,1,Arts,82.5,7.91,4.7,6,5,6,4.6,5,8.4,2.9,7.9,4,6.3,1,55.87,36.87,53.85,Moderate
STU1451,20,Female,3,Design,81.6,8.39,7.2,6,0,4,5.8,7,9.4,2.3,10.0,5,8.7,2,35.64,47.14,41.08,Moderate
STU1452,21,Male,2,Arts,77.9,7.35,5.1,4,1,6,6.6,5,8.8,1.3,7.5,3,6.6,1,40.35,38.47,42.48,Moderate
STU1453,22,Male,1,Business,82.5,7.32,2.2,5,3,1,7.7,9,4.2,5.2,13.8,6,8.1,2,29.33,69.0,31.58,Moderate
STU1454,21,Male,3,Business,88.3,7.91,5.4,2,1,2,8.4,10,8.2,6.3,17.8,5,11.3,3,19.04,74.25,26.31,Low
STU1455,18,Male,4,Design,84.4,7.44,6.4,7,0,7,5.9,5,11.0,1.9,8.4,4,6.7,1,48.87,36.6,65.75,High
STU1456,24,Female,4,Medicine,72.0,9.23,11.6,10,2,10,6.5,5,9.7,2.4,6.5,3,5.0,2,76.62,38.89,65.6,High
STU1457,21,Male,3,Engineering,82.9,7.04,6.1,9,3,6,5.7,6,9.9,6.4,8.3,4,9.6,2,60.76,49.26,41.43,Moderate
STU1458,21,Female,2,Engineering,70.0,7.56,7.3,7,5,7,6.2,5,9.8,1.3,9.4,3,8.0,0,66.82,36.39,77.1,High
STU1459,19,Female,1,Computer Science,70.0,6.53,5.1,5,3,6,7.9,9,7.7,6.6,12.6,3,5.3,2,51.81,61.42,37.7,Moderate
STU1460,21,Male,1,Medicine,84.2,8.33,8.7,8,3,7,5.7,5,6.7,3.9,9.3,1,5.2,1,61.11,39.69,75.99,High
STU1461,20,Female,2,Medicine,80.4,7.96,8.7,9,4,8,4.5,6,8.9,2.5,7.0,5,6.7,2,71.47,39.8,77.89,High
STU1462,21,Male,2,Medicine,65.6,8.11,9.9,9,3,7,7.0,5,8.5,4.0,8.0,3,6.3,1,68.36,44.06,59.5,Moderate
STU1463,19,Other,4,Arts,82.8,7.59,6.1,5,4,5,7.2,7,8.0,3.0,10.7,5,3.9,1,48.41,49.29,47.16,Moderate
STU1464,21,Female,2,Business,85.6,8.66,3.6,6,3,3,6.9,9,7.3,8.1,8.8,4,9.8,3,37.19,65.29,26.62,Low
STU1465,28,Male,2,Computer Science,78.5,7.17,6.7,6,2,4,7.1,7,11.0,4.9,11.5,6,7.5,1,43.77,52.44,28.27,Low
STU1466,18,Female,2,Engineering,79.5,8.7,9.3,10,2,8,4.7,4,9.3,3.2,7.2,2,3.0,1,67.67,29.85,72.75,High
STU1467,25,Female,4,Engineering,71.9,7.19,8.1,7,2,6,6.0,6,9.4,5.6,16.3,4,4.7,2,55.45,50.23,51.26,Moderate
STU1468,20,Female,3,Engineering,80.1,7.18,5.8,5,0,3,6.2,7,8.2,3.6,10.2,6,8.6,2,30.63,52.9,47.2,Moderate
STU1469,22,Male,3,Design,72.4,8.58,6.6,7,2,7,5.3,6,7.8,3.8,9.9,5,3.5,1,55.13,42.96,65.52,High
STU1470,22,Male,2,Medicine,67.6,7.59,5.5,5,3,4,7.5,8,6.4,5.4,12.3,5,6.6,2,44.11,61.53,27.74,Low
STU1471,21,Male,4,Commerce,70.2,7.23,5.6,6,0,3,7.3,9,7.3,5.5,12.4,4,9.5,3,34.81,64.13,35.65,Moderate
STU1472,21,Other,1,Business,80.4,7.23,5.6,6,4,7,4.3,6,8.4,5.4,8.5,3,7.2,2,58.44,42.74,73.76,High
STU1473,22,Female,4,Design,67.9,8.9,8.1,7,1,7,6.3,4,10.2,4.9,7.8,3,4.6,1,53.6,38.55,49.84,Moderate
STU1474,20,Female,2,Computer Science,82.6,7.64,5.5,4,3,3,9.0,10,8.0,4.4,15.5,6,10.0,2,35.42,70.92,40.81,Moderate
STU1475,20,Male,2,Commerce,70.1,6.96,4.1,6,3,6,6.2,5,9.0,4.3,11.4,3,3.9,2,53.02,43.41,57.34,Moderate
STU1476,21,Female,2,Engineering,89.5,7.44,5.1,6,0,4,7.9,8,7.4,9.1,11.3,6,7.3,1,34.16,66.62,35.86,Moderate
STU1477,22,Female,3,Engineering,79.9,7.83,6.1,5,1,5,6.8,9,7.3,5.6,9.1,4,5.7,2,39.49,57.0,40.62,Moderate
STU1478,21,Female,1,Computer Science,99.3,8.65,3.6,1,1,2,8.5,8,8.0,5.8,12.8,5,10.7,3,11.7,67.79,12.32,Low
STU1479,22,Male,4,Medicine,81.6,7.06,9.7,10,4,9,4.8,5,8.5,3.1,5.0,2,3.2,1,79.72,31.61,61.81,High
STU1480,20,Male,2,Engineering,92.4,8.81,10.0,10,2,8,6.5,5,10.4,1.4,2.1,2,0.8,0,65.92,27.0,64.48,High
STU1481,22,Female,2,Engineering,66.1,7.73,8.8,10,4,9,4.1,4,9.8,1.7,7.9,1,4.7,1,80.43,25.54,68.83,High
STU1482,19,Female,1,Commerce,93.6,7.43,5.5,6,1,6,5.5,5,7.6,4.3,4.6,5,9.0,1,43.49,43.86,53.5,Moderate
STU1483,20,Male,2,Design,86.1,7.18,5.9,4,2,4,6.2,6,9.0,8.2,14.0,5,9.4,1,36.27,56.73,55.33,Moderate
STU1484,18,Male,2,Engineering,73.5,6.97,5.5,6,1,4,6.9,6,7.8,6.3,9.3,3,9.9,2,40.94,54.41,54.46,Moderate
STU1485,20,Female,2,Computer Science,83.2,6.25,5.4,4,0,4,6.8,9,7.2,6.3,19.0,7,8.3,3,31.88,70.27,26.92,Low
STU1486,20,Male,3,Business,69.8,7.67,5.3,8,1,9,4.2,5,10.1,4.9,6.3,2,9.9,2,62.44,37.53,71.07,High
STU1487,20,Female,2,Computer Science,83.1,8.17,5.9,5,2,6,4.8,6,9.3,7.2,13.2,4,5.5,2,44.56,48.3,54.37,Moderate
STU1488,21,Female,4,Arts,75.4,7.49,6.8,5,1,4,6.6,7,6.7,5.4,7.4,5,4.8,2,38.06,53.29,43.96,Moderate
STU1489,20,Male,3,Commerce,76.4,7.14,5.8,8,4,6,6.4,3,7.4,5.0,11.2,3,3.1,1,61.64,41.25,72.81,High
STU1490,20,Male,4,Engineering,85.2,7.71,6.2,5,0,5,6.5,8,7.2,5.8,12.8,6,10.5,2,35.89,62.45,22.95,Low
STU1491,19,Female,1,Engineering,89.0,7.23,4.1,5,1,6,7.6,9,7.7,5.8,14.5,7,8.9,2,40.64,67.71,31.33,Moderate
STU1492,20,Male,2,Computer Science,86.1,7.39,4.4,4,0,3,7.0,9,7.1,6.4,12.0,7,7.9,2,25.33,65.67,35.72,Moderate
STU1493,19,Male,2,Computer Science,78.6,8.23,7.1,4,2,5,6.8,6,7.8,4.9,8.4,4,6.0,1,40.1,48.56,48.08,Moderate
STU1494,18,Male,3,Computer Science,68.6,6.74,5.4,4,3,5,6.9,5,7.1,6.3,12.3,5,7.4,2,45.83,55.89,39.94,Moderate
STU1495,21,Male,4,Commerce,70.0,6.85,5.2,7,0,4,6.0,8,5.7,7.9,15.1,5,11.7,2,41.25,66.6,26.97,Low
STU1496,21,Male,1,Computer Science,82.8,8.37,6.0,8,3,6,5.9,3,8.8,5.9,8.7,3,5.2,1,55.69,39.7,46.67,Moderate
STU1497,21,Female,1,Medicine,79.8,8.72,7.8,8,1,8,5.1,4,8.6,1.7,6.9,2,6.5,1,57.78,31.73,61.9,High
STU1498,20,Female,4,Commerce,68.1,8.68,8.4,5,4,7,6.2,5,6.9,3.3,7.0,4,2.6,1,57.63,40.85,63.64,High
STU1499,20,Female,1,Engineering,73.3,8.04,7.7,10,1,6,6.3,5,6.8,2.0,8.2,4,5.0,0,58.8,39.84,69.2,High
STU1500,22,Female,3,Computer Science,86.5,7.65,6.4,6,3,5,7.0,6,8.6,8.0,7.1,2,5.4,1,47.72,49.31,41.29,Moderate
STU1501,20,Male,3,Computer Science,70.7,7.11,6.6,7,2,7,6.8,4,10.6,2.4,5.9,4,6.5,2,57.87,39.0,57.28,Moderate
STU1502,20,Male,4,Computer Science,80.6,7.02,5.7,6,1,4,7.0,7,8.6,5.7,12.5,5,8.2,2,39.84,57.51,34.03,Moderate
STU1503,18,Female,1,Design,88.9,7.16,8.9,8,2,8,5.4,3,8.4,2.9,7.4,3,3.6,1,62.78,32.52,68.38,High
STU1504,20,Female,1,Engineering,81.6,6.93,6.4,7,0,5,6.8,9,8.7,2.9,9.4,4,10.4,2,43.52,54.62,48.81,Moderate
STU1505,20,Male,3,Design,73.6,6.93,8.8,8,2,9,4.2,5,7.6,1.5,6.9,3,7.7,1,68.96,33.73,60.96,High
STU1506,20,Female,4,Engineering,75.6,6.9,6.6,7,3,6,6.8,7,7.7,4.3,3.5,4,3.5,1,57.07,45.33,45.77,Moderate
STU1507,21,Male,2,Medicine,68.9,8.83,6.7,6,3,5,7.1,9,6.2,2.0,11.2,6,6.9,2,48.94,58.08,58.6,Moderate
STU1508,20,Female,2,Medicine,85.8,7.77,8.2,7,2,6,5.7,6,8.7,4.1,8.2,5,5.4,2,52.25,45.6,53.61,Moderate
STU1509,21,Male,3,Commerce,74.9,7.92,6.6,7,2,8,5.3,4,8.2,4.2,4.3,3,4.5,1,59.15,35.13,62.72,High
STU1510,21,Male,4,Engineering,74.7,6.55,5.1,3,0,4,7.0,10,9.6,7.1,8.5,4,10.0,1,29.77,59.74,26.06,Low
STU1511,22,Female,4,Computer Science,88.8,7.42,4.8,6,2,5,6.3,7,8.6,4.7,13.5,4,9.9,1,43.39,52.73,44.07,Moderate
STU1512,21,Female,4,Medicine,96.9,9.11,5.2,3,3,3,8.0,8,6.6,5.4,13.2,7,8.9,3,27.56,68.87,24.07,Low
STU1513,24,Female,1,Engineering,85.0,8.02,7.1,9,2,8,5.5,6,8.8,1.1,9.8,2,3.6,1,63.27,34.59,59.88,Moderate
STU1514,18,Male,1,Medicine,80.8,6.09,4.1,4,2,3,9.7,9,4.7,6.0,11.2,4,10.6,2,34.13,73.21,23.25,Low
STU1515,19,Male,3,Commerce,78.8,8.22,8.5,7,0,9,4.3,4,9.6,2.0,1.8,2,4.8,1,56.92,25.06,74.48,High
STU1516,18,Female,4,Medicine,58.7,7.89,11.2,10,5,9,5.1,4,9.8,1.8,9.1,2,2.7,2,86.4,30.73,72.5,High
STU1517,21,Male,2,Commerce,82.2,7.54,5.5,4,2,5,7.6,8,7.8,5.4,10.3,6,11.9,2,39.32,63.98,44.08,Moderate
STU1518,23,Male,1,Medicine,71.2,6.71,5.4,4,2,5,8.0,7,8.1,7.7,11.7,5,6.6,1,42.45,60.81,31.63,Moderate
STU1519,19,Female,4,Design,76.8,8.01,9.9,7,5,8,5.8,5,9.2,4.3,8.0,3,3.5,2,70.43,40.07,75.63,High
STU1520,23,Female,1,Commerce,79.0,7.23,5.3,5,1,5,6.6,5,9.7,5.0,6.8,3,8.2,1,39.98,43.7,49.28,Moderate
STU1521,18,Male,2,Medicine,88.4,6.87,4.0,2,0,1,9.4,10,4.0,8.3,20.0,6,11.3,3,13.26,87.31,17.92,Low
STU1522,24,Male,2,Commerce,84.8,7.59,4.1,5,3,5,6.9,8,5.5,3.1,11.3,4,5.4,2,43.41,54.85,31.59,Moderate
STU1523,20,Male,3,Business,83.8,7.62,5.3,4,4,6,7.0,7,8.4,4.1,10.4,3,8.1,1,48.08,50.06,53.74,Moderate
STU1524,19,Male,3,Engineering,69.8,6.73,7.8,6,4,8,5.1,5,8.2,3.1,8.9,3,3.6,1,66.21,36.28,81.33,Very High
STU1525,20,Male,2,Engineering,73.6,7.0,4.8,3,2,2,9.9,10,6.3,6.3,16.5,6,9.3,3,28.29,80.0,25.39,Low
STU1526,19,Female,3,Design,72.1,7.2,7.4,9,3,9,3.7,2,12.1,0.0,1.2,5,5.1,0,73.37,16.11,97.77,Very High
STU1527,19,Male,3,Commerce,72.9,6.76,6.4,8,4,6,5.6,7,8.1,0.1,6.2,3,3.6,1,63.36,35.3,50.48,Moderate
STU1528,20,Male,3,Computer Science,82.8,8.06,8.9,10,3,9,4.1,3,12.3,0.6,2.7,2,3.7,0,74.18,15.65,71.97,High
STU1529,22,Male,3,Business,60.9,7.69,5.9,6,3,5,6.1,6,6.9,3.6,2.7,5,5.6,3,51.51,47.12,55.34,Moderate
STU1530,20,Female,1,Computer Science,89.9,8.02,3.3,5,0,2,8.8,10,7.2,6.5,17.6,6,9.4,3,22.18,76.73,15.45,Low
STU1531,20,Female,1,Design,74.3,7.07,4.8,6,0,4,7.3,7,8.5,6.5,9.3,5,6.2,2,37.06,56.75,56.32,Moderate
STU1532,21,Female,1,Design,79.2,6.39,5.7,5,0,6,5.8,8,10.4,4.4,13.6,3,7.3,2,42.01,49.17,38.4,Moderate
STU1533,21,Female,1,Arts,87.2,7.89,2.8,4,0,3,9.1,10,4.2,7.5,15.5,6,10.8,3,22.98,82.44,25.85,Low
STU1534,19,Female,2,Computer Science,93.6,7.92,2.6,4,1,1,8.6,9,7.6,8.2,16.0,6,9.5,3,18.03,75.85,15.82,Low
STU1535,20,Male,4,Commerce,90.6,8.57,6.7,7,2,7,6.1,5,5.4,2.9,7.5,2,4.5,1,52.2,40.71,41.02,Moderate
STU1536,19,Male,3,Engineering,71.8,7.53,5.4,4,0,3,8.6,10,6.9,7.2,12.4,5,8.2,2,28.32,71.24,27.44,Low
STU1537,19,Female,4,Engineering,76.8,7.32,7.8,8,1,8,7.6,6,8.2,4.2,8.5,3,5.0,1,60.61,47.47,53.93,Moderate
STU1538,21,Male,2,Computer Science,88.0,7.91,7.4,5,1,5,6.7,7,10.2,4.0,6.4,5,5.7,1,39.09,45.87,49.6,Moderate
STU1539,19,Female,2,Commerce,81.8,7.53,6.0,7,3,7,6.1,5,6.9,5.5,11.4,3,3.6,2,57.82,47.15,61.64,High
STU1540,20,Female,2,Medicine,77.9,8.76,8.8,9,1,5,6.0,7,9.0,4.9,11.4,4,6.5,3,51.64,51.72,44.48,Moderate
STU1541,21,Female,1,Computer Science,84.8,7.36,5.9,6,3,7,5.5,5,10.1,6.5,8.0,3,5.7,1,54.74,41.28,63.17,High
STU1542,19,Male,1,Commerce,88.5,7.16,0.8,4,1,1,9.1,9,7.0,7.6,13.5,5,12.6,3,18.65,76.64,21.34,Low
STU1543,21,Female,3,Design,84.4,7.77,6.0,10,3,8,5.2,4,9.9,4.4,11.3,3,7.0,1,68.65,38.35,58.78,Moderate
STU1544,19,Female,4,Design,47.6,6.6,6.7,9,3,9,5.0,1,9.9,1.5,7.4,0,0.7,1,77.87,18.53,74.47,High
STU1545,25,Female,1,Business,79.2,7.32,5.6,6,1,5,5.9,4,6.6,4.8,11.5,2,6.0,1,42.82,42.94,50.11,Moderate
STU1546,20,Male,1,Engineering,82.1,7.98,4.8,4,2,2,9.4,9,6.8,8.7,19.0,4,11.9,2,28.02,78.74,27.99,Low
STU1547,22,Female,3,Arts,94.4,7.55,3.6,3,0,3,7.0,8,6.6,5.0,10.3,6,9.4,2,20.24,61.38,28.52,Low
STU1548,21,Male,1,Business,78.2,7.83,5.9,9,1,6,5.6,5,8.1,2.2,6.5,4,5.5,2,54.06,39.45,55.53,Moderate
STU1549,18,Male,4,Engineering,82.1,7.9,8.8,7,3,8,7.3,7,5.9,5.0,4.4,3,4.5,1,62.82,49.75,50.7,Moderate
STU1550,21,Male,3,Computer Science,74.7,7.51,7.8,7,2,7,5.4,5,12.8,5.0,8.8,3,6.6,0,57.53,34.96,61.74,High
STU1551,24,Male,4,Engineering,86.6,7.09,6.6,6,2,4,8.7,9,8.0,6.8,15.4,5,14.1,1,42.47,71.76,37.05,Moderate
STU1552,21,Female,2,Engineering,94.8,8.95,5.8,3,1,3,8.6,9,4.3,6.6,14.3,6,6.8,2,22.67,72.94,39.37,Moderate
STU1553,22,Female,3,Commerce,95.2,7.1,4.2,4,2,2,7.3,9,7.4,5.4,14.5,5,11.9,2,26.8,66.1,23.1,Low
STU1554,23,Male,2,Commerce,78.9,8.2,4.6,5,1,5,6.4,9,4.7,3.6,8.1,5,10.9,3,37.79,61.75,47.62,Moderate
STU1555,19,Female,3,Design,79.1,8.49,5.2,4,1,5,4.7,7,7.8,6.8,8.6,4,8.0,2,35.0,50.18,47.89,Moderate
STU1556,19,Male,2,Medicine,81.7,8.21,10.1,9,2,9,6.1,5,7.9,2.3,8.3,3,6.7,2,69.34,41.71,62.79,High
STU1557,21,Male,1,Computer Science,82.9,7.58,6.3,5,0,6,7.2,7,7.3,5.3,10.7,4,6.9,1,39.91,54.3,56.92,Moderate
STU1558,20,Male,2,Business,74.7,7.97,4.9,5,2,5,7.1,6,7.9,3.5,10.0,4,4.9,1,42.13,47.27,46.58,Moderate
STU1559,22,Male,2,Engineering,81.3,8.34,8.6,9,5,10,5.8,4,8.1,4.9,8.2,3,4.5,1,80.27,39.67,72.19,High
STU1560,23,Other,4,Arts,75.8,8.37,5.7,6,4,5,6.6,6,5.0,5.9,6.3,4,8.4,1,50.72,53.27,45.89,Moderate
STU1561,20,Male,3,Computer Science,73.3,6.21,6.9,6,5,5,6.6,6,9.1,4.9,12.4,4,6.2,2,58.74,50.29,59.19,Moderate
STU1562,19,Female,3,Arts,96.8,8.14,1.5,3,1,1,7.7,10,6.7,5.9,15.4,6,10.5,1,13.44,69.57,21.9,Low
STU1563,22,Male,1,Computer Science,71.5,8.01,5.7,6,3,4,6.4,6,7.2,5.4,13.4,2,4.7,1,45.71,47.99,42.06,Moderate
STU1564,19,Female,3,Computer Science,70.6,6.8,7.8,7,1,8,5.0,3,9.2,3.3,13.0,2,5.9,2,59.73,35.8,64.93,High
STU1565,22,Female,2,Computer Science,81.5,8.23,5.2,5,2,5,8.4,6,7.7,6.6,8.6,3,8.8,2,40.81,58.18,53.21,Moderate
STU1566,20,Male,4,Commerce,78.0,6.25,4.5,4,2,4,6.3,9,6.1,7.3,8.0,5,9.4,1,38.0,61.01,33.93,Moderate
STU1567,21,Female,4,Business,76.6,8.53,5.4,4,1,5,9.0,9,8.1,7.8,13.9,4,9.2,1,35.52,68.73,39.9,Moderate
STU1568,19,Female,1,Engineering,71.5,6.36,6.4,9,1,7,6.1,6,7.6,2.9,8.5,4,8.1,2,61.37,46.91,52.69,Moderate
STU1569,21,Female,4,Arts,81.6,7.06,5.9,5,0,6,6.0,7,8.5,1.4,5.9,5,4.8,1,40.66,41.08,52.74,Moderate
STU1570,20,Male,1,Commerce,67.6,6.4,4.9,7,2,6,6.4,5,4.2,3.3,9.9,4,5.7,2,54.82,49.72,56.6,Moderate
STU1571,21,Male,2,Commerce,74.2,6.79,6.3,7,0,7,6.1,5,7.1,5.7,6.9,2,3.5,1,51.57,41.99,64.1,High
STU1572,19,Male,3,Business,71.3,5.95,7.1,6,2,8,5.3,5,8.7,1.6,8.1,3,4.9,1,60.67,34.49,57.0,Moderate
STU1573,21,Female,1,Engineering,83.2,6.96,4.4,4,2,4,5.5,8,6.1,5.2,11.7,5,4.8,2,35.87,54.36,39.16,Moderate
STU1574,22,Male,3,Engineering,59.5,6.81,7.5,9,2,8,5.3,6,9.3,3.0,6.4,3,2.1,1,69.87,34.84,63.39,High
STU1575,19,Male,1,Business,81.7,7.6,5.9,5,0,7,5.7,6,8.2,4.7,8.7,4,5.1,2,43.08,45.87,53.96,Moderate
STU1576,19,Female,1,Business,75.6,6.15,4.4,4,1,4,7.8,6,6.6,4.2,7.7,4,4.4,1,35.48,50.34,47.4,Moderate
STU1577,18,Female,3,Arts,78.6,7.6,4.9,6,1,5,7.4,8,4.7,4.9,9.2,5,5.2,1,41.87,58.3,43.23,Moderate
STU1578,21,Female,3,Business,100.0,8.45,4.0,6,0,2,8.3,10,6.7,9.5,14.1,5,9.0,1,23.14,73.78,24.11,Low
STU1579,21,Other,4,Computer Science,66.5,6.46,8.0,10,2,8,6.1,4,11.1,4.5,3.8,2,2.3,0,72.48,29.89,77.93,High
STU1580,20,Male,3,Business,83.1,7.94,5.3,3,2,4,7.6,8,8.5,4.5,14.0,4,7.2,2,32.22,58.04,27.69,Low
STU1581,19,Male,3,Engineering,75.6,7.48,7.6,6,1,4,6.2,6,6.7,4.7,16.0,4,4.8,1,41.49,50.82,46.38,Moderate
STU1582,20,Female,2,Arts,82.8,6.86,3.9,6,1,4,6.7,7,6.0,1.5,6.8,3,8.2,1,38.24,46.34,53.65,Moderate
STU1583,21,Male,1,Medicine,78.4,8.3,6.4,7,4,4,7.4,7,7.0,1.7,14.1,6,7.3,1,50.43,54.28,37.87,Moderate
STU1584,20,Male,1,Medicine,82.8,7.88,7.5,6,1,5,5.5,6,10.0,1.8,10.0,2,6.3,1,42.87,36.16,50.26,Moderate
STU1585,26,Male,3,Medicine,73.6,8.82,9.6,10,4,10,4.9,5,8.6,2.4,7.0,5,1.2,0,81.37,32.48,71.07,High
STU1586,19,Other,3,Engineering,62.6,9.17,12.0,9,1,10,3.5,4,8.6,1.3,0.0,2,1.7,0,72.84,18.24,74.29,High
STU1587,21,Female,2,Computer Science,72.7,6.47,7.6,9,1,9,4.8,3,10.4,3.2,4.8,2,2.4,0,68.66,23.93,85.69,Very High
STU1588,20,Female,3,Business,73.8,7.04,4.0,3,3,5,7.2,7,5.2,5.8,10.2,4,7.7,2,40.52,59.42,24.71,Low
STU1589,20,Male,2,Design,90.8,8.08,5.9,5,3,4,5.8,8,5.8,4.0,11.5,5,9.5,3,39.76,58.46,37.26,Moderate
STU1590,21,Male,1,Computer Science,72.2,8.28,10.0,9,4,10,4.3,2,10.2,3.7,0.5,3,3.1,0,80.06,21.38,83.41,Very High
STU1591,21,Male,1,Design,79.0,7.32,3.5,2,2,2,7.5,7,7.9,6.5,13.0,5,7.8,2,22.99,60.93,37.08,Moderate
STU1592,27,Female,4,Commerce,72.1,6.81,5.2,5,1,5,7.0,7,6.4,4.8,10.4,4,9.2,2,41.74,57.06,50.3,Moderate
STU1593,19,Male,3,Engineering,88.9,8.6,4.4,4,0,1,7.9,8,6.2,7.0,12.5,6,12.7,2,16.18,70.72,12.0,Low
STU1594,19,Female,4,Engineering,77.3,7.84,4.0,4,0,2,7.7,9,7.2,7.1,9.1,4,9.7,1,22.38,62.94,38.7,Moderate
STU1595,21,Female,1,Business,74.4,6.83,5.3,7,2,5,6.9,6,9.3,3.6,11.2,3,4.7,1,49.97,44.45,61.06,High
STU1596,21,Male,4,Commerce,93.8,7.73,4.8,4,1,4,8.8,10,4.9,4.7,11.1,5,10.9,2,30.15,71.52,23.48,Low
STU1597,19,Male,1,Medicine,67.5,9.56,10.5,9,1,8,4.5,5,9.2,1.2,5.6,1,6.2,1,63.46,28.14,60.83,High
STU1598,18,Female,1,Commerce,80.9,8.47,3.1,3,2,4,6.6,9,8.2,6.3,10.5,4,9.4,2,29.87,59.61,26.09,Low
STU1599,19,Female,4,Computer Science,75.2,7.01,5.3,5,1,4,8.7,8,7.0,5.1,9.6,4,4.4,2,37.64,59.75,22.19,Low
STU1600,23,Female,2,Medicine,85.5,7.24,10.5,10,1,8,6.5,4,9.8,3.7,6.2,1,0.6,1,67.1,31.81,82.57,Very High
STU1601,19,Female,3,Computer Science,64.8,6.91,8.0,7,4,7,5.6,5,7.4,0.9,0.9,2,7.4,1,66.35,32.61,67.3,High
STU1602,20,Male,1,Computer Science,92.4,8.05,3.3,3,1,2,7.3,9,6.1,6.4,15.2,7,11.1,3,19.16,73.08,9.62,Low
STU1603,19,Male,3,Commerce,72.0,6.78,5.0,6,2,4,4.7,4,7.1,4.9,8.0,5,8.7,1,44.09,42.89,33.59,Moderate
STU1604,20,Female,4,Business,75.5,7.91,6.1,8,2,5,5.3,7,7.4,3.9,6.5,3,4.8,2,51.43,43.57,46.45,Moderate
STU1605,18,Male,2,Engineering,78.1,6.59,6.2,7,1,5,6.1,4,8.5,4.6,9.0,4,5.7,1,47.5,42.07,49.24,Moderate
STU1606,20,Male,3,Computer Science,88.9,7.73,4.5,6,2,3,6.5,8,8.1,7.1,13.8,4,7.3,2,35.94,59.22,43.66,Moderate
STU1607,18,Male,1,Commerce,83.0,8.79,5.1,6,2,6,6.3,6,7.9,2.9,7.0,4,6.7,1,45.66,43.78,58.7,Moderate
STU1608,22,Female,3,Business,86.9,7.11,6.1,7,2,6,4.9,4,9.2,3.0,8.8,4,4.0,2,51.42,35.87,59.84,Moderate
STU1609,19,Male,2,Design,86.9,8.09,5.3,6,3,4,7.9,7,7.5,2.8,9.0,4,6.7,1,42.67,51.33,46.12,Moderate
STU1610,20,Female,1,Business,88.0,8.61,3.7,4,1,4,7.4,5,5.3,5.3,7.5,6,3.0,0,28.73,50.48,41.22,Moderate
STU1611,23,Female,2,Medicine,60.4,8.38,10.4,10,2,8,6.1,6,8.5,4.1,6.9,2,2.5,1,72.3,38.97,75.93,High
STU1612,21,Female,1,Design,88.7,6.13,3.5,4,0,3,7.4,9,6.5,5.1,13.2,6,6.6,1,26.25,62.38,32.48,Moderate
STU1613,20,Female,4,Computer Science,75.0,7.33,5.0,6,1,3,8.2,9,8.3,4.9,16.7,6,12.8,2,36.34,69.83,36.88,Moderate
STU1614,20,Female,2,Engineering,91.0,7.3,5.1,4,2,3,7.2,10,6.3,7.4,13.5,6,9.3,1,31.25,69.1,22.4,Low
STU1615,20,Female,1,Engineering,82.1,7.76,6.6,8,2,6,6.5,7,9.6,4.7,6.7,3,5.8,1,54.33,44.76,57.86,Moderate
STU1616,21,Female,2,Medicine,80.0,7.03,7.1,6,5,7,5.8,7,6.7,7.4,11.7,4,8.5,2,63.09,57.37,49.03,Moderate
STU1617,27,Male,2,Arts,81.4,7.18,2.9,2,0,2,9.3,10,3.9,7.6,14.6,6,11.8,2,16.33,82.05,19.95,Low
STU1618,21,Male,3,Business,85.6,7.74,5.4,4,2,5,6.2,6,10.1,6.3,10.6,5,9.7,2,38.33,52.78,40.06,Moderate
STU1619,21,Female,4,Computer Science,82.0,8.12,6.1,5,1,3,6.7,7,8.6,3.3,10.1,4,6.5,2,31.99,49.47,44.01,Moderate
STU1620,21,Male,2,Computer Science,90.5,9.01,4.9,4,1,2,8.6,8,6.6,7.9,15.7,5,7.2,2,21.98,70.29,19.92,Low
STU1621,20,Male,4,Engineering,83.8,7.22,7.4,7,2,5,6.0,5,8.7,4.1,2.3,5,5.6,2,49.5,41.97,46.13,Moderate
STU1622,18,Male,3,Engineering,68.3,6.22,7.8,10,5,9,4.7,4,11.9,2.3,5.1,4,2.7,1,84.75,26.75,72.77,High
STU1623,21,Female,1,Commerce,82.2,6.9,5.0,5,1,5,6.7,7,7.7,4.9,8.0,3,6.5,0,39.74,47.27,40.42,Moderate
STU1624,24,Male,3,Business,73.0,8.04,4.4,1,2,3,7.2,9,6.6,3.2,14.1,5,9.0,3,24.1,62.97,32.79,Moderate
STU1625,19,Male,2,Arts,80.7,6.93,6.0,1,3,4,7.6,7,6.1,5.7,11.4,5,5.1,3,32.33,61.16,41.28,Moderate
STU1626,21,Male,3,Commerce,79.4,7.03,4.4,3,1,2,7.6,7,4.7,3.9,9.3,7,5.8,2,23.94,60.32,32.81,Moderate
STU1627,19,Female,4,Business,61.6,7.73,5.0,8,1,6,5.5,5,7.4,3.0,5.2,4,8.0,2,53.46,42.19,56.49,Moderate
STU1628,20,Male,2,Medicine,64.8,7.57,10.9,10,1,9,3.8,2,6.8,3.2,4.6,4,3.5,1,73.67,28.36,73.51,High
STU1629,19,Male,4,Computer Science,88.7,8.61,6.0,7,4,4,5.8,6,10.1,6.9,6.2,4,8.1,2,47.87,48.02,58.04,Moderate
STU1630,20,Male,3,Medicine,73.0,7.0,7.9,9,1,6,5.9,5,7.2,2.6,12.9,4,4.5,2,57.97,44.48,48.8,Moderate
STU1631,21,Female,2,Medicine,88.0,10.0,9.2,8,5,6,5.3,5,7.5,1.8,12.5,4,6.5,1,60.78,40.69,61.84,High
STU1632,20,Female,3,Design,71.9,7.56,6.8,8,3,6,5.0,3,9.7,4.2,8.8,3,4.2,1,59.53,32.93,64.55,High
STU1633,21,Male,2,Computer Science,77.0,6.9,5.2,7,1,6,5.4,5,9.5,2.6,7.4,3,6.7,1,49.67,36.2,63.2,High
STU1634,22,Male,4,Engineering,76.3,7.77,10.3,8,3,8,5.7,5,9.8,3.3,1.7,2,5.1,0,68.03,30.93,62.58,High
STU1635,23,Female,3,Engineering,84.5,7.19,6.8,3,1,1,8.8,10,8.2,7.8,17.0,6,11.1,2,21.49,76.7,34.27,Moderate
STU1636,19,Male,1,Arts,70.8,6.42,3.4,7,2,7,6.1,7,8.2,2.9,11.0,4,4.7,0,56.33,43.53,55.59,Moderate
STU1637,20,Female,2,Medicine,69.8,7.77,9.7,9,3,8,5.8,6,7.9,3.8,7.9,4,6.3,2,71.39,45.56,53.78,Moderate
STU1638,19,Male,3,Design,79.5,6.81,4.2,6,3,3,8.0,9,6.4,9.1,13.1,6,8.7,2,41.79,73.22,30.41,Moderate
STU1639,27,Male,1,Design,74.5,7.01,4.7,4,2,5,5.8,7,9.1,5.7,10.0,3,6.8,2,40.82,48.82,51.3,Moderate
STU1640,23,Male,1,Engineering,72.6,7.55,8.0,7,3,8,5.9,4,8.8,3.4,8.3,2,2.1,1,64.32,34.1,63.63,High
STU1641,20,Male,2,Commerce,69.0,6.6,7.5,8,5,7,4.8,4,8.7,3.8,5.0,4,5.4,1,71.53,34.72,63.05,High
STU1642,22,Female,2,Business,84.6,7.65,4.9,4,0,4,7.3,9,7.2,4.3,9.8,6,9.4,2,28.9,61.92,43.78,Moderate
STU1643,20,Male,2,Medicine,86.9,7.97,4.5,3,5,3,7.6,10,4.6,6.3,16.0,6,9.6,2,36.54,73.67,35.64,Moderate
STU1644,21,Female,1,Arts,85.4,6.52,2.5,6,3,6,5.9,7,6.8,3.4,9.7,4,6.3,2,49.87,49.08,48.65,Moderate
STU1645,19,Male,1,Computer Science,87.7,7.57,5.4,7,2,5,7.8,10,5.6,9.0,15.6,5,9.6,2,46.6,75.69,37.26,Moderate
STU1646,21,Male,3,Computer Science,77.5,6.61,7.0,7,0,6,5.1,5,7.1,3.4,7.0,3,5.9,0,48.57,36.91,62.58,High
STU1647,19,Male,2,Business,79.1,7.63,5.0,5,3,3,7.4,9,4.5,5.6,11.4,6,9.7,2,38.38,68.27,43.9,Moderate
STU1648,22,Female,1,Business,89.6,8.15,5.8,8,1,6,5.8,6,10.5,2.2,4.6,2,6.0,1,48.76,34.14,53.0,Moderate
STU1649,22,Male,2,Arts,78.2,6.48,3.1,4,2,3,8.0,9,5.0,7.8,11.7,4,11.8,2,33.08,71.75,36.29,Moderate
STU1650,21,Female,3,Commerce,82.2,7.19,6.3,7,3,7,6.6,7,9.1,3.3,11.5,3,4.8,2,58.57,46.92,70.08,High
STU1651,18,Female,1,Arts,81.0,7.06,3.5,4,1,5,6.1,5,5.6,3.7,10.1,4,7.0,1,35.65,47.15,39.62,Moderate
STU1652,20,Male,1,Business,76.4,6.78,3.1,2,1,3,7.0,9,5.5,6.1,13.8,6,7.2,2,24.33,66.25,32.06,Moderate
STU1653,19,Female,1,Business,82.0,6.22,3.4,3,1,4,6.8,7,9.6,2.4,11.6,3,2.9,2,30.69,44.35,46.72,Moderate
STU1654,20,Male,4,Commerce,70.5,8.36,6.3,8,1,7,4.7,4,8.5,2.5,13.1,4,6.2,2,55.34,38.97,57.03,Moderate
STU1655,19,Female,3,Engineering,85.1,7.17,6.3,6,2,6,6.8,7,9.6,4.8,5.7,5,6.0,0,49.01,46.23,44.79,Moderate
STU1656,24,Female,3,Arts,85.6,7.44,3.0,4,0,1,8.1,10,3.6,6.7,12.9,5,9.6,2,17.5,74.05,15.1,Low
STU1657,21,Male,3,Engineering,62.1,7.88,8.5,10,2,8,5.8,3,10.3,3.0,5.9,2,4.1,2,71.27,31.62,68.28,High
STU1658,20,Male,3,Medicine,70.4,6.92,6.4,7,4,5,7.1,6,6.3,3.5,8.1,3,6.1,3,57.4,51.05,47.04,Moderate
STU1659,20,Female,2,Medicine,79.9,6.44,4.5,4,2,3,7.8,8,4.5,6.0,10.8,5,8.5,2,34.03,65.99,23.47,Low
STU1660,20,Male,3,Commerce,76.3,7.79,7.3,9,3,8,6.3,5,10.5,2.5,6.1,2,4.6,0,68.27,32.5,58.6,Moderate
STU1661,21,Male,1,Medicine,89.6,8.18,3.5,2,3,3,6.7,10,3.9,6.7,11.7,7,8.2,3,26.13,72.34,22.98,Low
STU1662,20,Male,3,Computer Science,69.6,8.9,6.8,9,2,5,6.4,6,8.2,3.3,5.9,4,4.4,1,54.12,42.24,54.59,Moderate
STU1663,23,Female,3,Business,75.3,7.7,6.6,6,2,6,6.9,5,5.2,4.1,11.9,3,4.0,2,50.01,49.81,45.71,Moderate
STU1664,20,Male,2,Medicine,88.8,7.07,5.5,8,0,4,7.6,8,2.8,7.5,16.0,5,6.8,2,40.78,71.1,28.08,Low
STU1665,27,Male,2,Commerce,92.7,7.79,6.3,5,3,3,8.3,7,7.1,4.2,15.3,4,9.7,2,36.93,61.85,44.97,Moderate
STU1666,22,Male,2,Computer Science,93.6,8.11,6.6,7,3,9,5.8,4,10.7,1.2,11.7,1,4.6,1,62.05,30.44,57.58,Moderate
STU1667,19,Female,3,Computer Science,96.8,8.66,5.2,6,2,4,6.8,6,10.0,4.5,13.4,5,8.6,2,36.99,52.57,42.37,Moderate
STU1668,24,Male,3,Engineering,75.1,8.42,7.9,7,3,7,5.7,6,7.3,5.4,5.2,2,5.3,1,59.03,42.18,67.36,High
STU1669,19,Male,4,Commerce,79.8,6.63,4.2,2,0,3,9.0,10,5.2,8.9,19.1,7,9.6,1,21.93,82.01,20.98,Low
STU1670,22,Male,2,Computer Science,77.6,8.03,7.2,5,1,7,5.9,6,8.9,3.0,7.8,5,3.1,0,47.13,39.22,70.83,High
STU1671,20,Female,3,Business,72.7,7.7,6.0,6,2,8,6.5,4,5.4,2.5,9.1,4,4.4,1,56.61,42.82,60.6,High
STU1672,22,Male,3,Computer Science,87.3,8.27,6.0,6,1,7,5.1,5,9.9,1.8,6.4,5,7.3,1,46.89,36.08,53.6,Moderate
STU1673,22,Male,4,Computer Science,80.3,8.42,7.3,4,0,4,8.1,8,7.3,7.7,9.0,5,7.3,2,30.33,64.47,29.37,Low
STU1674,22,Female,2,Computer Science,90.6,6.58,5.9,6,5,4,6.8,7,8.6,5.4,8.1,4,7.0,2,51.07,52.24,54.65,Moderate
STU1675,22,Female,2,Computer Science,67.7,7.04,8.1,5,1,6,6.1,7,12.2,1.5,8.1,4,9.0,0,47.84,38.23,59.35,Moderate
STU1676,20,Male,3,Design,90.4,7.55,5.3,4,1,6,7.3,8,9.1,4.8,11.6,4,6.2,2,38.1,55.07,45.31,Moderate
STU1677,19,Female,3,Business,85.2,7.56,4.5,3,5,4,6.6,8,6.7,5.0,10.5,3,6.8,1,40.84,53.08,38.84,Moderate
STU1678,20,Other,4,Commerce,77.8,7.76,7.7,8,3,7,5.2,7,9.0,0.8,3.9,2,4.9,1,62.29,32.64,62.63,High
STU1679,19,Male,1,Computer Science,90.3,7.79,4.4,3,0,2,6.5,8,7.0,9.4,9.5,5,11.0,2,17.86,65.51,15.7,Low
STU1680,21,Male,1,Engineering,69.8,7.9,9.5,7,2,7,5.3,6,10.0,4.0,9.7,3,5.3,1,59.12,39.32,59.17,Moderate
STU1681,20,Female,4,Medicine,79.6,9.05,8.6,5,1,4,6.8,9,7.9,6.0,10.4,5,7.1,1,36.26,58.08,41.74,Moderate
STU1682,25,Female,2,Arts,87.2,8.75,4.5,6,1,5,6.4,5,6.4,5.0,10.7,4,7.7,1,38.19,49.8,39.16,Moderate
STU1683,21,Male,3,Engineering,78.3,7.27,8.9,10,1,8,5.1,4,7.5,2.4,7.1,4,1.3,1,66.92,33.18,64.01,High
STU1684,22,Female,2,Design,93.7,7.58,3.1,3,2,3,8.2,8,5.5,6.4,17.2,4,9.4,2,25.89,69.13,26.09,Low
STU1685,19,Male,1,Engineering,95.1,7.18,6.0,4,3,4,7.4,10,8.3,7.3,13.9,5,9.3,2,37.85,67.83,37.54,Moderate
STU1686,22,Female,3,Engineering,71.1,7.23,5.9,7,3,4,6.0,8,7.4,6.1,12.4,5,9.0,2,50.02,58.79,36.85,Moderate
STU1687,23,Female,3,Medicine,77.6,7.41,6.8,6,2,5,7.1,8,7.0,6.9,8.3,4,8.8,2,46.94,60.16,39.1,Moderate
STU1688,20,Female,2,Computer Science,72.4,7.66,8.5,7,2,9,5.1,4,9.9,5.2,11.9,1,5.0,1,64.92,35.73,54.9,Moderate
STU1689,21,Male,2,Design,81.3,6.89,4.5,2,0,2,7.0,9,8.0,6.5,16.2,6,8.6,1,18.16,64.43,24.65,Low
STU1690,21,Other,4,Engineering,84.1,7.14,7.2,5,3,5,7.5,9,6.8,3.5,8.6,4,7.1,2,46.86,57.11,47.26,Moderate
STU1691,19,Female,1,Design,91.5,7.16,3.5,4,2,4,5.9,5,7.2,4.5,12.7,5,10.5,1,33.4,50.82,45.13,Moderate
STU1692,20,Female,4,Computer Science,71.8,7.22,7.0,6,3,6,6.9,5,9.7,1.9,1.6,3,4.3,1,54.72,34.7,64.56,High
STU1693,20,Female,1,Arts,92.7,7.43,2.5,4,2,4,8.5,7,6.2,3.8,10.9,5,6.7,2,31.92,59.91,32.47,Moderate
STU1694,19,Male,3,Computer Science,83.7,7.23,4.3,4,1,2,7.9,9,5.5,8.3,16.1,5,7.3,1,25.58,70.42,35.23,Moderate
STU1695,20,Female,4,Business,92.8,8.09,5.6,6,0,6,8.5,6,6.0,3.5,10.8,5,4.6,2,39.61,56.58,55.41,Moderate
STU1696,18,Male,3,Design,91.0,7.31,4.1,4,2,1,6.8,8,6.0,5.9,9.8,6,11.3,2,23.73,63.87,28.08,Low
STU1697,18,Male,2,Arts,74.1,6.89,3.6,7,2,6,4.5,4,8.5,4.4,9.2,3,6.7,1,51.83,36.72,58.24,Moderate
STU1698,19,Male,3,Medicine,76.6,8.06,10.3,9,3,9,5.1,4,9.4,3.2,2.5,3,1.1,1,73.61,28.51,70.61,High
STU1699,25,Female,2,Design,76.2,7.13,7.1,7,0,6,5.5,4,11.3,6.2,8.7,2,4.0,1,48.0,35.74,53.4,Moderate
STU1700,20,Other,2,Engineering,86.5,6.81,5.7,2,2,4,7.1,7,7.9,6.3,14.6,6,4.5,2,31.09,59.34,30.99,Moderate
STU1701,25,Female,4,Computer Science,83.0,7.93,5.0,6,1,3,8.1,7,6.9,6.4,13.8,6,9.7,2,34.01,66.56,37.48,Moderate
STU1702,20,Female,3,Medicine,78.5,7.66,6.1,5,0,5,7.0,9,5.1,4.3,12.9,4,6.8,1,37.01,59.13,47.54,Moderate
STU1703,20,Male,3,Computer Science,74.1,8.4,8.0,10,5,8,4.6,5,10.3,5.6,2.2,1,5.6,1,76.98,31.66,62.84,High
STU1704,20,Male,2,Arts,90.5,7.36,2.8,3,1,3,9.1,10,4.9,4.4,18.3,6,10.9,2,23.54,76.78,27.76,Low
STU1705,20,Female,1,Computer Science,88.7,7.65,4.9,3,3,2,6.8,8,6.1,7.6,15.4,6,10.1,2,27.77,68.31,23.46,Low
STU1706,19,Female,1,Commerce,74.6,7.48,6.1,8,0,6,5.8,6,7.0,4.8,8.9,2,4.3,1,49.63,43.09,56.13,Moderate
STU1707,21,Male,3,Commerce,69.6,6.36,7.7,7,2,8,4.1,4,8.4,1.8,6.4,2,5.1,0,63.55,26.4,71.14,High
STU1708,19,Female,3,Medicine,65.3,6.23,10.0,9,1,7,5.8,6,6.3,2.9,7.2,3,5.9,1,65.62,42.52,65.18,High
STU1709,21,Male,3,Commerce,78.7,7.74,6.1,7,2,6,7.5,6,7.4,6.4,13.3,3,7.7,1,51.73,55.61,50.25,Moderate
STU1710,21,Male,4,Computer Science,84.5,7.89,7.0,6,2,3,8.4,7,8.4,4.7,13.5,5,8.8,3,38.49,62.81,35.55,Moderate
STU1711,19,Female,1,Medicine,60.1,7.31,7.0,8,4,6,5.2,5,6.9,4.4,6.1,3,8.1,2,65.08,43.28,59.63,Moderate
STU1712,18,Female,2,Engineering,89.6,7.5,5.6,4,2,4,6.9,7,6.7,5.6,17.5,4,7.1,2,34.9,59.78,47.75,Moderate
STU1713,22,Female,1,Arts,76.3,7.16,3.3,3,2,6,6.8,9,5.5,3.2,8.4,5,7.0,1,39.66,55.58,42.88,Moderate
STU1714,20,Male,2,Design,85.0,7.85,3.3,3,2,1,7.6,9,7.1,5.9,9.8,6,12.2,2,20.39,67.15,31.19,Moderate
STU1715,18,Male,1,Arts,86.3,8.66,5.8,7,3,7,6.1,3,9.2,4.7,3.7,3,7.2,2,55.02,38.51,56.15,Moderate
STU1716,27,Female,4,Computer Science,90.0,7.98,6.1,8,2,7,6.6,7,8.3,3.1,8.0,4,3.6,1,55.56,44.58,55.24,Moderate
STU1717,18,Male,1,Engineering,80.7,7.86,4.4,5,1,4,9.0,9,8.1,5.9,16.7,4,8.2,2,34.56,68.28,40.98,Moderate
STU1718,21,Other,4,Computer Science,78.8,7.75,8.2,8,3,7,4.7,6,8.8,5.0,10.4,4,5.3,1,62.56,42.09,53.28,Moderate
STU1719,26,Female,2,Computer Science,73.4,7.75,6.5,8,3,7,6.5,5,10.0,3.6,8.7,4,3.0,2,62.04,41.37,60.44,High
STU1720,19,Male,4,Engineering,81.3,8.83,9.0,7,2,8,6.2,5,8.0,3.5,10.0,4,4.5,1,58.57,42.65,56.7,Moderate
STU1721,19,Female,3,Commerce,75.7,6.87,5.8,5,3,4,7.9,9,7.0,8.0,9.7,4,7.3,2,44.21,65.46,48.41,Moderate
STU1722,19,Female,4,Computer Science,79.4,7.94,5.8,5,2,3,8.3,8,5.9,5.0,13.8,4,8.1,2,35.48,64.29,48.02,Moderate
STU1723,20,Female,1,Medicine,78.7,7.32,7.7,6,1,6,6.8,7,7.7,3.9,0.7,5,5.7,2,47.99,47.71,55.57,Moderate
STU1724,19,Female,3,Business,78.9,7.05,6.5,10,2,7,3.3,3,11.1,4.3,4.7,3,0.9,1,64.85,22.35,82.0,Very High
STU1725,21,Female,4,Commerce,80.4,7.07,7.2,5,2,5,7.7,7,5.6,6.8,14.3,4,10.0,1,44.59,63.8,32.9,Moderate
STU1726,18,Female,1,Engineering,88.1,7.44,7.0,6,5,5,6.4,6,9.0,5.5,8.5,3,6.4,2,54.31,47.67,32.97,Moderate
STU1727,20,Male,1,Engineering,66.3,6.93,7.1,8,3,8,5.2,4,9.5,2.7,8.3,2,3.0,1,68.43,30.84,71.96,High
STU1728,28,Male,2,Medicine,89.9,8.65,6.0,6,2,4,6.6,7,5.7,3.7,9.6,4,8.3,1,38.82,52.41,49.17,Moderate
STU1729,22,Male,4,Computer Science,73.2,7.67,9.2,10,3,9,5.5,2,10.2,0.8,0.0,3,5.1,1,76.68,23.21,74.01,High
STU1730,21,Female,3,Commerce,80.9,7.36,5.0,6,5,4,7.4,7,6.5,6.4,15.6,5,9.4,1,50.64,62.81,39.56,Moderate
STU1731,20,Female,2,Engineering,76.0,7.16,8.8,10,5,8,5.2,5,8.9,1.1,4.5,2,1.9,1,79.4,28.17,78.12,High
STU1732,21,Female,1,Business,67.4,6.62,6.5,6,2,8,5.8,4,7.6,0.5,3.9,3,6.3,0,59.71,31.03,74.78,High
STU1733,20,Male,1,Design,81.1,8.42,5.5,7,1,7,6.0,6,10.4,3.3,9.7,5,5.4,1,50.03,42.38,56.25,Moderate
STU1734,20,Male,4,Commerce,89.4,7.36,4.2,3,0,3,8.1,9,7.6,8.6,16.8,6,7.3,2,21.89,72.29,31.86,Moderate
STU1735,19,Female,1,Engineering,78.9,7.87,7.6,6,2,7,5.9,5,9.0,3.3,10.8,3,4.3,2,53.29,41.02,62.75,High
STU1736,23,Female,3,Computer Science,66.3,7.35,6.0,5,0,6,6.6,6,9.4,4.6,10.5,5,5.6,1,42.81,47.73,51.57,Moderate
STU1737,20,Male,4,Design,86.3,8.77,6.1,6,2,4,6.4,7,10.2,7.4,8.4,5,6.3,2,39.31,53.18,51.99,Moderate
STU1738,19,Female,1,Medicine,93.1,7.39,7.2,4,2,5,7.1,7,6.9,4.5,11.3,4,7.8,1,39.17,54.17,37.92,Moderate
STU1739,20,Female,3,Computer Science,83.1,8.2,5.4,5,1,5,6.0,9,7.0,5.2,10.0,4,6.8,1,37.76,53.98,37.48,Moderate
STU1740,20,Male,1,Computer Science,90.9,7.27,4.8,6,1,6,7.1,6,7.9,5.3,12.2,5,6.5,2,43.62,55.05,40.06,Moderate
STU1741,22,Male,3,Computer Science,68.3,7.17,7.1,8,4,6,5.6,5,10.7,3.5,8.5,5,7.4,1,64.03,40.25,63.92,High
STU1742,21,Female,1,Design,78.3,5.7,2.7,3,1,2,7.6,10,6.3,7.3,12.4,5,6.7,2,24.92,68.23,37.81,Moderate
STU1743,21,Female,3,Computer Science,68.0,6.97,7.6,8,4,8,4.8,5,6.8,2.5,2.8,2,4.2,2,71.49,33.9,73.97,High
STU1744,18,Other,2,Medicine,77.2,6.68,8.0,5,3,5,7.3,8,7.5,2.8,14.4,6,6.4,0,49.44,54.62,28.41,Low
STU1745,20,Female,2,Medicine,77.7,7.14,4.8,8,2,4,5.3,8,7.7,5.1,10.9,5,8.5,1,47.93,52.19,70.56,High
STU1746,20,Female,3,Commerce,64.1,7.84,7.9,7,2,8,4.5,4,8.4,3.2,9.2,2,7.5,1,62.17,34.31,67.57,High
STU1747,18,Female,1,Business,89.9,8.16,6.3,7,2,5,7.7,7,6.1,5.0,9.4,4,7.6,2,46.0,58.14,53.5,Moderate
STU1748,19,Female,3,Business,80.8,7.75,6.0,5,1,5,7.4,9,7.1,4.6,9.0,4,6.0,1,39.39,55.93,45.49,Moderate
STU1749,21,Female,2,Medicine,96.1,8.55,8.1,9,3,6,4.8,6,9.1,2.3,13.6,4,4.3,1,57.71,38.91,49.74,Moderate
STU1750,19,Male,3,Computer Science,86.3,7.81,6.1,6,0,4,7.6,8,8.1,5.3,9.9,4,10.1,3,34.91,61.25,41.37,Moderate
STU1751,20,Female,1,Engineering,96.5,8.2,3.7,4,2,3,7.7,10,7.0,6.6,15.2,5,10.6,2,27.67,70.66,20.12,Low
STU1752,19,Female,3,Commerce,86.1,8.67,5.3,3,2,3,9.6,9,7.7,6.8,12.5,5,7.9,2,27.17,70.76,31.31,Moderate
STU1753,18,Male,1,Medicine,76.8,7.98,8.1,7,3,8,5.6,5,9.1,2.4,13.4,2,2.8,0,62.98,34.42,68.47,High
STU1754,19,Male,2,Commerce,99.4,6.86,3.0,3,1,2,5.9,9,6.3,5.4,10.4,6,12.6,3,19.72,64.7,35.53,Moderate
STU1755,25,Male,1,Computer Science,76.1,7.31,7.7,4,3,7,7.4,5,8.7,5.2,4.0,3,3.1,2,52.22,44.3,51.55,Moderate
STU1756,22,Male,3,Commerce,83.6,7.44,5.5,7,3,5,5.4,6,6.8,3.5,14.0,4,5.6,2,50.58,47.81,33.85,Moderate
STU1757,24,Female,1,Computer Science,85.2,7.99,8.2,7,4,7,5.8,4,9.8,2.4,5.2,3,3.4,1,61.32,31.73,63.61,High
STU1758,20,Male,4,Design,69.0,6.47,6.0,5,1,4,6.1,7,7.1,5.0,12.8,3,4.2,2,40.16,50.6,50.23,Moderate
STU1759,19,Female,4,Engineering,75.0,8.12,6.3,6,1,3,8.6,7,4.8,7.0,13.5,6,10.5,3,36.11,73.37,32.25,Moderate
STU1760,20,Other,1,Commerce,70.0,8.4,5.1,3,1,4,7.6,9,7.3,6.9,12.5,4,7.0,2,30.47,63.81,33.57,Moderate
STU1761,20,Female,3,Computer Science,78.0,7.68,5.9,5,2,5,6.0,8,7.6,5.4,9.3,4,7.7,1,42.89,52.17,43.05,Moderate
STU1762,22,Other,1,Engineering,77.3,6.98,7.7,10,2,7,5.0,4,8.5,0.4,8.1,2,3.2,1,66.23,28.01,75.52,High
STU1763,19,Male,2,Commerce,69.3,5.8,7.5,9,2,8,5.9,5,7.0,6.2,13.0,3,3.1,1,69.92,46.31,73.55,High
STU1764,20,Female,3,Computer Science,84.9,6.67,4.3,5,1,4,6.5,7,7.7,4.8,11.2,4,5.6,2,35.76,52.14,41.14,Moderate
STU1765,19,Male,3,Design,85.1,6.93,7.5,7,1,8,6.9,4,9.2,4.4,12.7,2,3.3,1,56.85,41.0,64.41,High
STU1766,20,Other,3,Commerce,98.4,7.07,3.5,3,2,1,8.6,10,5.7,6.9,19.1,6,12.2,2,19.62,79.44,27.81,Low
STU1767,21,Male,2,Commerce,80.1,6.89,5.0,4,1,6,6.5,8,6.7,5.5,11.6,5,6.8,3,40.67,59.92,34.97,Moderate
STU1768,20,Female,2,Engineering,75.8,7.34,6.2,6,2,4,6.9,7,7.4,5.4,6.1,2,5.7,2,43.52,49.54,40.96,Moderate
STU1769,20,Male,1,Medicine,97.1,8.04,6.6,4,3,4,6.7,7,7.4,5.0,11.1,5,9.0,3,36.58,58.49,47.79,Moderate
STU1770,20,Female,3,Commerce,87.2,6.53,3.8,3,0,1,7.3,10,4.7,5.4,12.0,7,11.5,2,16.64,71.87,17.35,Low
STU1771,20,Female,2,Medicine,83.4,7.84,5.1,3,3,2,8.3,9,8.0,5.2,8.2,5,8.1,1,28.51,60.62,32.47,Moderate
STU1772,22,Female,3,Commerce,96.7,7.33,3.4,5,0,4,6.3,10,5.8,5.5,15.1,6,6.7,1,28.94,63.32,36.22,Moderate
STU1773,23,Female,1,Engineering,85.4,6.8,4.9,5,2,5,7.4,8,6.4,6.8,12.2,5,6.0,2,42.29,62.89,33.27,Moderate
STU1774,24,Male,2,Computer Science,74.5,7.8,6.1,8,1,8,5.6,5,10.0,2.2,5.6,3,7.1,0,58.78,33.29,62.02,High
STU1775,22,Female,2,Computer Science,80.3,7.44,5.1,7,4,4,6.1,6,7.4,3.6,11.3,5,7.2,2,50.47,50.24,53.18,Moderate
STU1776,20,Male,1,Computer Science,84.9,7.42,5.7,8,3,5,4.4,6,7.8,6.1,11.9,4,6.3,2,53.34,47.12,39.49,Moderate
STU1777,21,Female,2,Engineering,65.7,6.77,5.6,8,5,6,6.0,4,7.2,4.7,7.8,3,7.0,1,66.88,42.45,63.36,High
STU1778,20,Female,4,Design,78.6,6.74,5.3,7,1,3,7.5,7,8.4,6.5,11.4,5,6.7,2,39.75,58.82,30.58,Moderate
STU1779,19,Female,4,Design,98.6,8.04,5.7,5,3,2,8.0,9,6.8,5.5,12.1,5,9.0,2,31.69,65.81,29.83,Low
STU1780,22,Female,2,Computer Science,91.5,7.44,5.3,5,5,4,5.2,9,8.1,6.4,15.5,6,7.7,1,46.21,58.08,43.23,Moderate
STU1781,18,Female,2,Arts,85.1,7.28,2.5,6,1,6,7.8,8,8.3,3.9,7.7,4,8.8,0,42.66,52.52,29.62,Low
STU1782,23,Female,1,Medicine,77.7,8.02,9.6,9,5,8,7.3,4,8.0,2.7,6.3,4,3.2,0,75.57,38.54,66.0,High
STU1783,20,Male,4,Business,89.4,8.19,7.0,4,1,5,6.2,6,8.4,7.4,13.3,4,9.7,2,35.28,56.49,28.79,Low
STU1784,21,Female,1,Commerce,87.6,6.94,5.2,5,0,3,7.2,7,5.8,4.1,11.2,5,5.7,2,29.28,56.59,25.7,Low
STU1785,21,Female,4,Design,80.0,7.38,6.5,5,2,5,7.4,7,5.6,7.4,7.4,4,6.1,1,43.56,57.8,42.84,Moderate
STU1786,23,Female,2,Computer Science,76.7,7.34,7.2,8,3,5,6.1,6,8.2,1.3,9.9,2,5.3,2,56.09,40.15,65.78,High
STU1787,21,Male,2,Computer Science,75.5,7.99,7.4,7,4,7,6.4,6,7.9,3.6,10.8,5,6.5,2,62.27,49.8,62.15,High
STU1788,21,Male,4,Computer Science,73.0,8.24,8.3,6,2,5,7.3,8,8.3,6.1,11.7,5,5.0,1,47.57,56.78,40.4,Moderate
STU1789,18,Male,1,Commerce,93.7,6.9,4.2,2,1,3,7.4,8,6.4,4.3,12.4,7,11.1,1,22.16,63.47,20.82,Low
STU1790,20,Female,3,Engineering,67.9,8.38,5.8,7,2,5,5.1,6,6.8,4.5,10.1,3,7.2,1,48.88,44.66,50.75,Moderate
STU1791,19,Female,3,Design,79.2,6.93,4.7,4,0,3,6.3,8,8.8,6.0,13.5,4,11.1,1,27.5,56.91,41.17,Moderate
STU1792,21,Male,1,Engineering,77.2,7.86,4.6,4,0,3,7.4,9,9.9,7.5,13.9,7,9.7,2,26.2,67.39,32.94,Moderate
STU1793,20,Female,2,Design,88.7,7.57,5.4,5,0,6,6.5,7,9.2,3.0,8.9,4,4.6,2,38.21,45.89,38.68,Moderate
STU1794,21,Female,3,Computer Science,88.8,8.77,7.1,9,2,6,4.7,4,9.7,4.6,5.0,2,5.6,0,54.72,30.45,58.94,Moderate
STU1795,18,Female,3,Computer Science,93.7,7.61,6.9,6,4,6,4.3,5,10.4,3.5,12.4,2,4.1,1,53.34,32.88,54.54,Moderate
STU1796,19,Female,1,Engineering,84.6,9.44,7.6,7,1,4,5.6,4,8.6,4.3,14.2,3,5.5,1,39.5,41.29,28.52,Low
STU1797,21,Female,4,Engineering,57.9,7.36,12.0,10,4,10,4.5,2,10.3,0.0,8.3,2,3.4,1,88.42,20.8,92.04,Very High
STU1798,18,Male,1,Engineering,81.6,6.75,7.7,10,5,7,4.7,4,7.9,3.5,5.3,2,0.9,1,74.9,29.56,76.88,High
STU1799,18,Female,1,Design,90.8,8.69,6.3,5,0,6,6.2,5,8.9,2.7,6.4,3,4.6,2,36.74,39.09,60.19,High
STU1800,18,Male,1,Computer Science,94.1,6.83,4.2,4,3,4,7.6,7,10.3,4.8,9.5,5,7.4,1,37.1,52.21,52.76,Moderate
STU1801,24,Female,1,Engineering,75.0,9.18,7.4,7,3,8,4.5,4,7.8,4.1,10.6,4,4.1,0,60.7,35.62,63.88,High
STU1802,21,Female,1,Business,85.0,8.2,5.0,7,3,3,6.5,6,6.3,2.8,7.4,5,2.2,1,42.0,44.5,56.46,Moderate
STU1803,20,Male,4,Computer Science,75.3,5.45,4.4,2,1,3,7.2,10,5.5,8.9,15.6,7,6.1,2,27.81,74.11,24.98,Low
STU1804,19,Female,2,Arts,88.3,8.87,6.4,4,2,4,6.5,7,8.0,8.3,10.7,4,8.8,2,33.5,58.92,39.75,Moderate
STU1805,20,Male,1,Arts,100.0,7.63,3.5,2,1,3,7.8,10,4.6,6.0,14.0,6,9.3,2,19.31,72.59,19.42,Low
STU1806,22,Male,1,Computer Science,81.5,8.21,4.1,4,0,3,8.4,9,6.1,8.6,14.1,7,10.5,3,24.48,78.58,23.09,Low
STU1807,21,Female,3,Engineering,90.2,8.16,4.0,7,1,2,6.6,7,6.1,4.3,10.4,4,8.1,2,31.03,54.78,42.6,Moderate
STU1808,19,Male,4,Engineering,91.8,8.05,6.4,6,0,4,6.9,9,5.5,3.3,11.9,5,11.7,1,33.84,60.9,41.37,Moderate
STU1809,19,Female,1,Design,79.8,6.42,3.1,6,4,4,7.6,8,5.6,1.6,10.7,4,4.9,2,47.81,53.85,29.76,Low
STU1810,19,Male,1,Commerce,81.5,7.16,3.3,4,1,2,7.0,9,4.3,8.2,10.0,5,9.3,1,25.23,67.37,35.38,Moderate
STU1811,21,Female,1,Commerce,82.0,7.33,4.3,3,5,6,7.3,7,5.7,4.3,7.3,3,6.8,1,48.26,51.91,39.17,Moderate
STU1812,21,Male,1,Design,71.1,7.75,6.4,5,0,5,7.2,7,8.7,3.5,12.2,4,8.8,1,38.34,52.0,39.26,Moderate
STU1813,19,Female,1,Computer Science,78.3,7.74,6.7,10,1,7,5.0,4,10.1,3.1,6.6,3,4.7,2,60.97,33.38,50.64,Moderate
STU1814,18,Male,2,Business,74.4,8.36,5.5,5,4,6,5.3,5,11.3,2.0,12.7,3,6.0,1,51.36,35.12,53.28,Moderate
STU1815,19,Male,1,Commerce,69.6,7.87,4.9,5,2,4,5.3,7,7.3,7.0,11.6,3,7.4,2,39.81,52.62,54.05,Moderate
STU1816,25,Male,2,Commerce,73.0,8.38,6.7,8,1,8,6.1,4,10.2,4.7,7.0,4,1.6,1,58.56,36.53,63.85,High
STU1817,19,Male,1,Business,78.0,6.22,3.3,3,0,2,7.9,8,5.5,6.8,10.8,4,7.5,2,21.61,64.41,29.64,Low
STU1818,21,Male,4,Commerce,85.0,7.86,7.2,6,3,5,6.7,5,7.5,4.9,10.0,4,4.8,2,48.29,48.62,64.37,High
STU1819,21,Male,4,Computer Science,75.2,7.89,4.4,7,5,3,7.9,10,7.5,7.2,11.7,4,6.3,1,49.65,64.02,37.52,Moderate
STU1820,20,Female,3,Engineering,69.7,8.41,9.8,9,3,8,5.6,5,8.6,4.2,9.7,4,4.2,1,70.42,40.94,66.54,High
STU1821,19,Female,2,Medicine,93.6,8.72,7.8,7,2,5,6.5,6,7.4,3.9,8.1,2,5.2,2,45.7,45.15,59.22,Moderate
STU1822,19,Female,2,Computer Science,87.3,6.66,4.2,4,2,3,7.7,7,8.9,5.1,8.5,6,6.8,2,32.18,56.58,44.67,Moderate
STU1823,21,Female,2,Arts,72.7,7.78,6.2,5,0,6,4.7,4,8.8,5.3,5.6,4,4.4,1,41.19,36.21,57.4,Moderate
STU1824,22,Female,3,Computer Science,83.5,6.98,6.8,8,3,5,6.6,5,9.5,4.5,10.7,4,6.3,2,55.23,46.78,62.69,High
STU1825,21,Male,2,Commerce,78.1,6.73,4.5,5,0,5,6.7,8,6.7,5.5,11.9,5,7.3,1,37.29,57.64,46.59,Moderate
STU1826,20,Female,4,Medicine,72.6,8.07,12.0,10,5,10,5.0,4,7.3,1.5,9.3,2,6.8,1,87.78,34.05,81.73,Very High
STU1827,18,Male,4,Computer Science,63.8,7.79,8.5,8,0,7,4.6,4,12.7,3.5,7.2,3,6.3,1,56.24,29.54,54.31,Moderate
STU1828,25,Female,2,Arts,85.2,7.47,4.6,5,2,6,8.8,8,6.8,6.3,9.6,4,8.0,2,44.29,64.46,40.45,Moderate
STU1829,22,Female,3,Business,89.4,7.97,2.8,3,0,1,7.3,8,4.8,4.4,16.1,5,6.7,2,13.04,63.27,32.75,Moderate
STU1830,19,Male,1,Medicine,90.5,7.88,4.7,5,3,3,6.9,7,3.9,5.9,11.8,4,8.7,1,35.81,60.01,32.78,Moderate
STU1831,25,Male,1,Computer Science,83.9,6.99,6.3,7,4,7,5.4,5,8.9,0.8,14.1,4,6.0,0,61.62,36.66,57.35,Moderate
STU1832,21,Male,2,Computer Science,79.3,7.91,5.0,5,1,5,7.0,9,8.3,5.0,10.9,5,10.3,1,38.54,59.07,40.24,Moderate
STU1833,21,Male,1,Engineering,79.5,6.36,3.0,4,2,4,6.2,10,4.0,7.4,10.0,4,10.5,1,36.32,65.45,43.5,Moderate
STU1834,21,Female,4,Engineering,72.7,6.97,8.7,7,5,7,6.0,9,8.0,4.1,12.8,4,5.3,1,68.52,51.58,52.36,Moderate
STU1835,22,Male,1,Medicine,88.1,6.62,4.2,3,1,3,7.5,8,6.1,6.3,12.1,4,7.4,2,26.34,62.41,26.58,Low
STU1836,21,Female,2,Arts,76.8,7.25,5.3,6,2,6,5.4,4,5.9,3.3,7.9,2,5.4,1,49.42,37.87,41.9,Moderate
STU1837,19,Female,3,Commerce,87.2,7.87,3.8,4,2,1,9.0,8,6.3,7.4,10.0,7,11.2,2,23.18,73.34,18.96,Low
STU1838,20,Female,3,Business,68.6,7.17,6.6,6,3,8,4.6,4,9.2,3.0,6.2,3,2.7,1,61.67,29.93,71.77,High
STU1839,23,Female,2,Commerce,74.7,7.8,5.8,7,4,7,4.4,4,6.4,2.1,9.7,4,4.6,0,61.38,33.84,57.76,Moderate
STU1840,19,Female,4,Medicine,79.1,5.86,3.9,3,1,1,7.0,10,7.4,6.2,15.5,7,10.2,3,22.19,71.64,17.39,Low
STU1841,20,Male,3,Business,93.0,6.98,4.4,4,3,2,8.2,7,10.0,2.2,14.5,5,10.3,1,30.53,54.81,35.18,Moderate
STU1842,20,Male,2,Medicine,76.1,8.31,6.7,6,3,4,6.9,9,8.2,5.1,12.5,4,6.6,2,45.27,57.8,40.9,Moderate
STU1843,20,Female,1,Business,76.7,6.67,6.4,7,3,7,5.1,5,8.2,2.2,8.1,1,4.3,1,60.43,32.49,70.0,High
STU1844,21,Female,2,Engineering,90.8,8.03,6.0,5,1,3,6.5,6,4.3,5.5,9.8,4,10.2,2,30.59,57.81,27.18,Low
STU1845,24,Female,4,Computer Science,80.3,8.79,6.1,7,2,4,6.0,5,9.4,2.3,11.4,5,8.3,1,43.05,43.15,38.06,Moderate
STU1846,19,Female,3,Business,84.6,6.07,4.4,6,0,6,5.8,7,9.5,4.2,9.1,4,2.2,1,43.34,42.18,58.99,Moderate
STU1847,19,Male,4,Commerce,69.1,7.88,4.5,6,3,6,6.3,7,6.4,3.7,8.4,5,8.7,2,51.99,53.33,53.02,Moderate
STU1848,19,Female,2,Business,94.8,6.75,3.9,4,1,3,7.5,9,5.7,4.9,14.8,6,9.3,2,27.53,67.55,20.97,Low
STU1849,23,Male,1,Arts,89.3,8.02,4.5,3,0,5,8.2,9,5.9,4.4,16.5,5,13.2,3,27.72,72.44,36.23,Moderate
STU1850,21,Female,1,Computer Science,76.1,6.46,6.3,5,3,6,6.2,5,9.0,2.5,8.6,4,3.2,1,51.91,38.43,41.86,Moderate
STU1851,19,Other,2,Medicine,71.6,8.52,9.2,9,5,8,4.7,5,5.0,4.7,1.4,1,6.0,0,75.42,34.91,77.16,High
STU1852,22,Female,3,Engineering,76.7,8.18,8.5,6,3,6,5.7,7,8.0,6.3,9.1,3,5.3,2,53.56,49.25,60.58,High
STU1853,22,Male,4,Commerce,74.3,6.19,4.5,7,1,5,6.8,7,7.3,4.0,9.3,3,9.3,1,47.38,50.85,59.66,Moderate
STU1854,22,Female,2,Design,92.2,8.44,6.4,8,4,7,6.0,5,9.4,2.9,7.8,5,5.6,1,60.68,40.45,51.16,Moderate
STU1855,23,Male,2,Engineering,79.5,6.89,6.8,8,2,6,6.1,6,8.2,5.3,8.0,4,8.7,1,56.38,48.3,53.8,Moderate
STU1856,19,Female,2,Medicine,71.9,7.71,8.4,8,2,6,5.9,6,7.8,3.9,6.7,3,4.2,1,57.61,41.19,47.1,Moderate
STU1857,21,Female,2,Commerce,82.3,8.53,6.5,5,1,5,6.9,6,5.1,5.1,10.0,4,5.5,1,38.26,52.73,53.41,Moderate
STU1858,20,Male,1,Computer Science,79.4,6.24,5.9,5,5,7,6.3,6,9.1,1.6,9.3,4,8.3,1,60.73,42.67,64.05,High
STU1859,22,Male,1,Design,78.4,7.94,6.6,7,1,5,6.2,7,9.8,3.5,10.2,5,8.7,2,45.53,49.72,48.54,Moderate
STU1860,21,Male,1,Commerce,81.7,6.69,4.9,5,2,6,5.5,6,5.5,3.3,11.2,4,6.7,1,46.43,46.97,43.88,Moderate
STU1861,22,Male,1,Arts,86.4,6.75,2.8,5,4,4,7.8,8,5.6,5.4,13.2,4,7.3,2,43.13,62.97,38.45,Moderate
STU1862,21,Male,1,Engineering,67.1,7.36,6.7,6,4,7,5.7,6,9.6,4.9,7.1,4,7.5,0,61.36,42.02,59.9,Moderate
STU1863,19,Female,1,Computer Science,79.0,7.65,5.3,7,1,4,7.6,7,8.8,5.8,7.8,3,6.6,1,41.5,51.56,53.99,Moderate
STU1864,20,Female,3,Medicine,77.9,7.63,6.7,5,2,3,7.3,9,7.1,6.3,9.8,5,7.9,2,36.99,62.78,42.47,Moderate
STU1865,26,Female,2,Computer Science,69.9,8.22,9.9,9,0,9,4.4,4,8.7,2.4,4.9,1,2.3,1,65.12,25.62,67.25,High
STU1866,24,Male,4,Arts,74.3,6.95,5.0,4,1,2,8.8,10,3.7,6.4,13.9,5,12.2,3,28.2,79.39,18.5,Low
STU1867,18,Female,1,Computer Science,83.8,8.23,7.5,6,3,5,6.5,3,9.8,6.4,2.5,4,6.0,1,48.12,39.7,57.61,Moderate
STU1868,19,Female,2,Design,89.1,8.22,2.7,4,1,2,8.5,9,6.4,8.4,10.7,5,7.5,2,21.7,70.35,32.03,Moderate
STU1869,19,Male,2,Medicine,72.6,8.35,6.6,5,3,6,8.0,8,7.1,4.4,14.0,5,5.7,1,49.59,59.23,53.22,Moderate
STU1870,21,Male,1,Engineering,92.5,7.78,7.6,6,5,8,5.3,4,9.1,4.6,10.6,2,5.8,1,63.51,37.46,56.54,Moderate
STU1871,22,Female,4,Computer Science,81.5,7.58,4.8,3,2,3,8.1,9,6.0,7.0,12.6,6,9.3,2,29.34,70.97,26.64,Low
STU1872,19,Female,1,Commerce,85.3,8.34,3.0,2,2,1,7.5,9,6.2,5.3,17.0,6,8.8,3,16.49,70.01,28.4,Low
STU1873,20,Female,4,Commerce,81.1,7.49,6.4,6,2,6,4.6,5,7.4,4.0,9.7,3,4.8,1,49.22,38.32,50.85,Moderate
STU1874,22,Female,4,Engineering,70.4,6.84,4.7,5,4,3,8.6,8,7.3,7.9,13.4,5,8.2,2,43.89,69.0,39.53,Moderate
STU1875,21,Female,3,Business,84.3,6.88,2.9,3,1,2,7.2,8,4.5,6.7,18.6,5,8.5,3,22.12,70.89,26.55,Low
STU1876,20,Male,3,Engineering,84.4,7.87,6.5,5,2,4,6.2,6,6.0,5.3,9.9,3,6.4,2,38.68,50.96,39.06,Moderate
STU1877,21,Male,3,Medicine,80.0,8.27,10.1,8,3,8,5.4,4,8.9,2.2,4.9,3,3.2,1,66.41,31.04,78.05,High
STU1878,20,Male,2,Medicine,81.2,7.81,5.1,6,3,5,6.9,6,4.0,3.3,13.2,4,10.0,2,47.26,57.56,44.6,Moderate
STU1879,19,Female,3,Computer Science,83.9,8.74,6.5,5,0,4,6.7,8,7.4,5.9,13.7,3,4.6,1,31.31,54.04,33.26,Moderate
STU1880,21,Male,1,Arts,81.2,6.99,3.3,5,2,4,7.8,5,6.5,4.1,13.0,4,8.2,2,38.01,55.48,48.33,Moderate
STU1881,21,Female,1,Engineering,85.1,7.76,5.5,4,0,3,7.9,9,5.8,6.8,12.7,4,10.0,2,25.8,68.34,40.99,Moderate
STU1882,22,Female,2,Computer Science,74.5,7.26,4.7,5,1,4,6.5,7,8.6,4.6,14.0,5,10.5,2,36.84,56.71,40.65,Moderate
STU1883,21,Male,3,Engineering,72.5,6.94,7.8,10,2,8,4.8,5,7.6,4.8,3.6,2,2.2,2,70.52,35.49,61.39,High
STU1884,21,Female,4,Commerce,83.1,8.63,5.6,3,1,2,7.1,8,6.4,8.1,14.7,5,8.1,2,21.66,66.63,17.35,Low
STU1885,19,Female,1,Medicine,84.2,7.41,4.6,5,2,2,7.3,8,3.9,5.8,12.7,6,7.4,3,31.23,68.09,31.03,Moderate
STU1886,20,Male,4,Commerce,87.6,7.47,3.5,2,0,4,8.0,10,5.5,6.7,14.8,5,8.4,2,21.98,71.73,43.56,Moderate
STU1887,18,Female,1,Computer Science,90.4,7.37,3.9,3,0,2,8.0,10,8.0,5.3,15.7,7,9.5,2,18.12,70.43,27.76,Low
STU1888,19,Male,2,Engineering,82.8,7.8,8.4,8,0,9,6.5,5,6.9,3.6,7.4,3,4.6,2,59.64,44.11,52.58,Moderate
STU1889,21,Female,2,Design,81.2,7.18,6.6,6,1,7,6.3,6,12.5,2.9,7.5,3,6.0,1,50.22,37.01,55.12,Moderate
STU1890,27,Male,2,Computer Science,81.7,6.96,4.9,5,2,6,6.6,7,7.1,5.6,10.2,4,6.8,2,45.98,54.61,39.51,Moderate
STU1891,19,Female,1,Business,81.2,7.89,6.5,8,2,7,4.8,5,10.2,1.7,8.6,2,6.8,1,57.51,31.74,65.1,High
STU1892,20,Female,2,Computer Science,86.8,7.92,7.3,7,1,4,7.4,9,8.4,4.8,12.3,5,10.1,2,41.42,62.03,27.98,Low
STU1893,22,Male,4,Business,56.2,6.8,4.5,5,2,5,6.5,8,3.9,5.3,11.2,4,7.7,2,46.83,60.34,46.03,Moderate
STU1894,19,Female,2,Engineering,77.6,7.31,7.1,6,1,6,7.0,6,8.4,3.6,10.2,3,5.9,1,47.69,46.07,50.88,Moderate
STU1895,21,Female,2,Commerce,87.6,8.24,4.1,5,3,4,5.8,6,6.9,6.6,10.0,3,10.1,1,38.53,51.58,55.33,Moderate
STU1896,21,Female,4,Computer Science,71.7,8.39,7.6,8,5,6,5.4,6,10.4,3.7,4.1,5,4.2,1,64.84,37.66,67.48,High
STU1897,21,Female,3,Computer Science,80.6,6.52,6.8,8,4,6,4.3,5,8.4,3.5,2.6,3,5.2,1,62.81,32.28,72.67,High
STU1898,19,Female,2,Computer Science,85.9,8.12,4.0,4,3,2,7.7,9,5.8,6.1,14.7,6,10.0,2,29.48,70.22,35.18,Moderate
STU1899,20,Female,1,Computer Science,70.4,7.75,6.8,9,3,8,4.4,4,10.0,2.2,4.8,3,1.1,1,68.91,25.47,73.31,High
STU1900,22,Male,4,Engineering,73.8,6.96,6.3,7,4,6,6.1,7,6.9,4.8,11.5,5,5.0,2,60.02,52.92,57.95,Moderate
STU1901,21,Female,3,Medicine,89.2,8.35,7.1,6,0,4,8.3,8,5.8,3.8,9.5,6,9.1,1,34.36,61.95,37.88,Moderate
STU1902,18,Female,1,Commerce,80.8,6.79,4.4,4,3,5,7.7,9,6.9,5.2,11.8,4,7.3,2,42.88,61.85,31.75,Moderate
STU1903,21,Female,1,Design,73.1,7.09,5.7,5,0,7,6.8,6,7.4,3.0,7.2,5,8.1,1,45.19,48.22,52.66,Moderate
STU1904,18,Female,4,Commerce,85.5,7.38,4.1,4,2,5,7.6,10,6.5,5.0,6.7,5,7.7,2,37.87,62.36,36.25,Moderate
STU1905,21,Male,1,Commerce,85.0,8.15,6.9,5,4,7,6.8,6,9.1,4.6,11.0,2,4.8,1,54.44,44.61,67.33,High
STU1906,19,Female,4,Engineering,78.6,6.27,5.5,7,3,3,6.6,7,7.8,4.8,12.7,2,6.7,1,46.7,49.62,42.22,Moderate
STU1907,24,Other,1,Medicine,66.9,7.88,9.4,8,1,9,5.3,4,8.1,2.6,6.0,3,5.3,0,65.99,32.56,56.52,Moderate
STU1908,20,Female,4,Engineering,82.4,7.51,5.7,4,1,3,7.3,7,6.2,9.6,12.8,4,10.4,2,29.83,67.35,37.34,Moderate
STU1909,20,Male,2,Business,65.6,7.77,5.8,5,5,4,7.4,8,6.3,5.7,11.9,4,3.9,1,50.39,56.89,28.87,Low
STU1910,19,Male,2,Computer Science,70.8,7.54,8.0,7,1,8,4.0,5,9.8,1.4,6.1,3,5.9,1,58.63,28.87,71.93,High
STU1911,20,Male,4,Computer Science,76.1,7.61,6.5,10,3,8,7.4,7,10.0,4.0,8.6,3,6.2,1,70.72,47.04,69.09,High
STU1912,22,Male,2,Commerce,69.2,7.21,6.7,6,1,5,8.2,7,5.9,5.1,10.3,4,7.8,2,45.59,60.54,40.03,Moderate
STU1913,28,Male,3,Computer Science,66.3,7.02,6.4,10,3,6,5.0,5,9.1,3.0,7.4,3,4.7,1,66.58,34.78,63.92,High
STU1914,20,Female,1,Business,87.3,6.77,2.1,4,0,2,8.4,8,5.7,4.3,15.4,5,8.9,2,20.92,66.34,19.35,Low
STU1915,20,Female,1,Business,66.8,7.18,4.8,3,0,5,6.4,8,7.5,3.9,10.1,3,7.9,2,33.12,52.13,34.91,Moderate
STU1916,21,Male,1,Computer Science,87.0,6.41,4.9,6,0,3,6.9,7,10.5,5.1,15.2,5,7.3,1,32.79,53.21,41.44,Moderate
STU1917,23,Female,3,Computer Science,88.1,8.2,4.9,6,4,3,7.2,7,5.4,0.7,10.2,4,10.4,2,41.62,53.34,48.58,Moderate
STU1918,21,Female,1,Medicine,90.1,8.15,6.2,5,1,3,7.6,9,7.9,8.7,14.1,8,9.1,2,30.68,73.01,26.16,Low
STU1919,20,Male,1,Commerce,91.3,6.88,4.6,7,1,4,5.8,5,6.4,6.0,9.3,4,6.3,1,40.15,47.95,42.73,Moderate
STU1920,20,Female,2,Engineering,76.8,5.96,3.4,4,2,2,7.2,9,8.2,7.1,10.1,6,7.3,2,31.1,63.43,35.34,Moderate
STU1921,21,Male,3,Commerce,78.6,8.66,5.9,6,3,5,6.6,7,6.8,3.2,8.3,2,4.4,2,46.94,46.31,56.0,Moderate
STU1922,18,Male,3,Commerce,73.6,7.69,5.2,5,1,3,7.9,7,6.1,4.2,14.2,5,6.7,1,33.36,58.9,38.49,Moderate
STU1923,21,Male,1,Engineering,84.8,8.12,6.2,5,3,6,6.3,7,9.0,2.7,13.0,3,6.9,2,47.61,47.43,53.25,Moderate
STU1924,20,Male,1,Computer Science,84.3,8.24,5.4,6,2,6,7.2,8,8.7,5.5,9.9,4,5.5,1,46.61,53.32,45.09,Moderate
STU1925,22,Female,4,Design,92.7,7.2,5.9,4,4,3,7.6,9,9.4,6.3,11.1,4,7.0,2,37.8,59.78,25.05,Low
STU1926,19,Female,1,Computer Science,85.4,9.16,4.1,2,2,3,8.9,9,6.3,4.6,12.9,6,12.3,2,22.69,71.46,32.09,Moderate
STU1927,21,Female,4,Business,77.7,8.88,6.9,7,1,5,7.4,7,7.1,3.9,5.0,3,7.1,2,44.33,50.7,29.41,Low
STU1928,20,Female,4,Engineering,74.4,7.9,6.2,6,2,5,6.8,7,7.8,6.0,8.3,4,9.6,2,46.16,55.89,37.72,Moderate
STU1929,21,Male,3,Commerce,88.9,8.23,4.0,7,0,7,5.4,4,9.5,5.7,10.1,4,6.6,2,44.8,43.38,51.99,Moderate
STU1930,18,Male,1,Business,88.0,6.67,4.1,4,0,3,7.5,8,7.2,5.9,16.2,6,6.7,1,25.97,62.95,25.09,Low
STU1931,21,Female,4,Business,76.1,6.76,4.0,6,2,3,7.1,10,5.7,5.0,14.5,7,9.4,2,39.27,69.39,35.42,Moderate
STU1932,21,Female,3,Engineering,85.1,7.47,4.2,3,2,3,7.1,8,6.3,7.4,8.1,6,9.4,3,28.42,66.18,41.31,Moderate
STU1933,21,Other,3,Computer Science,75.7,7.51,6.9,4,3,4,6.6,8,9.3,5.3,8.4,5,7.6,2,41.28,54.18,31.59,Moderate
STU1934,21,Female,2,Design,72.2,6.69,6.6,9,1,7,5.9,4,10.5,0.9,2.5,2,2.9,1,60.87,26.02,69.02,High
STU1935,21,Female,1,Engineering,78.1,6.89,2.8,2,2,1,9.2,9,7.5,4.2,14.4,7,8.9,2,19.94,70.06,12.5,Low
STU1936,22,Female,1,Computer Science,81.8,6.41,3.3,4,2,2,8.9,10,7.0,7.0,14.9,4,8.2,2,29.43,71.68,26.79,Low
STU1937,19,Male,2,Business,91.8,8.33,5.7,2,0,4,7.4,6,7.5,2.1,16.1,4,4.4,2,21.68,50.87,30.0,Low
STU1938,22,Male,3,Computer Science,83.3,7.78,7.0,3,3,5,6.2,7,6.6,3.2,2.8,5,6.4,2,40.21,47.73,35.02,Moderate
STU1939,20,Male,2,Computer Science,94.0,9.6,7.9,5,4,6,5.1,6,9.2,6.5,9.8,3,3.9,1,48.03,42.54,62.52,High
STU1940,18,Male,2,Computer Science,77.7,7.44,6.4,6,3,5,6.1,4,7.6,2.5,10.9,4,5.5,1,49.54,40.78,56.52,Moderate
STU1941,18,Female,2,Commerce,74.9,8.4,8.2,8,2,6,6.6,3,11.2,3.7,3.0,3,0.0,1,55.79,29.32,73.48,High
STU1942,20,Female,3,Commerce,77.5,6.82,4.9,4,1,5,7.8,7,6.4,6.6,12.3,4,6.3,3,37.8,62.73,31.46,Moderate
STU1943,22,Male,4,Engineering,61.7,8.35,10.3,9,1,10,4.7,2,10.2,1.7,6.5,3,3.8,1,72.94,24.66,82.18,Very High
STU1944,21,Female,1,Engineering,70.7,7.58,8.9,7,3,8,5.5,5,7.0,1.7,6.4,3,4.8,1,65.33,36.25,68.08,High
STU1945,22,Male,2,Engineering,80.6,7.33,6.2,6,0,5,7.5,6,4.4,3.4,13.5,3,6.7,1,40.07,54.0,32.47,Moderate
STU1946,20,Male,1,Commerce,80.0,8.54,5.9,7,2,8,4.4,4,10.3,0.0,7.3,1,3.9,1,56.68,22.44,59.13,Moderate
STU1947,20,Male,3,Computer Science,77.4,7.99,5.5,4,3,2,7.1,10,10.0,4.6,4.7,6,6.6,3,32.37,57.48,29.24,Low
STU1948,19,Male,3,Arts,77.0,6.01,5.0,3,0,2,8.6,10,5.0,9.6,16.6,6,11.0,3,23.54,83.92,21.79,Low
STU1949,20,Male,4,Computer Science,74.7,9.46,6.4,4,0,3,9.3,9,8.1,6.6,12.4,8,8.8,2,25.45,73.44,27.75,Low
STU1950,20,Male,2,Arts,74.6,6.94,5.1,4,1,6,6.8,8,5.1,4.8,14.0,5,7.1,1,41.58,59.64,52.21,Moderate
STU1951,19,Female,4,Computer Science,86.5,7.48,3.6,2,0,3,8.6,10,6.9,7.6,13.5,7,11.2,2,18.89,76.89,13.87,Low
STU1952,19,Female,1,Design,79.8,6.44,4.3,1,1,4,7.9,9,6.2,5.3,16.3,6,10.4,2,25.88,70.2,31.41,Moderate
STU1953,21,Female,3,Computer Science,88.6,7.38,3.2,4,0,2,8.2,9,9.1,8.0,14.3,3,10.4,3,20.6,68.68,27.58,Low
STU1954,21,Male,1,Computer Science,72.2,7.28,7.1,10,3,10,3.6,4,11.0,2.8,6.8,1,2.4,0,79.08,20.63,73.41,High
STU1955,28,Female,4,Business,83.1,7.73,4.7,5,2,3,7.7,8,7.6,4.6,11.5,5,9.8,1,34.29,59.58,43.0,Moderate
STU1956,24,Male,2,Business,85.9,7.35,6.7,7,2,7,5.3,2,9.0,2.5,8.4,2,5.2,1,55.02,29.59,60.26,High
STU1957,21,Female,3,Engineering,74.4,7.17,5.7,4,3,4,6.4,9,8.5,5.6,8.1,5,7.5,2,41.07,56.43,43.39,Moderate
STU1958,20,Male,4,Commerce,71.3,6.49,4.3,5,5,5,7.3,8,5.0,4.3,8.7,3,10.1,2,53.66,58.95,48.32,Moderate
STU1959,21,Female,1,Medicine,99.0,8.53,4.1,4,0,1,9.1,10,6.1,7.7,15.2,4,12.8,2,14.37,77.56,13.76,Low
STU1960,22,Male,1,Business,82.2,6.55,4.0,1,3,2,7.1,9,8.2,6.9,13.3,5,8.0,2,24.38,63.66,33.33,Moderate
STU1961,19,Male,4,Engineering,86.6,7.39,6.8,7,3,7,6.7,6,8.0,2.7,9.1,4,6.3,2,57.92,46.96,59.78,Moderate
STU1962,20,Female,2,Medicine,90.7,7.93,4.6,4,0,1,8.8,10,4.4,3.5,10.6,6,10.8,2,17.17,71.23,31.23,Moderate
STU1963,22,Female,1,Medicine,63.6,6.95,5.7,5,1,3,8.1,9,5.9,5.4,12.0,4,8.5,2,36.68,65.35,33.15,Moderate
STU1964,20,Male,2,Engineering,79.1,6.61,7.7,5,0,5,6.8,7,7.1,5.9,9.5,3,6.1,2,39.99,53.57,41.67,Moderate
STU1965,21,Female,3,Business,92.5,7.93,5.8,4,0,4,6.5,8,6.6,4.6,13.1,6,10.6,3,27.87,63.22,23.47,Low
STU1966,21,Female,1,Computer Science,73.8,7.35,5.3,5,1,7,4.7,3,10.8,3.2,8.1,1,7.9,1,47.31,28.92,55.23,Moderate
STU1967,19,Other,2,Computer Science,87.2,7.84,6.1,6,1,5,7.1,6,9.5,4.4,9.1,3,5.1,3,41.04,48.54,40.44,Moderate
STU1968,20,Male,1,Commerce,72.9,6.76,4.9,6,1,5,7.0,6,7.1,3.1,12.9,3,5.5,1,44.22,47.91,50.0,Moderate
STU1969,20,Male,2,Commerce,85.7,8.18,5.2,5,1,4,6.6,5,7.5,6.8,12.4,4,7.2,2,33.86,53.99,45.47,Moderate
STU1970,18,Female,4,Computer Science,73.4,6.74,6.4,7,3,6,5.6,7,11.4,3.9,7.0,3,8.8,2,57.53,42.73,65.07,High
STU1971,18,Female,4,Engineering,75.1,7.42,6.1,6,3,5,8.3,9,5.8,5.1,13.4,6,6.1,1,49.76,65.52,50.83,Moderate
STU1972,22,Male,3,Arts,91.2,6.97,2.7,2,1,2,7.0,8,3.9,8.2,12.1,6,10.9,3,17.88,72.87,27.05,Low
STU1973,19,Male,1,Engineering,89.8,6.78,3.2,5,0,3,6.3,9,6.5,7.4,14.0,6,8.0,2,27.51,65.68,30.63,Moderate
STU1974,20,Male,4,Commerce,71.6,7.89,5.2,8,2,4,7.4,6,8.2,3.2,13.3,3,6.4,2,48.03,50.4,37.45,Moderate
STU1975,19,Female,2,Design,83.4,6.34,4.5,6,1,5,8.4,7,7.8,6.1,10.0,6,5.8,2,42.84,61.43,44.12,Moderate
STU1976,24,Female,1,Medicine,87.3,6.83,4.0,5,0,3,7.8,10,2.6,4.0,12.1,8,6.8,2,28.51,71.78,21.39,Low
STU1977,19,Female,4,Arts,80.0,7.36,5.4,5,2,3,7.2,9,3.6,5.8,11.2,5,10.9,2,36.01,68.48,31.88,Moderate
STU1978,20,Female,3,Design,91.3,8.83,5.4,5,2,4,5.8,7,8.4,4.8,9.9,5,7.3,2,35.01,51.06,41.02,Moderate
STU1979,22,Female,3,Medicine,73.7,7.36,7.3,7,1,5,6.0,7,8.8,3.4,10.1,3,5.8,2,47.87,45.67,44.27,Moderate
STU1980,22,Female,3,Commerce,83.2,6.66,5.9,7,2,6,5.9,4,8.0,3.7,8.8,3,4.8,1,52.62,38.78,50.91,Moderate
STU1981,19,Other,1,Commerce,83.5,7.33,4.5,6,2,5,6.0,7,7.6,2.3,12.4,3,6.4,2,44.17,46.96,49.0,Moderate
STU1982,22,Female,1,Commerce,90.2,7.71,5.1,7,4,4,5.6,5,8.4,0.4,0.5,3,3.8,1,48.37,29.36,58.09,Moderate
STU1983,20,Male,3,Business,87.5,7.03,2.1,3,1,2,8.2,9,5.4,8.2,17.6,6,10.4,2,20.67,76.98,20.12,Low
STU1984,20,Male,1,Engineering,71.2,8.01,7.0,5,3,6,6.6,6,8.4,5.3,9.8,4,8.3,1,50.73,50.13,44.77,Moderate
STU1985,19,Male,2,Engineering,85.7,7.36,5.6,5,2,4,7.6,8,7.7,4.8,12.0,6,3.3,2,38.56,58.31,47.4,Moderate
STU1986,19,Female,4,Computer Science,88.5,7.39,6.1,8,2,5,6.0,7,9.2,2.6,8.6,5,2.8,2,50.13,43.76,41.44,Moderate
STU1987,21,Male,4,Computer Science,74.9,7.17,4.2,6,2,5,7.8,8,9.8,4.0,14.0,4,7.6,2,45.62,56.63,59.72,Moderate
STU1988,20,Male,2,Computer Science,78.5,8.1,5.0,3,1,2,9.2,10,5.4,6.6,12.9,5,10.9,3,22.81,77.5,22.58,Low
STU1989,20,Male,4,Business,66.9,6.46,3.7,2,2,4,7.0,7,10.0,7.3,14.6,5,9.0,3,33.28,61.54,30.82,Moderate
STU1990,21,Male,4,Commerce,90.2,7.28,7.3,7,1,4,6.7,8,5.3,4.3,10.0,6,8.4,2,41.92,60.16,29.19,Low
STU1991,21,Other,3,Commerce,78.4,7.31,6.2,7,2,3,7.3,8,6.0,3.1,7.8,5,6.1,1,42.58,53.72,35.57,Moderate
STU1992,19,Male,1,Commerce,90.6,8.16,5.5,5,1,6,7.2,7,6.3,5.0,8.8,3,5.4,1,39.99,51.8,45.48,Moderate
STU1993,21,Female,2,Business,96.3,8.2,3.0,3,2,2,8.0,10,5.1,6.3,13.2,7,2.9,2,21.01,69.62,22.34,Low
STU1994,19,Male,2,Medicine,77.3,8.41,6.6,6,3,5,7.1,8,7.7,3.0,12.8,5,6.1,2,48.16,55.2,36.34,Moderate
STU1995,21,Female,1,Business,83.6,6.8,4.9,5,3,6,5.4,4,8.0,2.0,7.0,4,6.7,1,48.93,36.41,47.77,Moderate
STU1996,21,Male,2,Engineering,85.1,6.53,6.6,6,2,4,7.9,7,8.5,1.4,12.4,3,4.4,1,43.66,47.0,43.34,Moderate
STU1997,24,Female,1,Arts,94.6,8.54,3.1,2,0,1,8.4,10,5.1,5.9,12.4,6,6.7,2,8.69,71.05,15.01,Low
STU1998,18,Female,2,Commerce,79.7,8.06,5.4,5,2,5,7.0,7,6.6,4.3,7.3,4,6.4,2,41.56,52.67,49.98,Moderate
STU1999,18,Male,4,Engineering,86.8,7.24,6.8,7,1,5,6.9,7,6.0,5.9,11.5,5,7.5,2,45.47,59.56,38.75,Moderate
STU2000,19,Male,1,Commerce,100.0,7.96,5.2,3,2,3,8.0,9,5.4,7.8,11.7,6,7.9,2,25.96,71.19,46.25,Moderate
STU2001,19,Female,3,Medicine,82.6,8.08,8.5,7,5,7,6.1,3,7.6,1.5,5.0,5,6.5,1,64.85,36.58,65.66,High
STU2002,19,Female,3,Computer Science,65.8,6.36,7.7,7,4,7,5.6,5,9.1,4.7,8.8,4,6.4,1,66.85,42.13,67.37,High
STU2003,23,Male,1,Commerce,76.4,6.94,4.5,5,1,4,6.9,8,5.2,6.2,11.8,4,8.6,2,36.89,62.23,46.04,Moderate
STU2004,19,Female,4,Engineering,72.1,6.5,5.6,6,3,4,7.1,7,5.7,6.7,16.7,6,4.9,2,48.04,63.79,31.58,Moderate
STU2005,19,Male,3,Computer Science,89.9,7.59,3.4,3,1,3,9.0,8,7.9,6.0,10.3,4,9.1,3,23.76,66.06,24.28,Low
STU2006,21,Female,2,Arts,89.6,5.33,2.1,4,1,1,8.4,9,4.6,7.0,13.1,5,13.0,2,22.6,74.91,21.82,Low
STU2007,20,Male,3,Commerce,80.7,7.79,6.3,6,2,8,6.2,2,7.5,2.5,3.7,3,8.6,0,55.37,33.39,69.56,High
STU2008,22,Male,1,Business,81.8,7.92,7.1,7,3,7,6.6,5,6.7,3.5,7.0,3,3.4,0,58.08,40.14,58.62,Moderate
STU2009,18,Female,3,Commerce,75.3,6.78,6.4,7,1,8,6.1,5,8.7,3.5,6.1,3,5.3,0,57.82,37.22,61.0,High
STU2010,20,Female,1,Engineering,77.9,6.9,10.0,10,4,9,5.3,5,12.7,2.4,3.7,2,4.1,2,80.85,28.75,82.63,Very High
STU2011,18,Female,4,Medicine,71.1,8.05,7.7,10,2,6,5.8,7,7.4,3.5,7.1,3,1.8,1,62.15,41.03,67.01,High
STU2012,18,Male,2,Commerce,89.9,8.43,6.0,5,0,5,7.2,8,7.1,7.3,17.8,5,5.8,2,33.74,64.93,46.02,Moderate
STU2013,23,Male,3,Arts,90.1,7.3,5.6,3,1,3,8.4,7,7.8,5.1,9.3,4,8.7,2,26.04,59.02,22.44,Low
STU2014,19,Male,1,Engineering,65.8,6.71,5.3,5,2,5,6.8,6,7.6,6.2,14.8,3,5.2,1,46.04,52.16,42.52,Moderate
STU2015,20,Female,3,Business,75.2,7.08,5.5,9,3,6,5.6,6,9.1,1.5,8.2,3,3.6,1,61.47,35.58,59.97,Moderate
STU2016,20,Female,3,Arts,80.1,6.07,4.4,6,1,4,6.7,7,7.8,6.9,8.5,5,2.0,1,40.42,51.58,38.26,Moderate
STU2017,20,Female,2,Commerce,87.2,8.27,6.6,7,2,4,6.3,7,8.1,2.7,3.8,4,5.9,1,43.18,42.79,53.24,Moderate
STU2018,23,Female,3,Arts,79.6,7.22,7.0,5,4,6,4.6,5,9.3,3.5,8.6,4,5.6,2,53.64,38.28,62.73,High
STU2019,18,Male,2,Engineering,74.9,7.54,4.9,6,4,3,6.6,9,8.0,5.9,13.4,5,9.7,1,44.92,60.48,28.75,Low
STU2020,21,Male,4,Arts,83.4,8.89,6.1,5,1,6,5.8,6,5.5,5.4,6.6,4,4.8,1,40.48,47.41,51.34,Moderate
STU2021,25,Male,2,Commerce,83.5,8.07,4.6,5,3,5,6.5,5,6.6,4.2,11.3,3,6.3,2,43.24,48.44,42.23,Moderate
STU2022,21,Female,4,Computer Science,84.6,7.2,4.7,2,1,2,6.8,10,8.2,5.5,12.1,6,8.6,2,20.26,63.42,28.6,Low
STU2023,24,Male,4,Business,74.0,7.3,6.3,6,2,7,6.7,4,6.7,5.4,4.9,4,4.1,1,53.97,43.94,48.17,Moderate
STU2024,18,Male,2,Medicine,76.6,7.94,9.1,10,2,9,3.6,3,7.9,0.7,2.3,2,2.9,1,72.58,20.39,82.02,Very High
STU2025,20,Male,1,Medicine,80.0,8.69,5.5,4,0,4,6.9,7,6.4,7.2,12.4,7,5.2,2,28.43,62.46,26.15,Low
STU2026,19,Male,2,Commerce,60.4,6.96,5.2,6,2,8,5.4,5,6.8,5.4,3.9,2,6.2,2,59.22,41.85,58.33,Moderate
STU2027,21,Female,4,Computer Science,82.6,7.6,6.6,5,2,4,7.5,8,7.9,5.1,10.8,4,8.4,2,39.51,58.55,44.85,Moderate
STU2028,26,Female,1,Medicine,100.0,9.5,7.1,3,2,5,6.5,8,5.4,4.4,12.6,6,9.3,2,31.64,61.52,37.39,Moderate
STU2029,19,Male,2,Business,71.2,5.94,4.4,6,5,5,5.7,5,8.4,4.9,6.2,3,0.7,1,57.46,37.18,53.87,Moderate
STU2030,21,Female,4,Computer Science,73.8,6.94,5.3,5,3,5,7.7,6,8.0,4.7,10.5,5,6.3,2,47.33,54.77,45.62,Moderate
STU2031,19,Female,2,Engineering,80.2,7.78,7.6,6,2,6,5.6,5,8.8,6.9,7.7,2,4.9,1,49.89,41.73,53.49,Moderate
STU2032,21,Male,3,Computer Science,89.6,8.07,5.5,4,0,4,8.0,9,5.8,3.6,14.2,6,7.7,1,27.87,63.88,36.92,Moderate
STU2033,20,Male,1,Engineering,68.7,7.12,6.4,6,1,6,6.2,6,6.6,2.8,8.8,4,6.6,1,48.91,45.68,50.03,Moderate
STU2034,25,Male,1,Design,88.8,9.06,5.8,2,2,5,6.5,9,6.8,6.5,10.9,3,8.9,2,30.38,59.86,33.27,Moderate
STU2035,21,Female,4,Design,90.7,8.88,5.3,4,1,4,7.3,8,6.8,7.0,14.6,4,7.3,1,29.17,61.59,31.67,Moderate
STU2036,20,Female,1,Arts,89.9,6.9,3.2,3,0,3,7.3,9,7.9,5.5,12.6,4,10.3,2,21.74,62.41,19.04,Low
STU2037,19,Male,2,Commerce,87.8,7.12,5.0,5,2,5,5.0,6,7.1,4.8,12.3,3,4.6,2,41.44,45.51,54.72,Moderate
STU2038,19,Other,4,Engineering,73.6,7.4,7.5,6,2,5,6.2,8,5.9,6.0,9.7,4,6.5,2,48.21,56.67,54.54,Moderate
STU2039,19,Male,2,Arts,80.3,7.54,4.8,3,0,2,7.5,8,7.2,5.9,5.3,5,6.9,3,20.27,59.72,41.89,Moderate
STU2040,19,Male,4,Design,75.0,7.19,5.7,4,1,4,6.8,9,5.4,4.2,19.2,6,7.6,2,34.93,65.91,37.76,Moderate
STU2041,22,Male,4,Commerce,88.2,6.8,3.7,5,2,2,7.8,9,5.4,5.3,13.5,7,11.1,3,30.83,72.82,19.93,Low
STU2042,21,Male,1,Commerce,63.7,7.4,6.3,6,1,6,5.3,5,6.7,4.4,9.7,4,5.8,1,49.19,43.64,38.16,Moderate
STU2043,20,Female,1,Arts,75.2,7.17,3.7,4,2,4,8.1,6,5.8,5.1,13.4,3,5.1,2,36.27,57.2,41.84,Moderate
STU2044,19,Male,3,Commerce,84.0,8.02,5.5,4,4,4,6.5,7,7.6,2.4,8.9,5,3.5,3,40.88,49.02,40.68,Moderate
STU2045,22,Male,2,Engineering,67.8,7.59,7.4,8,4,5,7.3,7,8.3,4.2,9.5,5,3.7,1,60.33,50.3,52.27,Moderate
STU2046,21,Male,1,Commerce,80.6,6.8,3.8,3,1,4,7.0,9,5.2,6.3,13.3,5,9.7,2,30.29,67.07,30.11,Moderate
STU2047,18,Female,3,Computer Science,79.8,8.22,5.4,5,0,5,7.0,7,9.5,4.9,11.4,5,7.8,1,35.28,52.79,43.36,Moderate
STU2048,21,Male,1,Engineering,91.0,7.22,4.8,3,1,4,7.6,9,6.1,3.5,15.1,5,9.6,2,28.69,64.37,28.33,Low
STU2049,20,Female,4,Engineering,90.7,8.52,8.2,7,1,6,7.0,6,6.9,4.8,5.1,2,7.9,2,47.18,48.8,54.67,Moderate
STU2050,19,Male,1,Computer Science,83.1,7.15,3.3,1,0,1,8.4,9,6.2,7.0,15.4,6,10.1,2,10.32,73.53,12.9,Low
STU2051,20,Female,1,Computer Science,86.0,8.15,4.2,3,3,2,8.1,8,5.1,6.9,14.5,6,9.8,3,26.81,73.14,24.81,Low
STU2052,20,Male,1,Computer Science,76.4,7.89,4.2,4,0,4,7.8,8,7.0,7.3,13.1,4,7.0,2,29.28,63.96,37.83,Moderate
STU2053,19,Female,4,Commerce,86.4,7.38,5.5,6,1,3,8.0,7,4.5,5.2,11.3,6,7.7,2,34.77,64.66,32.55,Moderate
STU2054,24,Female,3,Design,98.8,8.42,5.8,4,1,3,7.1,10,7.3,7.9,11.5,5,11.6,3,25.67,71.03,37.66,Moderate
STU2055,22,Female,4,Arts,79.8,7.9,2.9,4,2,4,6.5,7,6.5,7.1,13.0,4,10.1,3,33.62,62.54,30.02,Moderate
STU2056,21,Male,2,Engineering,100.0,7.66,3.0,4,2,2,7.9,10,4.8,9.2,18.8,6,9.2,3,24.07,81.45,29.08,Low
STU2057,20,Female,2,Commerce,77.2,7.42,6.1,4,2,5,6.7,8,6.3,5.0,9.8,3,6.9,1,40.85,53.54,34.34,Moderate
STU2058,20,Female,1,Arts,88.4,6.75,3.3,6,3,6,6.9,7,4.6,5.4,10.2,4,7.7,2,49.66,58.66,41.98,Moderate
STU2059,21,Male,2,Computer Science,85.0,7.84,5.2,6,1,3,7.6,7,8.3,6.8,12.0,5,9.7,2,33.99,61.97,41.86,Moderate
STU2060,20,Female,3,Commerce,82.8,8.56,7.7,6,2,5,6.8,6,7.2,8.8,11.9,2,6.5,0,44.91,53.02,58.92,Moderate
STU2061,18,Male,3,Design,86.3,8.0,5.4,5,2,2,7.3,7,7.2,2.2,11.7,4,8.8,1,30.56,51.82,43.24,Moderate
STU2062,20,Male,1,Computer Science,72.2,7.69,6.6,8,4,7,6.3,3,8.9,4.0,5.7,3,2.7,1,65.43,34.71,71.08,High
STU2063,22,Male,4,Business,84.9,9.87,6.3,6,0,4,5.7,7,6.2,4.2,10.4,4,8.6,2,31.87,52.28,43.86,Moderate
STU2064,20,Female,1,Design,89.4,8.96,4.6,3,2,4,8.3,8,7.6,8.7,10.2,6,9.6,3,28.89,71.24,27.43,Low
STU2065,18,Male,4,Computer Science,81.3,8.2,6.3,7,1,4,5.7,5,9.6,3.7,9.8,4,6.9,1,41.03,41.17,32.26,Moderate
STU2066,22,Female,1,Computer Science,77.0,7.32,3.7,4,2,3,6.3,6,8.5,7.0,8.0,5,6.5,3,32.38,54.19,33.06,Moderate
STU2067,19,Female,2,Computer Science,83.3,6.28,4.4,5,0,5,6.4,6,11.0,4.3,10.8,5,12.8,1,37.09,49.81,39.06,Moderate
STU2068,19,Female,2,Engineering,83.8,6.92,6.5,5,3,5,6.7,6,8.0,4.3,10.5,4,7.7,2,46.69,50.99,40.71,Moderate
STU2069,19,Male,2,Medicine,85.1,7.61,5.1,7,5,4,6.5,8,4.8,6.8,11.8,4,7.8,2,52.38,61.92,33.88,Moderate
STU2070,20,Female,3,Medicine,84.2,8.39,6.6,8,2,4,7.3,8,5.0,6.5,15.6,6,5.0,2,46.26,66.05,52.45,Moderate
STU2071,21,Male,2,Engineering,80.5,7.98,5.2,5,3,4,7.2,7,9.5,3.7,8.7,5,6.0,1,41.06,49.01,41.22,Moderate
STU2072,20,Male,2,Business,81.7,6.79,5.3,6,2,6,5.5,5,8.5,3.7,12.1,2,4.6,1,49.37,38.99,45.0,Moderate
STU2073,19,Female,3,Engineering,81.0,8.15,8.8,8,2,7,6.1,4,9.6,0.9,5.7,4,1.9,2,59.03,32.73,84.83,Very High
STU2074,22,Female,3,Computer Science,80.6,8.32,7.4,7,3,6,6.0,8,8.9,6.7,7.6,4,6.1,2,54.53,52.37,58.63,Moderate
STU2075,22,Other,4,Engineering,90.1,8.37,4.6,5,3,3,6.7,8,6.0,7.1,12.6,6,11.0,3,34.98,68.25,26.33,Low
STU2076,22,Male,1,Medicine,80.4,8.49,5.3,4,2,5,6.8,7,6.3,6.9,15.2,5,9.4,2,37.87,63.54,30.86,Moderate
STU2077,19,Male,3,Engineering,75.4,8.0,4.6,5,2,1,7.9,9,6.6,6.1,13.0,5,9.1,1,28.38,65.51,21.55,Low
STU2078,20,Female,3,Engineering,73.0,7.15,5.6,5,0,4,7.3,7,8.0,7.7,11.9,4,9.8,2,35.03,61.58,25.69,Low
STU2079,26,Female,2,Computer Science,84.0,8.44,6.4,10,1,6,6.4,6,9.2,1.6,7.8,2,4.2,1,55.27,36.85,53.37,Moderate
STU2080,22,Female,2,Design,78.5,7.99,7.4,4,3,5,5.5,6,10.2,3.9,5.7,3,3.9,1,43.77,36.58,57.41,Moderate
STU2081,18,Female,2,Arts,81.9,6.36,4.5,7,2,8,5.3,5,6.6,1.7,3.9,2,3.5,1,58.83,32.78,73.34,High
STU2082,18,Female,1,Engineering,79.4,6.89,7.3,7,3,7,6.7,6,6.9,3.6,12.2,6,7.7,0,60.37,51.23,63.46,High
STU2083,20,Male,1,Engineering,83.9,7.92,4.2,4,2,3,6.8,8,7.1,3.4,12.9,6,8.1,2,30.65,58.27,45.56,Moderate
STU2084,23,Female,1,Commerce,72.5,6.6,4.8,4,1,4,8.0,6,6.7,6.2,14.3,6,5.6,3,35.58,63.73,34.99,Moderate
STU2085,20,Female,3,Commerce,74.7,7.55,4.2,2,1,2,8.1,10,5.2,7.6,9.3,6,7.3,2,20.91,71.48,29.28,Low
STU2086,20,Male,3,Engineering,84.1,7.61,5.5,5,0,3,6.5,8,5.9,6.8,13.9,4,7.7,2,28.99,61.63,36.52,Moderate
STU2087,19,Male,4,Business,77.2,7.6,8.6,8,0,10,4.9,3,10.4,2.4,4.1,2,5.0,1,64.41,26.07,69.46,High
STU2088,21,Female,3,Commerce,66.4,7.44,4.5,8,1,6,5.0,6,7.9,0.1,9.1,4,4.9,1,52.73,35.72,67.42,High
STU2089,22,Male,1,Medicine,81.5,8.21,6.8,6,4,7,5.7,5,5.7,2.6,7.6,4,7.8,2,57.62,45.19,61.45,High
STU2090,20,Female,4,Commerce,83.9,7.48,6.7,7,1,6,6.3,6,6.6,2.9,8.0,5,8.1,2,48.8,49.63,51.11,Moderate
STU2091,22,Female,4,Arts,73.0,7.46,7.1,9,4,8,5.6,4,9.4,4.6,0.0,1,0.6,0,72.21,26.29,67.16,High
STU2092,25,Female,2,Design,79.9,7.07,7.0,9,5,8,5.4,4,9.7,3.3,8.1,3,5.8,1,74.62,35.1,79.6,High
STU2093,19,Male,3,Computer Science,91.7,6.92,4.8,2,3,2,8.0,10,8.3,5.9,18.8,6,10.1,2,25.63,71.68,17.43,Low
STU2094,20,Female,4,Engineering,88.4,7.7,7.0,4,0,4,6.6,10,8.4,6.8,9.4,5,12.0,2,29.93,64.23,22.14,Low
STU2095,19,Female,3,Medicine,78.2,7.8,8.2,8,2,6,6.5,5,7.3,5.8,6.7,4,7.9,1,56.24,48.38,36.9,Moderate
STU2096,22,Female,4,Engineering,69.5,7.97,7.6,8,3,6,6.2,5,9.8,5.5,10.7,3,6.3,1,59.91,43.87,57.43,Moderate
STU2097,21,Male,1,Commerce,79.6,6.92,5.6,5,1,5,8.3,8,7.2,5.3,10.3,5,6.5,1,40.64,60.01,43.16,Moderate
STU2098,21,Female,1,Business,88.0,7.32,2.7,3,2,2,7.8,9,3.7,6.5,16.9,6,9.8,2,23.61,74.5,15.19,Low
STU2099,22,Female,2,Design,73.2,7.63,7.1,8,0,4,6.4,6,8.0,0.7,8.1,6,9.4,1,43.78,45.5,48.97,Moderate
STU2100,20,Female,3,Arts,73.4,6.01,5.5,6,1,7,8.0,8,6.7,4.0,10.3,4,4.8,1,52.56,55.39,56.84,Moderate
STU2101,23,Female,4,Engineering,84.4,8.42,6.8,5,1,5,8.1,8,7.9,6.1,9.2,4,5.0,2,38.34,58.69,44.47,Moderate
STU2102,20,Male,4,Business,82.1,8.08,5.1,2,0,4,8.0,10,5.0,7.0,9.4,6,8.9,3,23.21,73.3,20.79,Low
STU2103,19,Male,2,Design,67.1,7.08,8.3,8,2,7,5.2,6,9.2,2.0,6.4,2,3.9,2,62.71,34.79,70.03,High
STU2104,21,Female,1,Engineering,90.1,7.92,4.0,3,0,2,8.1,10,4.4,6.3,15.2,5,9.5,2,17.34,73.62,29.62,Low
STU2105,22,Female,4,Design,69.8,7.33,8.5,8,3,8,6.7,5,9.3,4.0,10.5,4,4.6,2,68.34,45.31,69.68,High
STU2106,20,Female,3,Computer Science,87.2,8.08,6.8,6,3,4,7.2,6,9.1,5.4,11.8,3,9.0,2,43.89,53.07,50.46,Moderate
STU2107,22,Female,1,Design,89.4,8.67,6.7,4,1,5,5.7,7,7.6,4.6,9.0,4,6.7,2,34.23,49.3,30.55,Moderate
STU2108,23,Female,2,Medicine,80.8,9.43,11.0,10,0,7,6.7,5,9.6,1.3,6.5,2,6.7,0,58.32,34.48,73.65,High
STU2109,19,Male,3,Engineering,97.3,9.33,7.2,6,5,5,6.9,8,7.8,3.8,14.2,5,5.4,1,49.79,54.28,49.64,Moderate
STU2110,26,Other,3,Commerce,60.9,6.74,6.5,8,4,9,6.1,4,7.8,4.0,7.2,4,3.4,1,75.48,39.54,64.5,High
STU2111,19,Other,2,Commerce,88.7,7.52,4.2,3,2,3,6.5,7,7.5,3.7,13.1,3,8.2,1,27.74,50.48,45.97,Moderate
STU2112,19,Male,2,Computer Science,69.1,7.56,6.5,5,4,5,4.9,6,8.2,3.2,8.9,4,9.2,1,51.08,42.5,52.45,Moderate
STU2113,19,Male,4,Computer Science,86.5,7.63,6.3,3,3,4,6.9,8,8.8,5.3,16.5,5,8.2,2,36.01,60.06,16.83,Low
STU2114,23,Male,3,Engineering,75.0,7.25,6.2,7,2,6,7.2,7,7.6,3.5,11.6,3,6.5,1,53.25,50.18,59.93,Moderate
STU2115,21,Female,2,Commerce,78.8,7.61,6.7,7,1,6,6.4,6,8.0,0.2,5.8,4,5.0,1,49.43,38.17,51.46,Moderate
STU2116,19,Male,2,Business,77.8,8.23,6.6,3,1,5,4.4,5,9.1,5.6,5.2,4,2.3,1,34.04,35.52,47.96,Moderate
STU2117,20,Female,3,Arts,76.8,7.13,5.8,4,0,4,6.5,8,6.9,7.6,11.6,6,12.6,2,31.82,66.29,32.81,Moderate
STU2118,21,Female,1,Medicine,77.8,8.48,8.5,10,4,8,7.0,5,8.5,3.3,5.2,4,6.7,0,73.65,41.46,63.18,High
STU2119,19,Male,1,Design,72.2,7.01,5.9,7,0,7,5.5,4,8.4,4.1,8.6,3,7.6,1,51.2,39.54,57.23,Moderate
STU2120,23,Female,2,Engineering,88.0,7.46,8.5,6,4,5,5.1,6,8.1,2.1,10.2,3,1.6,2,52.54,37.54,64.02,High
STU2121,22,Female,2,Design,89.7,7.88,4.6,5,3,4,8.0,7,8.1,7.6,17.0,4,9.0,2,39.19,65.33,40.77,Moderate
STU2122,20,Male,3,Computer Science,67.3,6.45,3.9,5,2,4,7.2,7,7.5,4.9,16.2,3,8.0,3,41.73,59.03,33.61,Moderate
STU2123,25,Female,1,Engineering,77.1,8.15,6.3,8,3,8,6.4,5,8.7,2.3,4.7,3,8.3,1,63.93,39.25,52.13,Moderate
STU2124,20,Female,3,Commerce,97.2,8.74,6.5,6,3,4,6.8,7,7.0,4.1,9.7,5,12.0,2,40.87,57.52,38.76,Moderate
STU2125,26,Male,2,Computer Science,90.0,7.79,7.6,8,1,6,5.8,5,8.6,7.5,11.8,4,8.2,2,50.79,51.85,43.53,Moderate
STU2126,21,Male,1,Design,95.7,7.58,2.4,2,5,1,7.5,10,3.5,9.6,17.5,6,10.6,2,24.53,81.02,15.73,Low
STU2127,21,Male,1,Business,81.9,6.62,2.8,5,1,5,7.1,7,7.3,5.8,11.1,2,6.0,1,38.43,51.86,37.03,Moderate
STU2128,19,Female,4,Engineering,76.8,8.65,8.2,9,1,8,5.7,5,9.1,2.7,6.7,1,6.1,1,61.51,34.42,73.45,High
STU2129,23,Female,4,Medicine,79.7,6.66,4.5,5,2,3,7.9,8,5.1,9.3,12.5,4,9.2,2,36.48,70.6,36.75,Moderate
STU2130,20,Male,1,Business,95.9,7.9,3.9,4,1,3,7.7,9,7.2,5.2,9.9,4,10.2,2,25.43,62.49,29.06,Low
STU2131,19,Male,3,Design,92.6,7.09,5.0,4,2,2,7.1,9,8.8,4.3,11.1,5,7.9,1,27.92,56.23,36.69,Moderate
STU2132,18,Male,3,Engineering,76.7,7.06,4.4,4,1,2,6.5,10,4.7,6.7,13.5,5,10.0,2,27.12,68.78,32.28,Moderate
STU2133,21,Female,4,Engineering,85.1,7.96,8.1,4,1,3,7.2,8,9.2,7.2,14.8,4,9.8,3,30.63,63.94,28.07,Low
STU2134,20,Female,2,Commerce,85.8,8.05,5.4,9,1,6,5.5,6,9.1,2.9,12.1,4,8.6,2,52.01,45.6,53.78,Moderate
STU2135,21,Other,3,Commerce,89.3,8.16,2.7,2,0,2,8.2,9,4.2,4.9,12.5,6,7.6,2,13.21,69.0,5.12,Low
STU2136,23,Female,1,Computer Science,91.0,8.83,4.3,5,2,4,5.8,9,6.2,4.7,11.1,4,8.6,2,34.14,57.0,38.93,Moderate
STU2137,18,Male,2,Engineering,75.5,7.27,7.9,8,4,8,6.1,5,9.9,5.2,7.6,3,4.9,2,69.99,42.2,68.64,High
STU2138,21,Female,4,Business,82.8,7.38,3.9,3,3,2,8.0,7,6.2,6.9,15.5,6,8.9,2,28.37,68.15,34.34,Moderate
STU2139,19,Male,3,Commerce,71.9,6.81,5.8,8,3,5,4.6,6,8.3,3.7,9.4,3,6.9,1,56.61,39.75,59.07,Moderate
STU2140,22,Male,2,Arts,75.3,7.03,5.6,6,1,8,5.3,6,5.7,4.2,6.4,3,2.8,1,53.96,41.27,46.81,Moderate
STU2141,22,Male,1,Design,77.2,7.45,4.8,5,3,5,8.0,7,8.3,4.9,8.9,4,7.6,3,45.49,57.73,46.44,Moderate
STU2142,20,Female,3,Arts,69.4,8.23,6.4,5,4,7,7.0,5,8.8,2.7,8.9,3,4.9,1,56.49,41.28,65.0,High
STU2143,21,Male,3,Computer Science,86.9,7.64,3.8,2,0,2,8.8,10,7.8,6.7,12.0,7,11.0,2,15.39,74.19,27.74,Low
STU2144,20,Male,2,Design,82.0,7.34,3.5,5,1,2,7.8,10,7.8,5.9,13.0,4,8.3,3,27.79,66.75,30.18,Moderate
STU2145,20,Female,4,Computer Science,78.9,7.7,7.6,8,5,9,5.4,3,13.7,2.6,6.8,2,5.6,0,74.79,24.07,77.44,High
STU2146,22,Male,1,Commerce,84.7,6.88,4.0,3,0,4,9.5,10,5.4,9.5,13.9,5,10.2,2,26.64,81.08,20.97,Low
STU2147,20,Male,2,Medicine,75.3,7.07,5.4,6,0,5,7.0,9,5.8,6.4,12.5,5,10.6,2,40.72,66.72,41.59,Moderate
STU2148,20,Male,4,Engineering,84.3,7.88,6.0,6,0,4,7.5,7,5.9,4.8,15.4,5,8.2,2,35.04,62.15,33.05,Moderate
STU2149,20,Male,2,Business,83.8,6.54,7.0,5,3,6,4.5,6,8.0,4.7,9.1,3,8.7,1,51.08,42.36,50.45,Moderate
STU2150,22,Female,1,Business,82.9,6.01,4.3,4,5,5,6.6,7,6.4,4.9,10.9,5,6.7,2,49.75,55.9,46.26,Moderate
STU2151,20,Female,3,Computer Science,69.1,6.88,7.0,8,1,7,5.2,4,10.9,4.8,8.4,2,3.3,0,58.63,30.96,63.06,High
STU2152,19,Female,4,Commerce,68.2,8.69,8.6,7,5,9,5.5,5,11.2,5.7,11.2,2,9.1,1,72.98,41.42,54.83,Moderate
STU2153,21,Male,1,Engineering,77.2,6.84,6.2,4,1,4,7.4,8,5.9,5.8,12.1,5,6.2,2,35.57,62.05,35.79,Moderate
STU2154,22,Male,4,Engineering,77.6,8.51,6.4,5,2,5,7.5,8,6.6,5.0,14.0,5,8.8,2,41.99,63.01,30.47,Moderate
STU2155,19,Male,4,Business,67.1,6.84,4.9,5,3,4,7.3,8,7.2,7.0,14.3,2,4.3,3,44.94,59.82,42.13,Moderate
STU2156,19,Female,1,Engineering,77.6,6.33,5.1,1,2,2,7.1,9,4.6,6.8,12.7,3,9.7,3,23.43,67.66,45.7,Moderate
STU2157,19,Female,3,Arts,61.7,6.39,6.2,7,0,6,6.9,5,6.3,5.4,8.3,2,5.2,2,50.9,48.24,56.6,Moderate
STU2158,20,Male,2,Computer Science,70.2,7.72,6.8,5,2,6,6.6,7,7.2,3.8,6.3,6,3.0,1,48.21,48.15,42.09,Moderate
STU2159,20,Female,2,Commerce,61.6,6.98,5.5,8,1,7,6.8,2,8.6,2.5,4.4,2,6.3,0,58.46,31.4,64.01,High
STU2160,21,Female,4,Commerce,76.4,7.39,6.0,4,0,4,6.8,9,4.6,5.8,12.0,5,11.0,1,31.62,64.99,37.28,Moderate
STU2161,21,Male,4,Engineering,92.0,8.01,4.4,4,0,2,7.1,10,7.4,8.0,16.3,6,9.3,2,19.98,71.51,15.26,Low
STU2162,21,Female,1,Engineering,91.0,7.99,3.1,5,1,3,7.6,8,7.5,6.2,13.0,5,12.2,2,28.21,65.83,34.05,Moderate
STU2163,20,Female,2,Business,93.7,7.6,4.9,6,1,3,7.6,6,8.5,4.0,10.9,4,6.3,2,32.69,51.81,40.03,Moderate
STU2164,22,Female,2,Design,74.4,6.67,4.2,5,2,5,6.8,8,8.3,3.7,9.1,4,4.4,2,43.76,50.47,45.92,Moderate
STU2165,20,Female,2,Engineering,73.1,5.59,5.7,8,5,7,4.7,4,9.5,3.4,8.6,3,4.1,2,71.03,34.27,63.38,High
STU2166,25,Other,2,Medicine,78.3,8.18,9.8,10,4,10,5.9,3,8.8,2.7,3.4,1,1.5,1,81.82,27.29,77.19,High
STU2167,21,Female,1,Computer Science,72.9,7.17,5.8,5,1,5,6.9,6,10.4,6.0,15.0,5,5.0,1,41.51,51.38,54.77,Moderate
STU2168,19,Female,3,Computer Science,70.6,6.9,5.6,5,0,2,7.7,9,6.6,7.5,13.9,7,12.0,3,29.18,75.25,23.86,Low
STU2169,21,Female,2,Medicine,82.2,7.85,7.0,5,1,4,7.9,9,5.6,8.1,19.7,4,8.3,2,36.49,72.89,39.01,Moderate
STU2170,20,Male,1,Computer Science,84.1,7.01,6.7,8,5,8,5.0,4,11.9,2.8,2.7,3,4.3,1,70.99,26.97,72.02,High
STU2171,21,Female,4,Business,74.3,5.61,4.8,7,1,5,5.8,5,9.1,6.1,8.0,4,5.9,1,48.6,44.07,54.29,Moderate
STU2172,18,Male,4,Commerce,92.1,8.22,6.0,5,1,5,7.5,8,8.5,7.4,11.9,5,6.7,2,36.73,61.97,47.43,Moderate
STU2173,19,Female,2,Arts,81.6,6.28,3.4,4,1,3,9.1,8,5.0,8.2,17.1,6,9.0,3,30.1,78.83,24.96,Low
STU2174,22,Female,2,Commerce,74.7,8.28,6.2,7,0,4,6.0,7,8.6,4.4,11.5,5,5.3,1,38.92,48.6,45.64,Moderate
STU2175,19,Female,3,Arts,85.3,6.94,7.1,7,1,6,7.2,6,6.9,5.8,13.4,4,6.6,2,49.8,56.66,51.37,Moderate
STU2176,22,Male,2,Medicine,91.9,7.05,6.1,7,3,5,6.5,7,4.5,6.3,6.8,5,5.9,2,50.35,57.33,39.36,Moderate
STU2177,19,Male,1,Commerce,87.7,6.28,3.2,3,0,5,7.5,8,5.5,5.5,16.0,4,6.2,1,29.81,61.38,41.47,Moderate
STU2178,21,Female,3,Arts,100.0,7.74,5.8,5,3,5,6.9,7,6.1,4.8,9.3,6,8.2,1,42.04,56.74,40.29,Moderate
STU2179,21,Male,1,Commerce,84.9,7.2,2.7,3,1,1,9.3,10,5.1,6.7,14.0,7,11.1,2,17.99,79.8,15.96,Low
STU2180,20,Male,1,Computer Science,76.2,7.17,4.6,7,2,4,5.9,7,11.2,6.8,10.9,4,8.1,2,45.18,50.9,37.39,Moderate
STU2181,20,Female,1,Design,85.9,8.28,4.1,3,0,2,8.4,8,6.0,4.4,14.1,5,9.3,2,17.52,65.76,18.12,Low
STU2182,19,Male,1,Business,77.5,6.15,4.2,4,1,4,9.8,10,6.8,6.6,13.8,6,8.4,2,35.0,75.97,32.27,Moderate
STU2183,18,Female,1,Design,84.4,6.68,5.0,4,1,2,7.1,10,7.6,4.4,15.0,6,9.7,2,26.97,65.5,38.91,Moderate
STU2184,20,Male,4,Commerce,61.4,7.52,7.4,7,1,7,6.4,6,7.4,7.0,9.9,4,5.2,1,56.4,51.25,46.62,Moderate
STU2185,21,Male,2,Commerce,65.9,7.22,6.6,8,1,9,5.6,3,9.5,2.0,4.1,3,5.7,0,64.93,28.55,72.6,High
STU2186,24,Male,1,Arts,88.6,7.94,4.4,4,3,3,8.7,9,5.9,6.0,8.8,6,7.7,2,33.0,68.33,30.73,Moderate
STU2187,22,Male,1,Computer Science,78.6,8.43,5.4,6,3,5,5.8,8,11.5,4.9,14.7,4,5.9,2,46.91,49.52,38.37,Moderate
STU2188,21,Female,4,Commerce,64.2,5.95,7.6,9,1,8,5.0,4,6.9,2.0,8.4,3,3.9,1,67.61,34.12,63.31,High
STU2189,22,Male,2,Engineering,69.2,8.14,8.4,7,1,7,5.2,4,8.7,3.0,5.3,4,6.7,1,54.9,35.68,64.57,High
STU2190,21,Female,2,Commerce,73.2,6.69,5.9,5,1,5,6.8,8,5.7,6.7,8.1,5,5.9,2,42.34,59.72,33.64,Moderate
STU2191,19,Female,4,Commerce,61.8,6.57,6.8,7,1,9,3.4,3,10.5,3.4,1.1,4,4.7,0,64.08,22.3,61.12,High
STU2192,23,Male,2,Computer Science,98.3,7.98,4.7,4,1,4,8.9,10,8.3,7.6,17.1,5,10.5,2,28.9,74.97,22.06,Low
STU2193,21,Male,2,Computer Science,92.8,8.03,4.9,6,2,4,7.1,6,9.5,3.4,11.9,4,7.1,1,38.46,47.69,40.12,Moderate
STU2194,21,Male,1,Commerce,83.0,6.35,4.3,4,2,3,8.1,9,4.8,6.3,14.5,5,5.9,3,33.5,70.4,44.53,Moderate
STU2195,19,Female,2,Computer Science,86.4,8.09,8.2,8,2,7,6.1,4,11.8,1.5,6.2,5,5.7,1,57.73,33.46,63.39,High
STU2196,20,Male,2,Engineering,84.8,6.67,7.2,8,5,8,5.1,4,9.4,3.0,5.3,2,4.3,1,71.86,30.49,79.57,High
STU2197,20,Male,3,Business,75.0,7.88,7.2,9,3,6,5.6,4,10.3,1.8,8.4,3,3.2,1,61.59,31.15,64.63,High
STU2198,22,Female,2,Engineering,73.0,6.57,4.3,5,0,4,7.9,8,5.4,5.3,15.1,6,6.2,2,34.91,66.06,36.63,Moderate
STU2199,20,Female,3,Medicine,82.4,8.91,9.7,8,4,8,4.7,4,9.5,3.9,5.9,2,3.8,1,67.61,30.55,75.21,High
STU2200,20,Female,1,Arts,72.9,6.58,2.8,2,1,3,9.2,9,7.4,5.9,9.8,4,10.5,1,24.99,66.08,19.39,Low
STU2201,25,Female,1,Computer Science,82.6,6.66,7.0,5,1,7,8.5,6,9.6,2.2,12.0,5,5.3,2,48.41,51.54,40.88,Moderate
STU2202,19,Other,2,Engineering,83.6,7.81,6.3,7,5,7,6.2,5,10.1,4.9,7.2,3,4.8,1,63.3,39.88,65.72,High
STU2203,20,Male,4,Commerce,78.0,7.07,5.5,5,0,5,6.3,6,7.7,4.9,7.3,3,7.9,2,37.58,48.38,45.26,Moderate
STU2204,18,Male,2,Design,78.0,7.37,4.9,2,0,2,7.3,8,6.0,3.7,15.9,6,7.6,2,18.24,62.58,31.81,Moderate
STU2205,21,Other,3,Business,86.1,7.74,5.2,6,2,4,7.1,8,7.8,6.0,11.8,5,8.5,2,40.31,60.68,33.53,Moderate
STU2206,23,Female,1,Business,75.6,6.03,3.5,3,3,4,7.2,10,5.6,5.2,9.3,6,8.3,2,38.16,65.51,35.32,Moderate
STU2207,19,Male,1,Design,82.5,8.5,3.4,4,1,3,8.4,8,7.0,7.3,13.4,6,7.6,3,26.25,70.39,38.36,Moderate
STU2208,22,Female,1,Computer Science,70.3,7.26,6.7,6,5,6,6.2,5,9.1,4.0,7.2,6,2.8,0,60.66,40.43,55.71,Moderate
STU2209,19,Male,2,Computer Science,72.5,6.88,3.3,6,1,2,8.5,10,6.1,6.9,13.6,6,11.2,2,32.76,75.28,35.25,Moderate
STU2210,23,Female,1,Engineering,88.5,8.31,4.0,6,2,2,5.9,7,8.0,5.5,8.7,5,7.4,2,31.29,52.33,42.36,Moderate
STU2211,21,Male,1,Computer Science,90.5,6.92,5.0,6,4,4,7.0,7,8.8,5.1,13.8,5,7.6,1,46.77,54.96,39.96,Moderate
STU2212,22,Female,3,Commerce,75.7,7.89,6.5,2,0,4,6.5,9,2.8,4.9,9.8,5,8.5,2,25.76,63.76,39.79,Moderate
STU2213,18,Female,1,Commerce,80.6,7.28,4.8,3,2,4,7.6,7,5.9,4.4,8.2,6,6.6,2,33.32,58.42,46.78,Moderate
STU2214,25,Male,3,Computer Science,80.8,6.55,6.4,8,3,8,6.4,4,10.2,3.8,6.3,3,3.7,2,66.06,37.5,54.24,Moderate
STU2215,21,Female,2,Business,78.1,6.38,4.0,4,1,5,6.1,7,6.3,5.6,12.1,4,5.7,3,37.68,55.99,46.64,Moderate
STU2216,20,Male,2,Engineering,88.2,7.68,7.1,7,4,5,6.7,9,7.5,5.9,10.5,4,10.5,1,53.75,59.17,44.3,Moderate
STU2217,22,Female,3,Engineering,70.6,7.23,9.7,8,3,8,6.1,5,10.4,2.6,8.7,3,6.1,0,69.38,35.74,65.83,High
STU2218,19,Male,2,Commerce,87.7,7.03,3.1,3,2,2,8.2,9,9.5,9.3,12.3,5,8.8,3,24.47,70.6,11.5,Low
STU2219,22,Female,2,Engineering,81.2,7.95,6.7,6,4,7,8.4,6,8.1,0.5,5.2,4,7.2,2,58.02,47.05,52.72,Moderate
STU2220,19,Female,3,Medicine,82.6,7.86,7.6,8,2,5,6.0,6,5.7,4.4,11.5,5,8.6,2,51.58,54.15,42.18,Moderate
STU2221,21,Female,4,Computer Science,80.6,8.51,6.8,4,1,4,7.0,5,11.7,3.7,12.3,4,10.4,2,32.72,47.72,41.65,Moderate
STU2222,20,Female,1,Engineering,73.1,7.92,6.4,6,3,6,6.6,4,9.7,6.5,9.7,4,7.2,1,52.84,46.31,45.67,Moderate
STU2223,19,Female,1,Design,72.4,7.32,7.5,7,4,7,5.9,5,10.2,1.5,8.1,3,6.3,2,63.98,36.92,56.6,Moderate
STU2224,19,Female,4,Business,81.9,7.34,4.9,4,2,3,7.2,9,6.3,6.6,10.5,3,11.3,2,32.53,63.98,27.24,Low
STU2225,18,Female,2,Engineering,86.9,8.17,7.7,8,5,6,5.1,6,9.9,2.4,11.2,3,3.0,1,62.76,35.68,72.11,High
STU2226,20,Female,3,Engineering,82.1,7.67,4.4,3,0,3,8.5,7,6.8,3.7,17.7,6,9.6,3,22.76,67.32,24.73,Low
STU2227,20,Male,2,Commerce,78.0,6.82,5.0,3,1,3,7.2,9,4.7,8.5,10.8,3,9.3,3,28.36,69.16,32.96,Moderate
STU2228,21,Male,1,Arts,81.5,6.76,6.0,6,3,6,6.0,7,5.3,5.6,4.1,3,4.2,1,53.04,47.28,55.17,Moderate
STU2229,19,Female,3,Engineering,85.0,7.17,4.7,4,0,2,8.6,10,6.1,3.5,16.2,5,8.1,2,22.8,68.45,21.82,Low
STU2230,19,Male,2,Medicine,85.6,8.57,6.5,6,2,5,6.8,7,6.9,5.3,12.8,6,7.4,2,43.42,59.17,44.83,Moderate
STU2231,21,Male,1,Design,66.9,7.32,3.8,5,1,6,8.0,8,8.0,5.3,10.4,4,3.4,1,43.93,54.96,44.95,Moderate
STU2232,18,Female,2,Commerce,82.9,6.98,3.1,3,1,4,6.9,7,7.2,6.9,11.7,3,4.2,2,29.02,55.07,31.1,Moderate
STU2233,23,Male,4,Computer Science,94.5,6.62,3.1,4,1,2,8.4,10,5.6,7.0,18.3,6,10.3,2,23.8,77.47,21.99,Low
STU2234,22,Female,3,Commerce,88.7,7.24,5.3,4,4,3,8.1,9,5.9,3.5,10.4,5,9.3,1,37.9,61.82,51.17,Moderate
STU2235,21,Male,1,Computer Science,80.0,7.66,5.6,5,1,3,7.6,8,7.4,5.9,11.3,4,7.1,2,32.68,59.99,26.83,Low
STU2236,21,Female,3,Medicine,91.2,8.78,8.0,6,3,8,4.9,6,9.5,2.2,7.8,2,7.6,1,56.39,35.39,56.8,Moderate
STU2237,23,Male,3,Medicine,87.0,9.54,6.4,6,2,3,7.2,10,6.4,6.5,17.6,5,8.7,2,34.82,69.7,36.01,Moderate
STU2238,19,Male,4,Business,71.2,7.69,5.7,5,2,5,6.9,7,7.6,5.8,8.3,4,5.7,2,43.84,53.51,34.13,Moderate
STU2239,18,Female,3,Medicine,67.7,7.47,9.9,9,2,8,5.1,6,8.8,4.7,10.0,4,5.3,1,69.41,42.58,61.27,High
STU2240,19,Female,1,Engineering,90.2,7.97,5.1,5,2,3,8.5,9,6.5,5.0,13.6,5,10.1,2,33.04,68.32,40.37,Moderate
STU2241,22,Other,3,Computer Science,87.4,7.73,4.5,3,4,3,6.6,7,8.5,6.4,13.8,7,7.9,2,33.86,60.48,33.01,Moderate
STU2242,18,Female,3,Business,80.2,7.12,4.7,4,3,5,6.4,7,5.8,3.5,11.5,5,6.2,1,42.68,52.23,52.73,Moderate
STU2243,21,Male,1,Computer Science,83.1,6.26,2.1,4,2,2,6.6,9,5.1,6.2,9.7,7,11.7,2,28.47,67.92,22.9,Low
STU2244,28,Male,2,Engineering,77.5,7.76,7.1,8,4,7,6.9,5,6.1,1.3,4.9,3,3.3,1,64.84,38.94,73.15,High
STU2245,22,Male,2,Computer Science,79.5,6.79,8.3,6,4,7,7.4,7,7.0,2.9,11.1,3,6.7,1,61.57,50.43,72.23,High
STU2246,20,Male,3,Design,78.3,6.93,5.1,6,2,4,7.3,7,8.8,4.0,5.6,5,6.5,1,42.87,49.34,33.18,Moderate
STU2247,18,Male,1,Medicine,100.0,7.73,3.8,5,2,3,8.4,8,4.4,7.1,13.3,5,8.0,2,30.73,70.39,41.02,Moderate
STU2248,22,Male,3,Engineering,73.4,7.62,7.1,8,3,7,5.4,6,5.7,3.1,10.6,3,3.5,1,62.76,42.47,58.73,Moderate
STU2249,21,Female,4,Engineering,79.6,7.66,4.3,5,1,4,6.8,8,7.0,8.1,9.3,5,6.7,2,34.99,61.45,33.82,Moderate
STU2250,19,Female,4,Business,77.7,7.42,6.0,6,2,7,6.0,7,7.1,4.3,9.0,4,6.9,1,52.91,48.75,44.56,Moderate
STU2251,19,Female,4,Medicine,69.4,6.7,10.8,10,0,9,5.0,5,10.7,1.1,1.9,2,4.9,1,71.27,26.22,64.09,High
STU2252,23,Other,4,Commerce,88.5,8.62,7.5,4,2,6,7.2,7,5.9,4.9,9.4,4,9.2,2,41.47,57.86,47.18,Moderate
STU2253,21,Male,1,Business,77.5,7.59,3.6,3,1,4,6.4,7,6.3,3.5,13.8,5,7.3,2,29.32,55.2,33.9,Moderate
STU2254,22,Female,3,Business,88.0,8.52,6.8,4,1,5,4.9,6,7.9,4.8,15.1,6,3.0,1,34.8,46.72,29.26,Low
STU2255,22,Male,2,Engineering,96.8,7.43,4.0,5,1,4,8.1,8,6.6,6.7,11.3,5,6.7,1,32.26,62.86,41.16,Moderate
STU2256,21,Female,4,Arts,67.6,7.03,6.3,8,2,5,6.5,5,7.3,3.5,6.5,3,3.6,1,54.38,40.71,58.27,Moderate
STU2257,20,Female,1,Computer Science,80.6,6.68,5.2,7,2,7,5.3,4,10.1,4.2,4.7,4,5.8,1,55.77,35.25,56.29,Moderate
STU2258,20,Male,4,Engineering,76.4,8.53,9.5,9,1,8,6.7,6,7.8,3.8,7.8,4,5.8,1,62.86,46.19,66.93,High
STU2259,20,Female,3,Business,82.0,6.41,7.0,6,1,5,5.5,6,8.1,3.7,11.0,3,5.0,2,45.04,43.75,55.28,Moderate
STU2260,20,Male,4,Engineering,87.8,7.96,5.7,5,3,7,7.3,7,9.0,7.2,12.0,6,6.4,3,50.29,61.62,48.07,Moderate
STU2261,22,Female,1,Engineering,77.8,9.12,8.0,8,0,8,4.5,3,10.3,2.5,6.0,3,7.2,1,54.61,28.85,48.81,Moderate
STU2262,21,Male,1,Engineering,85.6,7.06,6.0,6,5,7,6.6,6,7.0,3.4,8.4,3,3.3,1,61.19,43.61,60.33,High
STU2263,23,Male,3,Commerce,80.3,7.35,5.4,4,2,5,7.8,7,8.7,1.9,12.8,5,9.0,2,39.87,54.66,47.8,Moderate
STU2264,20,Female,1,Engineering,91.3,8.27,5.3,4,1,3,8.6,8,5.7,4.7,13.1,4,5.9,2,26.75,63.11,26.8,Low
STU2265,21,Other,4,Design,58.8,6.73,6.6,8,0,8,6.5,3,9.9,3.7,9.3,3,5.5,2,60.59,39.01,56.8,Moderate
STU2266,21,Male,1,Business,89.0,8.21,5.0,3,2,4,6.4,8,8.3,5.0,12.5,3,6.6,2,30.54,53.19,22.85,Low
STU2267,21,Female,3,Commerce,86.2,7.11,8.3,6,1,7,6.2,6,8.2,3.0,10.0,2,6.2,0,50.92,40.3,39.05,Moderate
STU2268,21,Female,2,Computer Science,75.7,7.01,5.5,7,0,5,6.9,9,8.7,4.2,5.9,5,5.3,2,43.62,52.96,51.52,Moderate
STU2269,19,Male,3,Arts,66.3,7.56,4.6,7,1,7,6.1,4,6.3,1.4,9.6,3,3.4,1,53.18,37.33,55.23,Moderate
STU2270,20,Female,3,Engineering,73.8,7.1,7.1,9,2,8,5.5,5,9.5,2.2,9.1,3,5.5,1,66.67,35.94,58.91,Moderate
STU2271,19,Female,2,Computer Science,67.0,8.77,8.5,8,5,7,4.8,3,10.2,3.5,10.3,2,5.2,1,69.08,30.89,65.21,High
STU2272,20,Female,1,Computer Science,86.6,7.28,5.5,8,4,6,6.2,5,9.2,3.3,13.2,3,6.3,2,59.46,44.18,65.25,High
STU2273,20,Female,1,Commerce,83.2,7.79,3.9,7,3,6,5.7,4,9.9,2.1,5.3,3,3.2,1,52.07,30.8,73.32,High
STU2274,21,Male,3,Computer Science,79.7,6.82,6.4,5,1,5,6.3,6,8.0,4.0,7.3,4,8.7,2,41.46,48.47,52.97,Moderate
STU2275,24,Female,2,Computer Science,76.9,7.75,6.1,6,3,4,6.8,7,9.3,6.4,12.6,5,11.1,2,45.57,59.16,42.53,Moderate
STU2276,21,Female,3,Engineering,88.8,6.86,6.9,6,3,5,6.5,7,6.8,4.0,12.5,5,9.3,2,49.07,56.34,59.46,Moderate
STU2277,21,Female,2,Engineering,81.3,8.08,7.2,7,0,4,5.8,6,5.2,2.3,8.5,3,4.8,2,38.98,44.47,41.06,Moderate
STU2278,20,Female,2,Commerce,84.8,6.71,7.0,7,2,8,5.0,3,10.5,2.9,0.6,3,4.5,0,59.85,24.49,58.45,Moderate
STU2279,21,Male,2,Design,78.6,6.76,5.3,7,5,7,5.0,4,11.1,3.4,4.1,2,5.2,1,65.05,28.84,73.55,High
STU2280,18,Female,1,Design,78.8,7.03,6.6,7,3,7,4.4,5,11.2,4.9,9.9,3,8.2,0,59.65,35.41,67.78,High
STU2281,19,Other,2,Engineering,82.0,8.93,8.1,8,5,7,6.3,6,9.1,1.9,7.7,4,4.2,0,65.98,37.92,66.12,High
STU2282,20,Female,4,Engineering,65.1,8.33,8.8,7,1,7,5.7,5,6.5,2.8,13.3,4,5.0,1,55.6,43.88,58.54,Moderate
STU2283,20,Female,4,Arts,66.9,6.93,5.9,6,3,7,6.0,4,7.8,1.6,6.8,0,2.7,1,58.44,29.99,54.99,Moderate
STU2284,18,Male,2,Computer Science,80.6,7.39,4.8,6,2,4,6.4,8,8.5,4.3,11.4,5,10.1,3,41.47,57.86,42.49,Moderate
STU2285,19,Female,3,Business,92.1,7.7,5.8,6,0,6,5.3,4,7.0,5.8,8.7,4,4.0,2,40.54,43.7,38.14,Moderate
STU2286,19,Male,4,Computer Science,69.2,8.45,7.0,8,4,6,5.7,5,10.2,4.3,4.4,4,5.2,1,61.66,37.55,63.57,High
STU2287,25,Other,2,Arts,85.5,7.49,5.5,7,2,6,6.8,7,7.2,5.3,8.9,3,4.3,1,50.52,49.39,59.88,Moderate
STU2288,20,Female,1,Engineering,97.9,7.68,5.2,3,0,3,7.6,10,7.1,5.6,9.3,5,10.3,2,20.77,65.6,30.45,Moderate
STU2289,20,Female,1,Medicine,83.2,7.37,7.8,9,1,6,6.8,6,8.4,1.5,10.7,4,5.3,1,55.57,43.45,50.76,Moderate
STU2290,19,Male,2,Commerce,74.0,6.94,5.8,6,1,6,4.7,5,6.9,2.7,7.9,5,6.9,1,47.82,40.23,54.19,Moderate
STU2291,21,Female,4,Commerce,93.9,8.34,5.0,5,2,3,7.2,10,4.8,4.5,10.7,8,8.8,3,31.73,70.58,28.76,Low
STU2292,19,Female,3,Engineering,84.2,7.32,5.7,5,1,4,8.3,8,6.6,4.5,9.7,3,6.2,2,35.96,58.16,36.0,Moderate
STU2293,19,Female,1,Medicine,89.4,8.74,6.7,4,2,4,6.7,7,6.6,6.5,7.9,5,4.8,0,33.78,52.26,38.27,Moderate
STU2294,20,Female,1,Design,85.3,8.43,7.4,8,3,9,4.7,3,9.4,2.3,7.2,2,1.0,1,66.34,25.38,61.44,High
STU2295,18,Male,3,Computer Science,82.4,8.05,5.6,5,2,4,7.1,8,9.8,6.7,14.1,4,6.7,1,37.96,56.46,42.63,Moderate
STU2296,18,Female,4,Computer Science,88.4,7.76,6.0,6,0,5,7.3,6,8.8,6.0,13.5,6,7.1,2,37.89,57.94,38.88,Moderate
STU2297,19,Female,3,Medicine,85.2,7.81,8.3,6,2,6,5.4,7,9.3,2.4,9.5,4,4.9,2,49.59,42.23,63.99,High
STU2298,18,Male,3,Computer Science,86.6,7.95,9.4,7,5,8,5.0,5,9.6,5.6,10.2,3,5.3,1,68.48,39.91,67.71,High
STU2299,19,Female,1,Commerce,79.8,8.09,7.0,6,4,7,5.7,7,4.7,7.3,7.3,5,4.5,2,58.27,55.63,63.44,High
STU2300,20,Female,4,Computer Science,86.7,7.32,3.4,2,1,2,7.1,9,7.6,7.6,14.9,7,6.7,3,18.63,69.5,34.1,Moderate
STU2301,22,Male,4,Engineering,70.2,7.5,7.8,7,1,5,6.3,6,10.7,3.5,9.7,4,4.5,2,48.63,43.0,42.59,Moderate
STU2302,21,Female,1,Computer Science,75.4,8.09,7.0,7,2,6,5.8,5,9.4,5.3,4.1,2,3.6,1,52.45,36.54,53.37,Moderate
STU2303,20,Male,3,Medicine,70.4,7.58,7.3,10,2,7,4.7,5,8.3,1.4,7.8,4,6.1,1,66.05,34.83,55.71,Moderate
STU2304,19,Male,1,Computer Science,69.1,7.82,7.2,8,2,6,7.6,6,9.1,4.3,10.2,4,5.8,1,56.89,49.21,46.53,Moderate
STU2305,24,Female,1,Computer Science,92.2,8.42,6.4,6,1,7,5.6,5,10.0,5.8,10.4,3,6.9,1,46.16,42.63,46.47,Moderate
STU2306,20,Male,1,Computer Science,75.9,8.05,8.9,7,3,8,6.0,4,9.2,2.1,11.0,2,5.2,2,63.68,37.06,76.39,High
STU2307,19,Female,1,Arts,88.8,7.23,2.7,5,3,3,8.6,9,4.3,10.0,13.1,7,6.4,2,35.51,78.43,39.93,Moderate
STU2308,21,Female,2,Computer Science,79.4,7.47,6.0,6,0,3,6.1,6,10.2,7.4,12.2,5,7.4,2,33.21,53.29,42.07,Moderate
STU2309,19,Male,2,Commerce,80.6,6.6,4.2,6,3,5,7.0,6,4.7,6.0,8.3,4,4.1,2,48.62,54.71,43.02,Moderate
STU2310,20,Male,2,Computer Science,99.3,8.13,5.7,5,3,4,6.2,7,10.1,6.7,11.4,5,8.6,2,38.09,54.71,29.67,Low
STU2311,20,Female,2,Computer Science,83.3,6.72,3.3,2,0,1,7.9,9,5.9,4.7,16.1,7,11.6,3,13.78,73.26,15.22,Low
STU2312,22,Male,2,Medicine,86.7,8.76,6.3,6,0,5,6.3,7,6.6,4.2,9.7,5,8.2,1,36.76,52.5,42.35,Moderate
STU2313,20,Male,1,Medicine,83.5,7.64,8.3,7,4,7,5.9,5,8.8,4.5,12.2,3,3.9,2,62.27,43.49,53.21,Moderate
STU2314,21,Other,3,Arts,72.7,7.11,3.9,8,1,5,5.8,5,7.3,4.0,5.6,3,4.1,1,48.39,39.35,62.32,High
STU2315,27,Male,2,Arts,88.9,8.23,2.9,4,0,3,9.2,8,5.5,7.4,13.5,2,8.3,3,22.22,70.07,39.57,Moderate
STU2316,19,Female,2,Design,82.6,7.67,8.4,7,3,9,6.1,4,7.7,1.2,7.1,3,3.3,1,66.12,34.09,59.95,Moderate
STU2317,19,Female,4,Commerce,81.5,8.34,6.1,3,2,4,7.6,9,6.0,6.9,11.6,5,5.7,1,32.49,63.57,33.34,Moderate
STU2318,20,Male,3,Medicine,84.5,7.07,6.3,2,1,3,7.1,9,5.2,6.8,13.7,5,7.6,2,25.16,66.9,26.58,Low
STU2319,20,Female,4,Engineering,73.3,7.57,10.0,10,3,9,4.8,3,11.5,3.4,2.5,1,4.4,0,77.5,21.89,74.97,High
STU2320,20,Male,2,Arts,71.6,6.5,5.1,6,1,7,6.7,4,6.1,2.7,11.7,3,2.6,1,51.71,41.74,49.08,Moderate
STU2321,23,Female,1,Commerce,90.4,7.91,3.6,2,1,2,7.2,10,6.0,8.3,17.7,6,10.8,2,17.19,75.56,15.75,Low
STU2322,21,Female,3,Commerce,90.7,6.67,3.7,5,0,2,6.9,8,8.0,5.4,11.7,4,8.3,3,24.63,59.22,23.51,Low
STU2323,21,Female,1,Computer Science,72.9,7.19,3.4,3,3,3,7.2,10,6.6,3.1,14.9,5,9.5,2,33.26,63.56,38.54,Moderate
STU2324,20,Other,2,Computer Science,79.5,7.29,6.4,5,2,5,5.9,6,10.3,5.6,8.3,5,8.2,2,43.71,48.49,51.6,Moderate
STU2325,22,Female,1,Arts,84.6,6.84,3.7,5,3,5,6.2,5,6.2,6.1,7.7,3,7.2,1,44.36,48.03,58.13,Moderate
STU2326,24,Male,4,Engineering,79.2,7.74,9.0,8,2,8,4.5,6,11.3,3.6,7.2,5,4.7,1,63.51,35.78,54.55,Moderate
STU2327,22,Female,1,Medicine,74.7,7.58,7.4,7,5,5,7.0,6,7.3,4.0,8.9,4,4.2,2,59.42,49.08,44.8,Moderate
STU2328,18,Female,4,Computer Science,83.7,8.32,5.3,6,5,3,8.1,9,10.0,4.2,16.0,5,8.6,2,45.49,62.14,30.1,Moderate
STU2329,21,Female,4,Business,88.4,8.6,6.2,7,2,6,6.3,6,7.2,4.6,9.6,3,5.1,1,48.77,46.12,43.65,Moderate
STU2330,18,Male,2,Computer Science,79.4,6.92,6.8,4,2,6,7.5,8,6.5,7.0,9.9,4,7.3,2,45.23,61.83,53.36,Moderate
STU2331,19,Female,3,Business,72.5,6.11,5.0,6,4,3,8.2,8,6.1,5.7,9.9,4,7.5,1,47.79,60.81,35.99,Moderate
STU2332,18,Female,3,Computer Science,54.2,8.03,8.9,10,5,7,5.2,3,9.4,2.2,6.3,3,3.4,1,78.33,29.06,75.59,High
STU2333,21,Female,4,Business,69.2,7.2,5.6,6,4,5,6.2,8,5.4,4.0,8.6,4,6.7,2,53.69,53.83,62.44,High
STU2334,21,Female,2,Design,91.5,5.51,4.4,4,0,4,9.6,9,4.5,4.5,12.0,4,8.6,2,30.9,69.97,32.47,Moderate
STU2335,19,Other,4,Computer Science,84.7,8.27,6.5,4,0,5,6.9,8,8.3,8.0,10.4,5,9.4,2,32.52,62.44,32.04,Moderate
STU2336,20,Male,2,Commerce,83.4,6.55,4.7,7,1,6,5.6,5,8.0,4.3,10.4,4,6.7,1,48.77,43.8,33.1,Moderate
STU2337,20,Female,4,Engineering,80.5,6.96,5.1,6,1,2,7.8,9,5.7,6.6,14.3,4,6.7,2,32.79,66.47,31.31,Moderate
STU2338,20,Male,2,Computer Science,77.8,7.69,7.1,8,5,9,5.2,4,10.4,3.8,3.9,1,3.3,1,74.58,28.21,76.28,High
STU2339,19,Male,2,Business,81.7,7.29,5.6,6,0,7,6.0,7,8.1,6.9,10.7,5,3.0,1,46.12,51.0,46.02,Moderate
STU2340,20,Female,4,Engineering,84.4,8.89,8.8,9,1,7,6.3,4,8.4,3.4,6.3,4,4.0,0,57.01,36.81,58.66,Moderate
STU2341,21,Male,4,Engineering,65.8,6.98,7.6,7,2,6,6.9,5,8.9,5.1,9.6,4,2.1,2,56.4,45.88,46.02,Moderate
STU2342,18,Male,3,Computer Science,78.6,7.64,4.9,6,2,3,7.9,9,7.9,6.5,17.1,6,8.2,3,38.14,70.64,47.72,Moderate
STU2343,19,Female,1,Engineering,67.9,7.17,8.2,6,4,9,6.9,5,10.2,3.3,4.1,1,4.4,1,69.46,35.04,64.16,High
STU2344,20,Female,2,Business,87.1,7.05,3.6,4,0,3,7.5,10,6.1,7.7,18.3,8,10.8,3,25.07,79.87,28.14,Low
STU2345,24,Other,4,Engineering,82.4,8.27,8.5,7,2,4,6.8,6,8.7,4.7,9.4,3,3.9,2,45.57,46.74,49.18,Moderate
STU2346,21,Male,3,Arts,86.3,6.68,3.8,5,1,5,7.1,8,4.6,3.9,8.1,3,6.2,1,38.43,53.68,39.42,Moderate
STU2347,21,Female,4,Arts,93.7,7.59,5.0,4,1,4,8.0,8,4.5,3.0,8.7,5,5.1,1,30.57,57.08,34.23,Moderate
STU2348,20,Female,1,Computer Science,84.9,7.04,4.3,3,3,3,6.9,10,7.3,6.4,13.3,5,10.0,2,32.26,66.37,41.25,Moderate
STU2349,21,Female,2,Computer Science,78.5,7.38,4.7,4,0,4,5.9,7,7.4,4.9,12.8,6,7.7,2,30.2,55.62,33.03,Moderate
STU2350,18,Male,3,Business,71.4,6.85,5.2,4,1,6,5.8,4,6.1,3.2,10.0,4,4.7,2,42.35,43.38,52.44,Moderate
STU2351,21,Male,4,Engineering,73.3,7.73,5.1,2,0,4,8.5,10,8.1,5.2,10.4,6,12.0,3,25.26,71.02,29.29,Low
STU2352,23,Other,1,Computer Science,88.6,8.43,6.5,4,5,5,7.1,6,6.3,4.8,13.3,5,4.7,2,46.6,55.5,39.53,Moderate
STU2353,21,Female,4,Engineering,67.5,8.19,8.5,7,3,5,7.5,6,7.3,5.0,9.7,6,8.2,2,54.52,57.57,41.6,Moderate
STU2354,22,Male,3,Commerce,81.2,7.28,2.9,2,2,1,8.6,10,4.4,7.9,16.0,7,11.4,3,18.86,83.28,20.94,Low
STU2355,21,Male,1,Design,83.9,6.9,3.1,3,0,1,7.4,8,7.2,7.7,15.4,5,8.7,3,15.99,68.38,37.33,Moderate
STU2356,19,Female,2,Computer Science,91.5,8.67,4.0,3,1,4,6.6,9,7.9,6.0,12.7,4,7.8,2,25.52,59.54,22.52,Low
STU2357,23,Female,2,Computer Science,75.4,7.31,5.1,6,1,4,7.6,7,6.2,3.9,7.8,4,3.7,2,39.72,52.69,39.44,Moderate
STU2358,18,Other,3,Arts,71.6,8.01,4.9,6,1,5,6.2,5,7.6,3.8,9.5,4,9.9,2,42.36,48.58,46.98,Moderate
STU2359,20,Male,1,Design,79.1,7.83,5.2,5,3,7,6.4,6,11.1,4.0,3.7,2,6.8,1,51.54,37.94,57.56,Moderate
STU2360,19,Male,1,Commerce,79.9,7.43,3.9,5,1,4,5.4,7,8.2,5.2,8.6,3,4.7,1,34.99,44.2,44.29,Moderate
STU2361,18,Male,4,Design,79.6,8.74,6.5,7,0,6,5.9,6,8.1,4.0,6.3,4,3.9,1,44.25,41.84,69.48,High
STU2362,20,Female,1,Engineering,78.5,7.12,5.9,3,4,5,7.2,7,5.4,5.3,12.3,5,10.5,1,44.19,60.94,38.86,Moderate
STU2363,19,Male,1,Design,83.9,7.99,5.6,5,2,6,5.9,7,4.8,5.2,7.7,4,2.6,1,44.48,48.95,36.24,Moderate
STU2364,20,Male,2,Engineering,90.0,7.91,8.8,7,1,7,6.8,6,7.6,2.4,5.4,4,5.4,1,52.15,43.14,65.31,High
STU2365,21,Male,2,Engineering,72.6,6.48,7.9,6,1,5,6.6,5,9.8,2.3,12.6,4,5.4,1,47.24,41.82,44.23,Moderate
STU2366,18,Other,3,Design,91.7,7.52,3.4,3,0,1,7.5,10,6.8,7.6,13.1,6,9.3,3,13.91,72.81,19.81,Low
STU2367,19,Male,2,Engineering,75.6,7.68,6.8,5,2,5,7.4,10,7.0,3.8,7.4,4,8.0,1,44.04,57.05,37.82,Moderate
STU2368,21,Female,4,Arts,70.4,6.44,7.1,7,1,6,5.6,4,7.4,4.2,8.6,2,3.9,1,53.12,37.41,51.83,Moderate
STU2369,20,Male,3,Engineering,76.1,7.11,5.2,5,2,3,6.6,8,6.4,7.5,14.4,5,10.6,2,36.91,65.82,25.7,Low
STU2370,21,Female,1,Arts,90.0,7.45,2.9,4,4,4,7.3,8,5.4,7.0,8.5,5,6.9,1,38.67,61.14,43.8,Moderate
STU2371,21,Female,1,Arts,94.3,6.62,1.4,2,0,2,7.6,10,5.2,5.1,12.0,6,6.0,3,13.86,68.45,30.05,Moderate
STU2372,22,Female,2,Engineering,74.9,8.24,7.9,8,2,7,5.7,4,10.9,3.6,7.1,3,7.1,1,59.14,35.39,65.82,High
STU2373,21,Female,2,Design,83.2,6.94,4.2,4,0,2,7.4,7,6.8,6.0,8.7,6,10.9,2,23.07,62.33,41.51,Moderate
STU2374,20,Male,3,Engineering,74.3,6.45,3.2,5,0,2,8.2,7,5.2,4.4,9.7,5,8.9,2,27.31,61.98,26.78,Low
STU2375,21,Female,3,Business,81.6,8.45,4.7,4,0,5,7.9,8,6.2,7.7,14.6,4,7.4,2,31.23,66.78,29.93,Low
STU2376,19,Male,2,Medicine,72.8,7.52,4.9,3,2,3,8.8,10,4.2,5.8,14.6,5,10.8,2,30.97,75.66,22.38,Low
STU2377,20,Male,1,Design,82.3,7.31,5.5,4,1,7,5.3,7,6.1,3.6,9.6,3,3.0,1,43.35,43.3,53.53,Moderate
STU2378,22,Female,1,Medicine,84.4,6.89,6.1,7,3,6,7.5,6,8.1,6.4,9.2,4,6.9,2,55.2,55.13,51.52,Moderate
STU2379,20,Male,3,Computer Science,78.0,9.44,9.1,10,5,9,4.4,4,12.0,4.1,6.3,1,3.9,0,78.85,24.46,65.59,High
STU2380,22,Female,2,Computer Science,85.1,7.67,5.9,4,1,5,6.6,9,7.5,5.5,15.6,6,6.7,1,35.95,60.8,47.42,Moderate
STU2381,22,Female,2,Engineering,81.0,7.89,4.0,5,1,1,8.2,9,5.6,8.3,14.8,6,8.0,1,24.13,72.23,19.03,Low
STU2382,22,Male,1,Design,85.3,7.17,7.2,6,5,7,4.6,4,10.8,3.0,7.5,2,2.9,1,62.06,27.61,55.33,Moderate
STU2383,23,Female,3,Commerce,86.1,6.24,4.1,3,1,3,7.7,9,4.1,5.9,11.9,6,9.9,2,27.22,70.42,18.52,Low
STU2384,20,Female,4,Commerce,77.4,7.56,4.3,6,1,3,7.2,8,6.3,4.4,12.1,5,9.4,2,34.97,61.05,45.69,Moderate
STU2385,20,Male,1,Engineering,77.7,8.04,7.0,6,3,8,6.4,5,9.0,4.7,10.4,5,1.8,2,59.04,45.18,68.95,High
STU2386,21,Male,2,Medicine,80.3,9.32,9.5,8,2,7,6.3,6,7.9,2.5,4.1,4,4.5,2,57.78,41.93,56.53,Moderate
STU2387,20,Female,4,Computer Science,70.2,8.26,9.1,9,1,9,5.7,4,10.5,0.7,6.3,2,3.1,1,67.34,27.19,76.0,High
STU2388,21,Other,2,Design,76.8,6.69,4.3,2,1,3,9.3,9,5.5,4.6,15.7,8,8.5,2,25.41,74.89,18.08,Low
STU2389,21,Male,3,Arts,63.6,6.44,5.8,9,2,7,4.8,3,9.9,4.1,6.4,3,0.9,1,65.06,28.57,72.28,High
STU2390,21,Male,1,Engineering,78.0,5.64,3.9,4,0,2,8.4,7,7.2,8.9,15.6,7,11.1,2,25.85,73.91,26.37,Low
STU2391,20,Female,3,Computer Science,65.9,6.62,5.9,8,1,5,6.0,3,10.1,3.6,10.7,2,2.8,1,52.01,33.19,49.86,Moderate
STU2392,19,Male,1,Computer Science,98.1,7.75,2.8,5,1,2,8.9,9,5.5,7.3,11.5,7,13.3,3,23.84,79.31,21.92,Low
STU2393,20,Male,4,Commerce,76.1,7.28,5.8,5,2,5,6.5,5,6.5,6.1,9.8,4,4.5,2,43.79,50.7,46.62,Moderate
STU2394,19,Male,3,Commerce,89.4,9.42,5.6,5,0,5,7.6,9,6.9,8.6,10.4,4,7.1,3,31.84,67.5,25.67,Low
STU2395,23,Male,4,Design,66.9,7.81,6.5,5,1,6,6.3,8,8.4,4.4,11.6,5,6.3,1,45.36,52.07,52.13,Moderate
STU2396,20,Female,3,Engineering,97.0,8.95,7.9,10,3,6,5.7,5,9.2,3.9,9.7,1,5.3,1,59.5,37.07,52.32,Moderate
STU2397,19,Female,3,Design,85.1,7.13,5.7,5,1,4,6.5,4,8.5,0.0,4.3,4,4.4,1,36.13,33.1,57.51,Moderate
STU2398,18,Female,2,Commerce,74.8,7.22,5.7,6,0,6,6.0,6,10.2,3.4,2.5,3,3.5,1,44.14,35.39,67.26,High
STU2399,21,Female,4,Engineering,86.3,6.42,4.1,4,3,2,6.1,8,6.8,5.5,14.9,7,5.2,2,32.33,60.08,39.95,Moderate
STU2400,21,Male,4,Medicine,79.8,7.67,7.9,10,1,6,6.7,7,7.0,2.3,8.1,5,7.0,2,58.5,50.4,58.88,Moderate
STU2401,20,Female,2,Computer Science,82.4,6.43,5.6,5,1,4,7.9,9,7.5,5.9,16.8,5,8.7,2,37.66,67.47,41.45,Moderate
STU2402,18,Other,4,Medicine,97.4,8.57,7.1,5,4,4,7.1,8,7.5,5.4,11.7,4,8.3,2,41.84,58.7,48.13,Moderate
STU2403,20,Male,3,Business,81.1,8.3,6.5,5,2,5,5.7,7,7.4,5.2,8.9,3,8.6,2,41.84,50.4,42.9,Moderate
STU2404,20,Female,3,Engineering,85.0,7.16,5.9,2,0,4,6.2,8,9.6,5.2,9.1,6,9.6,2,24.93,55.47,38.04,Moderate
STU2405,21,Female,2,Business,83.8,6.66,2.5,3,0,3,8.4,8,3.7,7.5,15.6,6,8.1,2,22.57,74.26,27.14,Low
STU2406,21,Male,1,Commerce,84.9,7.45,2.8,3,4,3,8.5,10,4.6,8.1,13.6,7,9.8,1,33.32,77.46,17.17,Low
STU2407,20,Other,1,Computer Science,74.5,8.29,5.9,5,2,5,6.6,7,10.4,4.1,13.7,3,9.0,1,42.46,48.86,43.2,Moderate
STU2408,19,Female,1,Commerce,84.1,7.2,5.8,6,2,7,7.2,7,8.0,5.1,11.5,4,4.8,2,52.04,53.86,42.99,Moderate
STU2409,26,Female,2,Medicine,88.5,6.69,6.2,6,2,5,7.7,8,7.1,5.0,10.6,5,6.8,2,45.82,59.97,38.79,Moderate
STU2410,20,Male,2,Engineering,74.1,6.77,7.9,10,5,6,4.8,3,9.7,0.0,6.1,3,8.3,1,72.95,27.44,80.55,Very High
STU2411,21,Male,2,Computer Science,81.2,6.73,2.6,2,1,2,7.6,9,6.3,7.4,13.2,5,10.4,2,19.86,69.58,21.48,Low
STU2412,19,Female,4,Engineering,80.0,7.49,6.6,4,1,5,7.5,8,7.0,5.6,11.6,2,5.1,1,37.68,54.37,37.81,Moderate
STU2413,20,Male,2,Computer Science,81.6,8.02,9.1,8,3,7,5.9,5,11.7,2.5,6.1,6,5.5,1,62.39,37.24,62.92,High
STU2414,18,Female,2,Computer Science,72.3,7.28,3.2,3,1,3,7.3,10,7.2,6.7,16.3,5,13.6,2,27.04,71.98,25.4,Low
STU2415,20,Female,1,Engineering,98.6,8.48,4.9,4,1,3,7.2,9,5.8,6.3,14.1,5,10.4,3,24.85,69.48,21.01,Low
STU2416,25,Female,1,Engineering,82.9,6.96,4.3,4,0,3,7.5,10,6.1,4.9,17.5,4,10.9,2,26.5,68.67,29.94,Low
STU2417,20,Female,3,Arts,94.3,6.84,3.6,4,2,4,7.6,9,4.7,6.2,9.8,5,6.1,2,33.55,65.06,34.15,Moderate
STU2418,18,Female,3,Engineering,87.4,7.12,4.0,4,2,2,8.0,9,5.3,6.7,10.5,6,8.5,2,27.9,69.46,24.33,Low
STU2419,18,Male,3,Design,77.3,6.31,3.9,6,0,3,9.1,9,8.2,6.5,12.4,4,10.1,1,33.74,66.8,35.02,Moderate
STU2420,20,Female,1,Medicine,78.4,7.59,9.0,8,1,8,4.2,4,9.2,4.9,8.0,4,7.0,1,60.89,36.65,58.95,Moderate
STU2421,19,Female,3,Commerce,89.5,8.49,7.6,7,3,5,5.9,5,10.2,2.7,11.6,3,5.1,2,49.6,39.67,61.14,High
STU2422,18,Female,1,Engineering,76.4,7.59,7.4,8,1,6,7.7,4,7.1,4.0,8.6,3,6.4,1,53.23,46.37,39.63,Moderate
STU2423,21,Other,1,Arts,77.5,7.5,4.4,3,3,4,8.0,6,5.6,5.1,13.7,4,8.1,2,36.14,60.54,33.69,Moderate
STU2424,20,Female,1,Medicine,76.8,8.74,7.8,8,3,8,6.6,5,6.0,1.6,12.1,3,5.0,1,64.24,43.38,61.35,High
STU2425,19,Female,1,Business,88.4,8.35,4.2,3,0,3,8.3,8,8.4,3.3,15.0,5,8.3,2,20.41,60.84,27.22,Low
STU2426,23,Male,2,Engineering,84.5,8.3,6.3,7,1,5,7.1,7,5.3,4.2,10.9,6,6.4,2,43.67,58.6,31.79,Moderate
STU2427,19,Other,1,Computer Science,95.0,6.82,4.2,7,0,3,8.3,8,8.0,4.3,17.4,6,10.6,2,32.97,66.78,47.67,Moderate
STU2428,24,Female,4,Commerce,70.4,8.15,8.6,8,5,7,6.4,5,8.7,2.5,8.6,3,2.3,1,69.63,37.5,66.17,High
STU2429,20,Male,2,Computer Science,88.8,7.25,5.6,7,0,6,7.9,5,8.3,3.6,7.9,4,6.5,2,44.45,49.26,38.34,Moderate
STU2430,23,Male,1,Medicine,75.2,8.08,8.1,5,4,2,7.1,7,8.7,5.8,12.2,3,7.4,2,40.53,54.65,48.78,Moderate
STU2431,21,Male,1,Computer Science,75.2,6.72,3.9,5,1,4,6.4,8,7.9,5.2,13.0,4,9.9,2,36.96,57.65,36.83,Moderate
STU2432,22,Female,3,Commerce,83.2,8.58,6.7,5,2,8,6.4,6,6.2,3.6,4.8,3,4.2,1,51.19,43.06,62.05,High
STU2433,26,Male,1,Arts,87.3,7.56,3.9,3,0,4,6.2,9,7.6,8.1,11.1,3,4.3,2,24.99,57.51,30.74,Moderate
STU2434,19,Female,4,Medicine,91.4,7.85,5.3,3,1,3,7.7,10,5.0,4.9,20.0,6,12.8,3,24.66,77.2,29.94,Low
STU2435,25,Male,4,Design,84.8,8.08,8.1,9,2,10,4.4,1,11.2,4.1,6.2,4,2.9,1,70.71,25.08,72.99,High
STU2436,20,Male,1,Medicine,77.8,7.81,8.5,5,2,6,7.8,5,6.8,5.3,8.9,4,9.7,1,48.21,54.22,47.14,Moderate
STU2437,20,Female,2,Medicine,90.5,6.82,2.3,4,2,1,10.0,10,3.2,6.3,13.7,5,13.1,3,23.13,83.74,14.77,Low
STU2438,20,Male,1,Arts,73.1,7.2,4.3,6,2,5,6.7,6,4.2,5.8,11.8,3,5.9,2,45.96,55.83,41.83,Moderate
STU2439,20,Female,3,Business,86.3,6.21,3.0,6,0,2,8.0,10,5.0,7.1,18.1,7,11.3,2,28.32,78.99,27.17,Low
STU2440,19,Male,2,Design,85.0,6.83,4.6,5,2,3,7.5,8,8.8,3.9,11.3,4,9.7,2,35.39,56.82,37.21,Moderate
STU2441,21,Female,2,Engineering,68.7,8.91,8.3,8,4,8,5.7,5,8.9,5.6,1.5,2,3.9,1,68.73,36.18,59.08,Moderate
STU2442,20,Female,1,Medicine,74.8,7.52,7.9,6,2,8,4.9,6,7.2,6.2,4.7,4,7.5,1,58.14,44.92,50.88,Moderate
STU2443,21,Female,3,Computer Science,75.4,7.42,6.9,4,2,4,7.0,7,9.5,7.5,13.4,5,8.8,1,38.48,58.35,43.95,Moderate
STU2444,22,Male,2,Medicine,74.6,7.71,11.2,9,1,9,5.1,5,8.7,0.7,3.5,3,0.0,1,69.27,27.0,76.36,High
STU2445,20,Female,1,Medicine,83.3,8.13,4.0,4,4,1,9.8,10,3.7,5.1,14.0,5,7.5,1,29.57,73.88,35.12,Moderate
STU2446,20,Female,3,Business,75.9,8.12,6.0,6,1,4,7.7,9,5.7,4.1,9.8,7,8.3,2,39.04,65.01,34.49,Moderate
STU2447,19,Female,3,Business,92.5,7.03,5.3,4,1,5,6.1,6,6.4,5.9,6.9,4,9.5,1,35.28,51.26,55.22,Moderate
STU2448,19,Male,4,Engineering,69.5,6.66,9.1,8,5,7,7.0,5,11.0,4.9,2.4,3,6.3,0,72.68,38.06,74.71,High
STU2449,18,Male,1,Computer Science,82.9,7.39,5.1,5,3,6,8.2,6,10.5,5.5,12.3,5,4.3,1,48.23,52.41,47.6,Moderate
STU2450,20,Female,4,Business,66.8,6.56,5.9,4,0,5,7.4,10,7.5,5.1,11.1,5,8.7,2,37.85,63.65,37.41,Moderate
STU2451,19,Female,3,Computer Science,89.1,6.2,3.7,4,1,1,8.2,10,5.8,5.4,11.2,6,15.0,3,22.57,75.52,28.42,Low
STU2452,25,Female,1,Commerce,81.6,6.87,6.8,9,1,5,6.4,7,7.2,3.6,10.8,3,5.5,2,52.51,49.11,45.87,Moderate
STU2453,21,Female,3,Computer Science,78.7,7.6,8.0,7,2,4,6.9,7,10.1,4.0,6.5,4,7.3,2,46.88,48.09,38.63,Moderate
STU2454,20,Female,2,Engineering,84.4,8.11,8.7,9,4,8,4.9,7,9.0,3.6,2.0,3,6.4,1,70.56,37.28,69.49,High
STU2455,21,Male,4,Arts,86.0,7.19,4.0,4,1,4,7.8,7,7.3,3.8,13.2,6,7.5,1,31.68,57.91,37.69,Moderate
STU2456,19,Female,1,Computer Science,79.6,7.08,2.8,1,0,1,8.7,10,3.7,5.9,19.3,7,11.5,2,10.6,81.42,8.57,Low
STU2457,20,Female,3,Engineering,87.8,7.14,4.5,6,1,2,8.0,9,7.1,6.1,16.4,6,13.3,3,30.77,74.3,23.22,Low
STU2458,21,Female,2,Engineering,87.6,6.31,3.7,4,0,4,8.1,9,6.1,8.3,10.7,5,10.5,2,29.63,71.4,36.13,Moderate
STU2459,20,Other,4,Business,88.8,8.24,5.5,5,3,5,6.6,6,8.8,5.9,11.8,5,6.8,2,42.83,53.49,45.5,Moderate
STU2460,20,Male,2,Business,95.8,6.86,3.5,4,0,3,7.9,8,6.1,7.7,7.5,3,9.1,1,23.85,61.57,19.03,Low
STU2461,27,Male,4,Computer Science,90.7,7.88,4.5,6,1,4,6.7,9,8.3,5.4,10.3,6,8.8,1,35.72,58.77,19.24,Low
STU2462,23,Female,4,Computer Science,75.8,6.86,6.9,5,4,3,8.7,9,5.5,7.1,15.7,6,6.7,2,44.79,73.23,18.1,Low
STU2463,21,Female,2,Commerce,83.7,6.02,3.5,2,1,4,7.1,9,6.6,6.5,15.8,5,8.2,2,28.04,66.29,42.53,Moderate
STU2464,21,Female,4,Engineering,65.9,8.04,10.2,10,2,9,4.5,2,11.7,2.9,7.0,4,6.9,1,75.12,27.72,68.84,High
STU2465,21,Female,4,Commerce,66.3,7.78,6.8,7,4,6,3.9,7,7.8,4.0,10.7,4,1.3,1,60.32,38.61,58.94,Moderate
STU2466,19,Male,1,Computer Science,77.1,8.48,5.5,7,1,6,6.2,7,9.0,2.4,8.5,4,4.4,2,47.27,44.03,69.68,High
STU2467,20,Male,2,Computer Science,88.1,8.08,6.5,7,3,5,7.5,9,9.2,4.5,12.5,2,4.2,2,49.6,53.36,40.89,Moderate
STU2468,18,Male,2,Commerce,84.7,6.79,5.1,5,0,5,8.3,8,6.3,3.1,12.0,4,9.8,2,36.59,61.21,44.38,Moderate
STU2469,20,Male,2,Computer Science,81.6,7.19,5.3,4,3,3,7.1,8,7.0,5.2,15.9,7,12.1,2,36.17,67.36,32.49,Moderate
STU2470,20,Female,1,Business,87.5,7.01,3.6,4,2,2,7.0,9,4.8,4.8,18.5,6,9.1,2,27.73,68.73,35.96,Moderate
STU2471,19,Male,1,Computer Science,82.8,7.51,5.2,4,3,4,8.2,9,7.9,4.8,13.2,5,7.5,2,38.68,63.61,41.17,Moderate
STU2472,25,Female,2,Computer Science,90.2,8.1,8.2,8,5,8,3.0,3,10.7,3.2,2.8,1,6.7,2,69.41,22.39,59.02,Moderate
STU2473,23,Female,2,Arts,98.6,6.98,2.6,3,1,2,8.8,9,4.9,6.5,12.4,6,9.6,3,19.32,75.25,15.07,Low
STU2474,21,Male,1,Engineering,76.8,7.64,7.8,8,4,7,6.8,7,7.8,5.0,10.6,5,4.4,2,65.74,53.33,49.29,Moderate
STU2475,20,Female,4,Commerce,68.1,7.0,6.2,9,0,5,5.6,5,6.9,4.3,9.9,3,7.0,2,51.04,45.44,54.47,Moderate
STU2476,22,Female,3,Computer Science,70.0,6.64,8.2,9,4,8,4.1,2,13.4,2.1,1.5,4,2.1,0,74.99,15.8,74.95,High
STU2477,19,Female,1,Commerce,71.3,7.73,7.2,7,4,9,5.1,4,9.2,2.9,3.2,2,2.7,1,69.9,28.46,72.66,High
STU2478,22,Male,3,Design,89.0,8.74,9.2,7,1,8,4.0,4,11.3,5.4,7.7,4,5.4,1,54.6,33.19,65.03,High
STU2479,19,Male,3,Engineering,87.3,7.77,4.4,3,1,4,7.1,8,6.0,4.8,13.4,3,5.6,2,28.06,57.33,48.23,Moderate
STU2480,22,Female,4,Business,76.5,7.17,6.5,7,4,5,6.7,6,6.5,4.3,9.7,4,7.5,1,56.05,50.53,56.87,Moderate
STU2481,19,Male,1,Commerce,79.9,7.45,3.9,4,0,1,8.2,7,7.3,2.3,19.0,6,11.5,3,19.18,65.7,24.54,Low
STU2482,22,Female,1,Engineering,83.5,7.89,4.1,3,0,1,8.1,10,7.3,6.7,16.0,6,10.1,3,15.24,74.59,21.84,Low
STU2483,24,Female,4,Medicine,78.0,8.54,7.6,6,0,3,6.6,7,8.0,6.4,9.7,5,5.8,2,32.99,55.11,26.18,Low
STU2484,19,Male,4,Commerce,67.7,6.64,5.8,7,5,8,5.8,6,4.5,2.6,4.0,3,4.7,1,70.82,41.74,60.4,High
STU2485,20,Male,3,Computer Science,74.2,8.08,8.1,8,3,7,5.2,6,9.7,6.1,6.5,5,4.8,1,62.69,43.1,52.38,Moderate
STU2486,26,Other,3,Engineering,78.9,8.87,10.3,8,2,7,6.3,4,11.3,4.8,8.4,3,3.0,1,59.43,36.36,69.69,High
STU2487,20,Female,1,Engineering,72.7,6.93,9.0,7,4,8,5.2,5,10.3,2.4,9.5,2,8.5,1,69.17,35.4,72.48,High
STU2488,22,Male,2,Engineering,92.8,6.99,4.6,3,1,3,6.9,7,6.2,6.8,12.5,5,8.5,1,25.27,60.18,18.7,Low
STU2489,21,Male,1,Design,79.4,7.68,6.0,3,3,4,5.4,8,7.8,2.9,9.1,4,7.4,2,36.86,47.84,49.39,Moderate
STU2490,20,Male,1,Medicine,84.7,8.87,8.5,5,3,5,8.3,8,7.8,3.2,14.4,6,7.5,2,44.96,61.8,48.23,Moderate
STU2491,19,Female,4,Arts,84.1,8.13,5.4,4,2,4,8.7,8,4.6,5.2,15.1,6,7.4,2,34.6,69.92,26.69,Low
STU2492,19,Male,1,Engineering,82.5,7.73,4.4,4,0,3,8.6,9,5.9,5.7,16.7,4,7.9,1,25.37,67.51,35.08,Moderate
STU2493,21,Male,2,Engineering,84.3,8.01,9.2,7,5,5,5.9,4,5.8,2.2,3.7,3,6.8,1,58.6,37.85,61.67,High
STU2494,20,Female,4,Design,82.5,7.24,3.3,2,1,3,6.7,10,8.0,6.0,10.3,5,9.7,2,22.71,62.69,20.4,Low
STU2495,20,Female,1,Medicine,75.3,7.22,5.3,5,0,1,7.9,9,7.3,6.7,16.6,5,7.6,2,24.28,68.06,17.55,Low
STU2496,20,Female,4,Medicine,77.1,9.22,9.2,9,4,7,5.6,6,9.5,4.4,7.6,3,6.1,1,67.01,40.84,82.19,Very High
STU2497,21,Male,4,Computer Science,76.1,6.4,4.3,6,3,3,9.0,9,8.9,9.2,14.6,5,8.8,2,43.12,72.91,33.37,Moderate
STU2498,22,Male,3,Engineering,92.5,8.04,6.7,5,1,4,6.6,9,6.7,5.0,6.9,7,8.8,1,34.21,59.28,40.16,Moderate
STU2499,26,Male,1,Engineering,74.7,6.56,8.9,7,2,7,4.5,5,7.4,3.8,8.0,2,3.5,1,60.03,34.77,51.35,Moderate
STU2500,20,Male,2,Arts,75.7,6.45,6.1,6,2,6,6.5,7,6.3,3.3,12.7,2,5.2,1,51.61,47.82,64.73,High
STU2501,22,Male,2,Engineering,91.6,8.57,5.4,3,0,2,8.4,10,4.4,4.9,12.6,5,7.0,2,17.17,69.41,30.07,Moderate
STU2502,21,Female,2,Business,86.3,8.37,3.2,3,0,4,6.5,7,6.2,5.2,5.8,5,6.2,1,23.22,51.75,36.9,Moderate
STU2503,21,Female,2,Commerce,89.6,7.21,2.5,3,3,2,7.8,10,5.7,7.1,15.0,7,13.5,2,26.36,77.52,37.16,Moderate
STU2504,24,Male,4,Engineering,72.1,8.1,8.5,10,4,7,5.0,4,10.9,2.8,6.4,2,1.5,1,71.9,26.86,61.31,High
STU2505,19,Female,1,Medicine,74.9,7.86,6.3,7,0,3,7.9,7,6.3,2.5,10.0,5,4.5,1,36.33,52.55,36.77,Moderate
STU2506,19,Female,3,Business,77.0,6.45,7.2,7,1,8,6.5,7,9.1,4.9,5.3,3,5.6,2,58.75,46.47,57.24,Moderate
STU2507,22,Male,1,Business,82.6,7.27,3.8,6,4,4,7.8,7,7.6,3.0,7.0,5,9.6,1,46.51,53.42,42.04,Moderate
STU2508,20,Female,3,Computer Science,59.5,8.67,7.8,10,0,9,5.0,2,11.8,3.7,6.0,0,2.1,1,67.13,21.54,78.78,High
STU2509,22,Female,4,Engineering,68.9,7.83,7.6,8,4,6,6.8,7,7.7,2.6,5.8,4,6.2,2,63.24,47.39,61.78,High
STU2510,23,Female,2,Engineering,92.2,6.9,5.9,6,3,6,8.1,8,7.2,4.4,12.9,5,4.7,1,50.94,58.18,55.41,Moderate
STU2511,18,Female,1,Computer Science,65.1,7.04,4.6,7,0,6,5.7,5,9.0,3.4,10.4,4,5.7,1,47.92,40.92,54.8,Moderate
STU2512,23,Male,3,Commerce,78.0,7.95,7.4,9,2,9,6.9,5,6.0,4.4,7.8,2,3.9,2,68.14,45.97,53.58,Moderate
STU2513,20,Male,3,Business,84.5,7.43,3.8,2,0,1,8.1,10,5.7,6.3,16.8,5,10.5,3,12.81,75.25,16.48,Low
STU2514,20,Male,3,Engineering,80.6,8.32,3.9,2,0,1,9.1,9,4.9,8.1,15.9,5,7.3,3,12.06,77.48,21.64,Low
STU2515,21,Female,2,Design,86.3,7.6,5.0,9,1,6,5.7,5,8.7,2.6,10.5,4,3.1,1,52.34,38.38,54.53,Moderate
STU2516,23,Male,1,Commerce,88.1,6.11,3.5,2,1,4,8.2,8,4.3,7.3,16.0,5,6.9,1,27.16,69.18,29.84,Low
STU2517,18,Male,4,Engineering,74.3,8.41,6.1,5,1,2,6.9,9,4.1,2.9,15.4,6,10.0,3,29.46,67.12,27.79,Low
STU2518,20,Male,4,Computer Science,71.6,6.7,6.9,5,4,6,6.2,8,7.0,4.3,12.2,3,9.3,2,55.76,54.72,54.36,Moderate
STU2519,21,Female,2,Commerce,91.3,9.15,5.9,5,0,5,8.3,8,4.9,7.7,5.9,5,6.2,2,32.23,65.53,37.35,Moderate
STU2520,21,Male,4,Business,80.4,7.99,4.8,8,0,6,5.2,8,7.5,6.9,10.5,3,5.9,2,46.73,52.07,65.28,High
STU2521,21,Male,2,Commerce,81.4,6.58,3.5,3,1,4,8.5,9,4.8,6.0,15.1,4,7.4,2,30.27,69.48,18.17,Low
STU2522,19,Male,2,Computer Science,88.0,8.5,4.3,3,0,3,6.9,8,6.2,6.3,14.4,8,11.2,2,20.31,69.26,27.91,Low
STU2523,19,Male,1,Computer Science,72.7,7.5,7.1,8,4,9,4.6,3,12.4,1.1,1.2,2,0.6,1,72.74,16.57,93.68,Very High
STU2524,20,Female,2,Computer Science,85.3,7.61,5.3,6,4,6,6.6,5,10.8,5.2,9.3,5,3.3,1,53.41,43.21,64.07,High
STU2525,22,Male,3,Commerce,65.7,8.25,6.3,9,5,7,5.8,5,7.9,2.9,12.4,2,2.6,1,71.11,38.16,80.73,Very High
STU2526,19,Female,1,Design,91.6,8.38,7.6,7,2,7,4.8,6,10.2,3.2,7.4,2,6.7,0,53.1,33.33,52.38,Moderate
STU2527,19,Male,2,Computer Science,81.2,6.47,4.8,6,4,5,7.7,5,7.1,4.3,12.7,6,7.8,2,52.24,56.89,48.1,Moderate
STU2528,24,Female,4,Business,75.6,7.03,5.4,5,3,5,6.5,7,7.6,5.3,16.4,5,7.3,1,46.96,56.32,34.91,Moderate
STU2529,18,Female,3,Medicine,77.8,7.31,5.8,7,2,5,7.1,9,5.7,4.7,12.3,5,8.4,2,49.02,63.01,36.58,Moderate
STU2530,28,Female,3,Commerce,74.6,6.36,5.6,6,1,4,7.1,7,6.3,2.4,11.1,2,6.7,1,41.86,48.38,57.29,Moderate
STU2531,21,Male,4,Arts,62.1,6.73,5.5,5,3,6,8.0,8,6.3,3.8,6.8,2,4.2,1,53.13,50.9,42.36,Moderate
STU2532,22,Female,1,Computer Science,86.8,7.75,8.9,8,3,6,5.6,4,9.0,4.9,3.8,2,0.7,1,58.48,32.08,60.88,High
STU2533,19,Male,3,Business,71.6,8.21,5.5,4,2,3,6.9,8,3.9,1.6,10.9,5,10.0,2,33.3,58.56,30.38,Moderate
STU2534,18,Male,4,Computer Science,83.2,7.09,5.1,5,0,1,7.8,10,6.7,8.0,15.8,7,10.3,2,23.01,75.99,25.67,Low
STU2535,21,Female,3,Engineering,84.2,7.74,3.6,3,0,2,8.1,10,4.3,6.5,18.7,5,9.1,3,18.29,77.18,9.47,Low
STU2536,22,Female,2,Business,82.3,7.48,3.2,2,2,4,8.2,8,6.4,6.7,13.4,7,9.7,3,28.59,72.26,28.2,Low
STU2537,21,Female,1,Business,91.2,6.12,2.7,2,3,1,8.2,10,7.9,6.4,10.3,4,11.4,3,21.96,69.25,33.18,Moderate
STU2538,19,Male,4,Medicine,80.3,8.71,9.5,10,1,5,5.7,5,7.6,2.3,13.5,3,7.0,0,54.68,40.38,54.5,Moderate
STU2539,21,Male,2,Commerce,68.9,7.59,5.5,8,1,6,7.4,6,9.4,4.6,10.7,4,4.9,1,52.89,48.4,62.34,High
STU2540,21,Female,4,Commerce,81.7,8.73,5.3,6,0,4,6.2,8,7.6,3.8,8.7,3,6.7,2,33.47,49.79,45.63,Moderate
STU2541,21,Female,3,Business,67.0,7.09,8.1,7,4,9,4.5,2,10.3,4.5,0.0,2,1.1,1,72.43,21.87,72.71,High
STU2542,21,Male,3,Computer Science,84.8,7.66,5.5,4,1,2,8.5,10,7.7,3.5,11.5,6,11.0,2,25.68,67.15,23.95,Low
STU2543,22,Male,4,Design,65.7,6.73,8.0,8,3,7,5.6,5,8.4,1.6,4.8,2,2.7,1,66.28,31.32,75.1,High
STU2544,21,Male,3,Medicine,76.4,7.6,4.3,3,1,2,8.3,10,5.1,6.2,11.8,5,10.7,2,23.41,72.33,23.18,Low
STU2545,19,Male,2,Medicine,88.1,7.81,5.1,5,0,4,8.1,10,6.2,4.8,11.1,6,5.5,2,30.99,65.82,31.67,Moderate
STU2546,20,Female,2,Engineering,80.4,8.2,7.6,10,3,7,3.9,4,10.7,2.2,10.4,4,8.4,2,66.6,33.81,82.18,Very High
STU2547,18,Female,4,Medicine,75.8,6.76,7.3,7,0,4,9.2,8,8.4,6.4,15.9,5,6.6,2,42.18,67.38,45.13,Moderate
STU2548,20,Female,2,Arts,96.2,8.14,2.9,2,1,2,8.1,9,4.5,4.1,17.1,8,6.8,2,15.26,71.43,15.98,Low
STU2549,20,Female,2,Medicine,94.5,8.76,7.6,8,4,7,5.2,5,7.0,3.8,9.9,3,8.1,1,60.76,42.5,59.84,Moderate
STU2550,18,Female,1,Arts,79.8,6.83,3.6,5,0,4,9.0,8,5.2,5.9,9.4,5,7.7,2,32.76,67.23,40.21,Moderate
STU2551,20,Female,4,Computer Science,73.3,6.55,6.4,7,2,5,7.1,5,9.7,4.9,9.8,4,7.6,1,51.53,47.33,47.21,Moderate
STU2552,19,Female,1,Design,78.4,8.42,6.3,4,3,7,6.5,5,8.8,3.6,8.8,4,5.6,1,48.82,42.87,63.67,High
STU2553,22,Male,3,Design,79.4,9.01,6.8,6,4,6,6.4,6,8.6,3.1,10.6,2,6.0,2,53.31,44.06,57.97,Moderate
STU2554,24,Male,2,Commerce,98.7,8.04,7.1,6,4,6,5.6,7,6.0,5.0,6.3,2,1.6,0,51.96,40.88,72.71,High
STU2555,18,Male,2,Commerce,89.4,7.77,3.9,4,1,2,9.1,10,5.1,7.7,10.6,7,10.8,1,23.4,77.16,21.06,Low
STU2556,24,Male,3,Commerce,77.8,7.94,5.9,5,1,5,8.2,9,4.8,5.0,10.9,5,8.5,2,39.49,67.01,40.59,Moderate
STU2557,20,Female,1,Business,85.6,7.95,5.9,4,0,7,6.4,6,5.9,4.3,9.2,3,6.4,0,39.07,46.46,40.91,Moderate
STU2558,19,Male,3,Business,83.8,6.71,5.9,6,0,6,7.4,6,8.0,2.8,8.4,3,6.3,1,43.66,45.84,48.24,Moderate
STU2559,18,Female,3,Computer Science,70.6,7.93,5.9,7,2,7,7.0,6,8.0,4.6,12.9,2,8.6,1,55.93,49.93,48.58,Moderate
STU2560,20,Male,4,Business,75.8,8.11,6.8,5,3,6,7.6,6,9.1,4.6,5.9,4,5.1,1,49.63,47.05,59.03,Moderate
STU2561,22,Female,1,Engineering,91.0,7.32,8.0,9,2,9,5.7,4,9.4,3.0,5.7,3,3.8,0,67.52,31.66,55.65,Moderate
STU2562,21,Other,4,Engineering,85.8,7.94,6.1,5,2,3,7.8,10,5.5,8.5,12.2,4,11.6,2,34.66,73.44,9.41,Low
STU2563,18,Female,3,Business,51.2,7.35,6.7,6,1,5,5.0,5,8.5,4.7,4.8,4,6.0,2,48.36,40.51,56.08,Moderate
STU2564,18,Female,4,Engineering,81.3,8.52,4.5,5,2,3,6.2,8,7.3,7.3,10.6,5,9.0,2,33.11,60.37,36.9,Moderate
STU2565,20,Male,2,Design,74.5,7.06,5.1,7,2,5,6.5,6,6.3,4.1,8.0,1,4.2,1,49.4,43.08,47.4,Moderate
STU2566,19,Female,3,Engineering,89.5,7.36,5.3,3,2,2,8.8,10,6.0,7.7,18.1,6,13.4,2,25.46,81.17,22.94,Low
STU2567,19,Male,4,Computer Science,73.1,7.29,5.7,6,3,5,5.5,6,10.7,1.7,13.5,3,7.0,2,49.97,40.33,40.18,Moderate
STU2568,19,Male,4,Medicine,81.4,7.72,9.6,10,1,7,7.1,5,8.0,5.2,9.2,3,4.5,1,62.9,46.12,70.18,High
STU2569,22,Male,2,Computer Science,82.5,7.78,5.4,3,2,5,6.8,8,8.3,5.8,12.6,5,6.0,1,36.01,56.02,34.1,Moderate
STU2570,23,Other,2,Design,76.7,5.97,5.4,6,1,4,6.9,7,6.6,3.5,7.7,4,7.1,2,41.99,51.85,52.88,Moderate
STU2571,20,Other,2,Engineering,87.6,7.91,7.1,8,1,7,5.8,6,9.7,4.4,5.1,5,3.6,1,53.91,40.76,47.95,Moderate
STU2572,23,Female,2,Medicine,73.5,7.34,6.3,6,4,4,7.3,9,5.5,7.1,10.9,4,11.4,3,49.99,69.13,30.32,Moderate
STU2573,20,Male,2,Computer Science,77.6,7.85,4.6,3,1,2,8.0,8,4.5,5.7,13.5,6,5.7,3,23.04,68.51,20.22,Low
STU2574,20,Male,1,Engineering,85.0,7.54,5.4,4,3,5,6.4,7,6.4,3.8,11.5,4,7.6,2,41.77,53.33,44.53,Moderate
STU2575,19,Male,4,Design,87.8,6.49,5.8,6,2,4,7.7,9,5.9,4.5,11.7,6,9.6,1,42.61,64.27,45.95,Moderate
STU2576,21,Female,1,Computer Science,64.5,8.05,8.3,9,5,9,4.7,3,10.0,3.1,0.0,2,2.8,0,79.97,21.82,90.89,Very High
STU2577,25,Male,3,Commerce,73.6,8.36,6.7,10,2,10,4.2,4,9.5,1.5,4.7,1,5.0,1,73.72,24.47,82.68,Very High
STU2578,21,Other,1,Business,68.0,7.35,3.6,5,2,6,5.9,6,7.8,4.7,6.5,3,3.7,1,46.53,41.96,41.71,Moderate
STU2579,20,Male,2,Commerce,95.2,6.72,5.0,6,1,5,7.8,8,6.3,4.7,12.4,5,11.2,2,40.66,64.57,36.57,Moderate
STU2580,21,Female,1,Design,80.2,6.43,2.4,1,2,2,6.4,10,7.0,7.0,12.8,5,10.6,2,20.58,66.34,23.4,Low
STU2581,19,Female,1,Computer Science,93.6,7.04,4.4,6,2,6,7.7,9,6.8,7.2,8.5,4,7.7,2,46.22,63.59,40.7,Moderate
STU2582,23,Female,3,Engineering,74.3,8.48,7.9,8,2,5,6.4,5,9.0,2.5,5.5,3,4.6,1,52.18,37.13,60.38,High
STU2583,20,Male,4,Business,83.6,7.27,5.1,4,2,3,8.1,8,6.3,6.6,14.5,5,7.9,2,32.53,67.12,26.92,Low
STU2584,20,Male,1,Commerce,87.3,7.16,4.0,7,0,7,8.1,6,6.3,2.2,9.5,3,7.0,1,46.85,49.92,63.25,High
STU2585,21,Female,2,Commerce,76.2,7.39,2.7,5,3,3,5.5,8,6.4,8.0,16.4,7,10.9,2,37.34,67.13,31.9,Moderate
STU2586,21,Female,2,Commerce,87.5,7.23,7.8,7,2,7,5.3,5,9.9,4.3,7.1,4,3.2,1,55.87,36.77,65.16,High
STU2587,18,Female,4,Engineering,69.9,7.73,8.0,8,4,7,5.6,6,9.0,1.7,7.7,3,7.9,1,66.91,38.61,53.2,Moderate
STU2588,21,Female,3,Computer Science,78.0,6.9,6.0,7,5,5,7.7,7,8.3,3.9,17.0,5,6.7,2,58.83,58.41,65.05,High
STU2589,19,Male,2,Design,95.3,7.61,4.7,5,0,4,7.6,9,6.0,3.0,12.6,4,7.5,2,29.79,59.84,40.01,Moderate
STU2590,21,Male,3,Commerce,77.4,7.1,4.7,7,0,5,7.8,6,8.0,2.8,5.9,3,5.9,0,42.52,43.8,47.13,Moderate
STU2591,22,Female,4,Medicine,93.0,7.64,3.5,2,0,1,8.8,10,3.3,7.6,12.9,6,12.1,3,10.79,82.33,16.89,Low
STU2592,22,Male,1,Business,91.0,6.46,2.1,2,1,1,7.4,9,2.9,6.3,17.7,5,11.8,2,14.93,74.46,23.47,Low
STU2593,21,Female,2,Engineering,91.2,8.93,5.4,3,3,2,7.7,9,6.1,7.8,12.0,7,10.9,2,25.64,72.93,27.8,Low
STU2594,20,Other,4,Engineering,80.4,6.62,6.7,7,3,6,7.8,7,7.0,4.4,11.4,5,9.2,2,56.82,59.81,46.45,Moderate
STU2595,19,Female,3,Business,63.2,7.21,5.9,4,1,4,6.9,6,7.5,4.2,7.8,5,5.5,2,37.03,50.43,33.86,Moderate
STU2596,22,Female,3,Design,85.5,7.6,5.3,3,4,4,7.2,8,6.6,4.0,10.9,5,10.5,2,38.39,60.24,50.91,Moderate
STU2597,19,Female,2,Medicine,73.1,8.49,6.4,6,2,5,6.7,8,6.5,5.2,8.6,3,6.2,2,45.56,54.21,47.09,Moderate
STU2598,20,Male,2,Computer Science,99.0,8.23,6.1,6,1,4,8.1,9,8.0,8.2,11.1,4,9.3,1,35.09,65.54,29.04,Low
STU2599,19,Male,2,Computer Science,81.0,7.47,6.3,8,1,7,5.5,7,9.3,3.9,7.9,4,6.2,1,55.08,43.17,55.58,Moderate
STU2600,19,Male,3,Commerce,80.1,7.07,3.9,5,1,4,6.8,9,5.3,6.2,6.4,5,12.1,2,35.56,64.38,44.36,Moderate
STU2601,21,Female,2,Engineering,79.8,7.47,7.4,8,5,7,5.1,4,9.0,3.5,2.3,2,4.4,2,68.19,31.94,77.36,High
STU2602,18,Female,3,Business,76.8,7.18,6.3,6,3,7,6.1,7,5.8,3.8,12.4,4,4.4,1,56.71,49.82,51.31,Moderate
STU2603,21,Female,4,Arts,80.1,7.83,4.8,4,0,4,7.4,8,4.9,6.4,12.5,4,4.4,2,29.27,61.85,29.59,Low
STU2604,20,Male,1,Design,90.8,8.21,4.4,4,1,4,7.6,7,4.8,5.4,11.5,5,7.9,2,29.52,62.46,29.89,Low
STU2605,18,Female,2,Engineering,75.5,7.75,6.0,5,5,5,7.7,7,7.8,3.4,11.5,4,7.8,2,52.28,54.97,56.45,Moderate
STU2606,20,Male,2,Design,78.7,6.03,2.2,5,1,1,8.4,8,7.5,6.2,14.9,6,8.8,3,26.11,69.71,37.94,Moderate
STU2607,18,Male,3,Engineering,84.7,8.62,9.1,7,2,8,4.8,5,10.5,4.0,8.3,1,6.7,0,58.43,31.71,62.2,High
STU2608,19,Male,1,Computer Science,78.9,7.88,5.4,5,3,3,8.3,8,7.5,5.5,9.0,5,10.9,3,38.33,65.58,41.16,Moderate
STU2609,21,Female,3,Computer Science,84.9,7.8,5.5,6,3,5,6.8,8,9.2,4.9,12.4,5,5.5,2,46.99,54.86,43.63,Moderate
STU2610,18,Female,4,Engineering,87.7,8.25,9.6,10,3,8,4.6,7,10.4,2.9,8.0,2,3.1,1,70.3,33.31,62.45,High
STU2611,22,Female,2,Business,80.5,6.75,5.0,7,3,7,5.9,4,7.8,3.1,7.4,4,4.4,0,58.5,36.72,65.43,High
STU2612,18,Male,4,Computer Science,74.4,7.51,5.4,5,0,3,7.0,9,7.2,5.6,12.3,6,9.8,2,30.69,64.52,31.88,Moderate
STU2613,19,Male,4,Computer Science,76.7,7.56,5.9,7,0,6,8.6,7,10.5,4.6,8.9,6,6.2,2,46.2,56.36,43.89,Moderate
STU2614,21,Female,1,Arts,79.0,5.96,4.1,6,1,7,5.9,4,10.9,2.8,2.3,3,4.5,0,50.54,28.96,66.8,High
STU2615,20,Female,1,Computer Science,94.0,7.42,2.9,5,3,4,8.4,9,8.3,7.2,10.3,4,8.3,1,37.83,63.49,27.15,Low
STU2616,19,Male,4,Design,75.9,7.27,6.0,6,3,5,7.1,8,9.5,2.6,12.4,3,9.1,2,49.79,51.82,33.04,Moderate
STU2617,20,Male,4,Engineering,99.4,8.38,7.0,3,2,4,8.3,9,7.2,5.3,13.0,5,8.8,2,30.19,66.22,34.74,Moderate
STU2618,19,Female,1,Computer Science,57.8,7.93,7.9,8,5,9,3.2,4,12.9,3.2,2.3,1,3.0,1,78.18,17.71,92.93,Very High
STU2619,22,Male,1,Business,83.1,7.52,5.8,6,0,7,6.7,3,8.6,1.5,3.8,4,5.6,1,45.67,34.69,62.74,High
STU2620,20,Female,1,Computer Science,79.7,6.59,7.1,8,2,7,5.5,4,9.3,4.2,12.4,2,3.9,1,60.43,36.83,56.08,Moderate
STU2621,22,Female,4,Medicine,79.2,9.27,10.3,10,2,7,6.7,6,5.2,3.9,6.2,3,4.5,1,64.27,46.43,61.01,High
STU2622,23,Male,1,Engineering,95.8,7.0,7.9,8,2,6,5.7,3,10.6,3.0,10.3,3,5.9,2,54.39,35.64,63.25,High
STU2623,20,Male,2,Computer Science,100.0,8.37,7.7,4,1,6,6.9,7,10.1,4.3,10.0,5,7.9,1,37.13,50.28,47.68,Moderate
STU2624,23,Male,4,Computer Science,86.9,7.94,8.0,6,5,7,5.9,5,9.5,3.1,5.2,4,4.4,1,61.17,36.99,57.63,Moderate
STU2625,20,Female,1,Computer Science,77.2,7.01,7.4,7,1,7,5.6,6,8.9,5.2,10.6,4,3.3,2,54.62,45.28,50.15,Moderate
STU2626,25,Male,3,Computer Science,82.2,7.19,7.4,10,3,9,4.5,1,13.3,3.3,1.0,1,2.6,1,74.48,15.19,62.22,High
STU2627,19,Female,2,Design,78.2,8.56,7.1,7,2,6,5.9,6,9.0,2.8,8.3,4,6.3,2,51.28,43.27,55.68,Moderate
STU2628,21,Female,4,Medicine,75.6,7.13,9.6,9,5,9,5.1,3,8.5,2.7,13.4,3,5.5,1,80.74,35.51,78.34,High
STU2629,20,Male,2,Engineering,81.4,6.88,5.6,5,0,4,7.7,8,6.5,5.3,12.6,6,6.7,3,34.08,64.97,41.42,Moderate
STU2630,20,Female,3,Engineering,91.2,7.8,6.6,4,0,4,6.8,7,7.6,5.1,11.9,6,10.4,2,28.97,59.61,26.38,Low
STU2631,21,Male,3,Arts,73.0,7.14,6.0,6,3,7,5.2,3,9.1,2.9,7.2,4,6.4,1,57.16,34.16,61.02,High
STU2632,21,Male,1,Business,89.7,7.87,5.1,8,3,6,5.2,6,7.7,1.2,8.1,4,3.4,1,54.63,36.67,58.29,Moderate
STU2633,18,Female,1,Commerce,75.7,6.26,1.8,4,1,2,7.9,9,6.3,7.4,18.1,6,10.6,2,26.45,74.27,19.64,Low
STU2634,19,Female,2,Business,85.6,6.4,4.2,4,4,2,8.4,10,6.7,8.8,13.0,6,11.8,2,35.57,77.25,36.94,Moderate
STU2635,21,Female,2,Engineering,78.5,8.1,7.6,7,2,7,7.1,6,10.0,4.1,7.5,4,3.1,0,55.75,41.63,57.03,Moderate
STU2636,21,Female,4,Engineering,79.4,8.13,7.6,5,2,7,6.7,6,6.9,7.7,8.0,5,5.3,2,49.99,55.76,43.31,Moderate
STU2637,25,Male,4,Commerce,75.0,7.67,7.1,6,3,7,5.1,5,8.3,5.6,7.7,3,5.7,1,56.86,40.71,66.58,High
STU2638,21,Male,2,Commerce,81.6,7.87,5.4,7,4,6,7.1,7,5.2,4.2,12.6,5,6.6,1,56.45,56.78,54.48,Moderate
STU2639,24,Female,3,Medicine,83.4,6.82,6.9,9,0,5,6.9,8,6.6,5.0,11.6,3,8.7,2,49.37,57.53,40.83,Moderate
STU2640,21,Female,3,Engineering,80.0,9.05,4.4,4,0,3,7.4,8,6.0,8.7,15.1,5,7.7,2,23.58,68.79,14.31,Low
STU2641,19,Male,4,Arts,65.9,7.52,6.3,8,2,6,5.5,5,8.8,5.3,5.2,2,5.7,1,57.18,38.33,53.61,Moderate
STU2642,19,Male,2,Business,86.8,7.41,6.0,7,5,6,7.0,7,7.5,3.7,8.1,4,8.1,1,59.85,50.6,55.4,Moderate
STU2643,22,Female,2,Engineering,91.9,8.01,5.4,4,3,5,7.6,7,7.1,3.3,8.7,5,7.4,1,39.83,53.25,39.44,Moderate
STU2644,21,Female,1,Design,86.1,6.48,2.8,2,2,2,9.4,10,5.4,7.9,14.9,7,11.4,2,22.63,82.19,11.33,Low
STU2645,18,Male,3,Engineering,87.4,7.23,5.4,6,1,3,7.8,7,5.8,6.3,14.4,4,6.1,2,34.77,62.23,34.38,Moderate
STU2646,20,Female,2,Computer Science,84.5,7.16,5.8,4,5,7,6.5,7,8.7,4.0,6.4,4,6.8,2,55.48,48.18,40.77,Moderate
STU2647,24,Female,2,Engineering,74.3,7.56,6.0,5,0,3,7.7,10,4.4,6.1,15.3,6,7.7,2,31.13,72.27,33.55,Moderate
STU2648,20,Male,1,Engineering,95.5,7.45,5.2,3,1,4,7.3,10,7.1,5.6,15.2,6,9.7,2,27.89,68.55,45.33,Moderate
STU2649,20,Male,3,Computer Science,85.8,7.65,6.4,7,3,6,7.5,5,10.9,5.0,8.4,3,3.4,1,53.95,42.48,60.19,High
STU2650,20,Male,1,Design,67.4,6.32,5.5,6,1,6,5.7,7,7.5,4.4,10.9,3,8.6,1,49.71,48.41,60.33,High
STU2651,19,Male,1,Engineering,78.0,8.28,8.7,8,3,8,6.0,4,10.7,3.9,7.8,2,3.0,2,65.56,34.96,60.32,High
STU2652,20,Male,2,Commerce,84.0,7.83,4.1,4,1,4,7.1,9,7.2,4.3,15.7,6,6.8,2,31.03,62.56,31.51,Moderate
STU2653,20,Female,1,Computer Science,96.8,7.62,3.2,2,2,3,7.9,10,5.7,6.0,19.5,7,9.9,3,22.61,77.68,13.45,Low
STU2654,18,Female,3,Computer Science,84.1,7.52,3.6,6,1,3,5.8,8,7.7,3.7,13.9,3,5.5,1,33.34,48.52,46.78,Moderate
STU2655,21,Female,2,Business,90.6,6.49,3.8,5,0,3,7.7,9,6.3,7.5,17.0,5,7.8,3,28.36,71.85,36.0,Moderate
STU2656,20,Female,2,Commerce,84.7,7.39,4.1,5,0,3,8.4,9,5.3,5.9,12.6,6,11.5,2,28.09,72.45,23.06,Low
STU2657,22,Male,3,Arts,88.8,7.34,3.2,5,4,2,9.0,10,4.5,7.2,14.7,7,9.8,2,35.41,79.87,29.29,Low
STU2658,22,Male,1,Arts,90.1,5.91,3.8,4,2,1,8.3,8,4.8,5.4,12.2,6,8.2,2,25.97,67.92,17.8,Low
STU2659,19,Other,1,Engineering,88.1,7.63,2.5,2,0,2,8.5,10,3.9,7.6,17.5,6,10.9,2,14.13,80.62,15.44,Low
STU2660,21,Male,4,Engineering,76.2,7.75,6.6,8,4,5,6.2,7,8.7,4.6,10.5,6,8.4,2,57.99,53.84,45.68,Moderate
STU2661,20,Female,2,Business,72.2,7.35,4.2,4,0,2,7.9,9,5.7,8.5,12.6,6,8.6,2,24.22,72.53,26.79,Low
STU2662,23,Female,2,Arts,76.5,6.46,2.7,3,2,5,7.7,9,5.4,5.5,11.0,5,7.2,2,36.96,64.82,40.49,Moderate
STU2663,19,Male,1,Commerce,80.0,5.92,5.7,7,1,7,6.5,4,7.2,1.8,6.7,4,5.7,1,54.55,39.36,50.42,Moderate
STU2664,21,Male,2,Design,82.2,7.77,3.4,3,4,4,9.5,9,6.2,6.3,11.9,6,10.7,2,37.07,74.27,21.24,Low
STU2665,21,Male,3,Design,82.1,7.3,4.6,4,0,2,6.3,9,7.0,2.8,15.1,6,7.2,2,22.98,58.22,31.68,Moderate
STU2666,19,Male,3,Engineering,88.5,7.62,7.1,5,2,5,6.6,8,7.4,5.4,13.0,5,7.7,3,42.24,60.55,40.33,Moderate
STU2667,19,Male,3,Commerce,82.7,7.17,3.7,5,4,2,7.7,9,5.3,4.0,13.0,3,11.8,3,37.13,65.92,34.66,Moderate
STU2668,21,Male,1,Business,92.3,7.85,4.5,3,1,4,9.1,10,3.2,4.4,9.4,6,12.4,3,27.17,76.96,15.58,Low
STU2669,21,Female,1,Commerce,93.9,8.83,5.7,2,5,5,6.1,9,7.3,3.6,9.9,5,9.4,1,38.83,54.45,32.77,Moderate
STU2670,20,Male,4,Computer Science,87.8,8.62,5.4,7,2,6,7.5,5,8.2,2.6,7.4,5,8.7,2,48.17,49.2,51.26,Moderate
STU2671,21,Male,4,Engineering,74.2,7.77,6.9,7,1,5,8.1,7,8.7,6.0,11.7,4,8.9,2,46.77,59.8,29.83,Low
STU2672,20,Female,1,Computer Science,86.5,6.49,4.8,4,0,4,7.0,7,7.7,3.8,9.0,5,4.5,2,30.43,51.48,30.24,Moderate
STU2673,21,Male,2,Computer Science,90.3,8.01,8.3,6,0,9,5.1,5,9.2,3.9,13.4,2,5.8,1,52.41,38.79,69.62,High
STU2674,19,Female,1,Business,89.4,8.59,5.4,7,0,6,7.7,7,7.2,5.8,8.5,3,6.3,1,41.95,53.84,39.81,Moderate
STU2675,23,Male,1,Computer Science,88.5,7.83,6.4,6,4,3,7.1,7,8.1,4.3,14.5,3,9.6,2,43.42,55.71,32.86,Moderate
STU2676,19,Female,2,Computer Science,63.9,8.03,8.1,9,5,7,6.5,5,11.4,2.6,7.3,3,2.9,1,73.27,34.57,59.56,Moderate
STU2677,20,Male,1,Engineering,91.5,7.77,8.1,8,2,7,5.9,5,8.5,4.6,9.0,2,4.9,0,57.33,38.47,68.38,High
STU2678,18,Female,3,Commerce,85.4,7.52,5.3,3,2,4,8.0,8,5.4,7.1,9.9,6,8.6,3,32.54,69.71,25.96,Low
STU2679,19,Male,3,Medicine,77.5,6.76,5.0,6,1,3,7.5,10,5.3,7.6,7.7,4,10.9,2,36.87,68.75,32.51,Moderate
STU2680,20,Female,1,Computer Science,72.9,6.2,5.0,3,1,6,6.8,7,9.3,3.1,10.2,5,7.2,2,40.24,50.41,41.23,Moderate
STU2681,19,Female,1,Computer Science,76.7,9.17,7.5,5,2,8,6.9,6,10.6,3.9,10.1,3,3.2,2,51.96,43.52,42.94,Moderate
STU2682,22,Male,4,Computer Science,83.0,8.29,7.3,8,0,7,5.5,5,8.8,5.0,11.5,3,9.0,1,51.21,44.48,41.61,Moderate
STU2683,18,Male,1,Medicine,68.9,7.66,9.3,9,5,10,4.3,4,9.8,2.4,1.6,2,4.9,1,84.06,25.39,82.38,Very High
STU2684,20,Female,3,Engineering,80.6,6.37,6.1,4,4,5,7.7,7,6.6,4.8,11.2,5,8.6,2,48.03,60.08,34.76,Moderate
STU2685,20,Female,2,Arts,98.8,8.07,4.2,7,2,3,8.5,7,6.2,7.3,12.0,4,10.3,2,36.25,66.86,51.32,Moderate
STU2686,18,Male,3,Medicine,81.9,8.03,8.4,5,4,6,6.7,7,8.3,4.8,11.0,4,5.1,1,53.08,49.92,40.16,Moderate
STU2687,19,Male,2,Computer Science,83.6,7.98,5.7,5,1,5,6.5,7,8.7,4.9,9.9,6,6.2,2,38.29,53.38,32.54,Moderate
STU2688,20,Male,1,Design,88.2,7.11,5.9,4,2,6,7.0,7,10.7,3.5,4.8,2,5.7,2,42.7,42.52,53.47,Moderate
STU2689,20,Female,1,Engineering,77.4,6.86,8.2,7,5,6,5.5,5,7.6,4.1,9.6,5,4.1,2,64.17,44.46,60.78,High
STU2690,20,Male,1,Commerce,73.2,6.79,5.3,6,1,3,6.2,6,7.9,2.8,13.3,4,6.2,2,37.79,47.83,54.61,Moderate
STU2691,20,Female,2,Engineering,95.8,7.18,4.6,1,0,2,9.4,10,4.6,7.0,14.0,5,11.6,3,12.57,80.62,19.36,Low
STU2692,21,Female,3,Commerce,71.8,7.1,7.7,7,5,6,5.1,4,7.3,2.3,11.2,2,8.9,2,64.28,39.55,70.87,High
STU2693,18,Male,1,Design,97.5,7.41,4.3,7,1,4,7.3,8,8.8,4.4,8.4,5,5.0,1,37.98,52.0,54.99,Moderate
STU2694,20,Male,1,Arts,74.4,5.54,3.5,7,2,5,6.5,7,7.9,3.5,13.3,3,7.3,1,50.62,49.22,48.35,Moderate
STU2695,25,Male,2,Engineering,81.7,6.56,4.6,8,1,5,6.3,8,8.7,5.6,8.8,6,7.0,2,48.39,55.51,32.12,Moderate
STU2696,20,Female,3,Engineering,73.7,7.72,6.3,6,3,3,6.4,9,7.9,4.0,11.3,5,8.3,2,42.99,56.85,53.99,Moderate
STU2697,21,Female,4,Medicine,77.4,6.99,5.5,4,2,3,7.3,10,2.5,6.3,14.9,6,7.7,2,34.37,73.42,37.48,Moderate
STU2698,20,Female,3,Arts,81.9,7.6,4.6,5,0,5,6.1,7,7.7,4.4,7.3,4,8.4,2,35.29,50.31,46.38,Moderate
STU2699,22,Other,2,Business,90.3,8.25,5.3,6,2,6,7.0,8,7.0,4.6,15.5,4,6.1,2,45.51,58.22,54.62,Moderate
STU2700,22,Female,3,Computer Science,84.2,8.7,9.9,10,3,8,5.9,2,13.9,0.6,5.7,4,4.1,1,70.38,23.22,72.98,High
STU2701,20,Female,4,Computer Science,82.1,7.34,7.0,5,3,3,8.2,8,10.5,5.3,15.8,5,8.1,2,40.03,61.4,34.82,Moderate
STU2702,25,Female,4,Medicine,66.7,7.52,8.7,8,1,7,5.7,6,7.2,4.3,9.8,2,7.9,0,59.38,43.01,66.36,High
STU2703,19,Male,2,Computer Science,76.0,5.92,4.7,7,2,6,7.6,6,9.7,3.3,7.2,3,7.4,2,54.05,47.0,55.5,Moderate
STU2704,18,Female,1,Engineering,86.4,6.98,5.8,4,4,4,8.0,7,7.2,4.6,10.5,6,6.7,3,42.47,61.25,38.38,Moderate
STU2705,22,Male,1,Computer Science,64.3,6.34,3.7,3,2,1,7.2,10,8.2,5.4,12.6,5,9.8,2,26.69,64.21,42.66,Moderate
STU2706,22,Female,2,Commerce,90.9,6.78,3.7,1,0,2,7.4,9,5.6,7.0,16.3,5,4.7,3,13.3,68.63,32.36,Moderate
STU2707,19,Male,3,Arts,77.8,6.55,2.7,5,2,3,6.7,7,5.9,7.0,12.3,4,6.9,2,35.48,59.5,33.77,Moderate
STU2708,19,Female,2,Arts,85.0,7.15,4.2,5,0,6,5.8,6,6.2,5.2,9.9,4,7.9,1,38.53,50.02,33.3,Moderate
STU2709,18,Male,1,Engineering,73.0,7.8,6.9,6,5,6,5.3,5,8.8,3.3,6.1,3,6.0,1,59.47,36.65,54.13,Moderate
STU2710,19,Male,3,Commerce,81.6,6.64,3.9,3,0,1,9.1,10,1.4,5.0,18.4,6,11.8,2,17.47,82.37,13.13,Low
STU2711,22,Female,4,Business,80.4,7.68,5.6,8,2,6,6.6,6,7.1,3.8,5.2,3,3.6,1,53.91,42.7,51.93,Moderate
STU2712,20,Other,2,Computer Science,72.4,7.4,6.8,8,0,6,6.2,7,9.9,6.9,8.9,4,4.7,0,50.71,46.81,53.99,Moderate
STU2713,20,Female,3,Commerce,78.6,8.55,4.2,5,1,3,8.0,8,6.2,4.6,10.0,4,8.1,1,30.26,58.92,58.53,Moderate
STU2714,20,Male,2,Engineering,74.3,7.68,7.2,7,5,7,6.3,6,10.2,5.4,7.2,4,4.6,1,65.82,43.58,68.72,High
STU2715,18,Male,4,Computer Science,85.0,8.15,6.0,6,4,4,6.6,7,7.9,5.3,13.5,5,6.9,2,46.47,56.21,54.29,Moderate
STU2716,19,Female,4,Engineering,85.2,7.51,2.9,4,0,2,8.2,10,4.6,7.8,17.6,6,9.9,3,20.7,80.3,19.98,Low
STU2717,21,Female,2,Computer Science,81.6,7.82,6.5,4,2,6,7.2,7,7.8,1.6,14.1,3,11.7,2,43.12,53.49,46.53,Moderate
STU2718,25,Female,3,Commerce,87.0,6.84,4.1,5,1,4,8.4,8,4.7,6.0,14.2,5,8.6,2,34.96,69.24,36.71,Moderate
STU2719,22,Female,4,Engineering,74.2,8.3,6.0,9,0,6,6.9,7,5.2,7.2,11.7,3,2.5,0,51.02,53.36,57.89,Moderate
STU2720,18,Female,2,Engineering,80.9,7.35,4.5,7,0,3,7.9,9,6.8,6.1,15.8,5,6.6,2,34.68,66.67,41.3,Moderate
STU2721,23,Female,2,Computer Science,76.5,7.81,5.8,7,1,7,6.3,6,9.8,3.4,6.8,5,4.1,1,52.07,41.76,60.44,High
STU2722,22,Female,3,Business,70.2,5.89,5.7,6,2,8,6.0,5,8.4,1.0,8.5,4,5.1,2,59.79,39.18,55.49,Moderate
STU2723,22,Male,1,Medicine,77.1,8.14,7.2,9,2,7,5.2,4,10.1,1.7,7.4,3,6.6,1,61.14,31.85,51.87,Moderate
STU2724,20,Female,2,Commerce,85.5,6.74,5.2,6,4,8,7.0,5,6.7,4.4,9.0,3,4.8,2,61.41,47.9,65.72,High
STU2725,20,Female,4,Commerce,78.3,7.48,4.3,4,1,3,8.2,10,6.1,4.3,11.0,5,9.3,2,29.4,66.71,36.84,Moderate
STU2726,20,Male,3,Engineering,68.9,6.87,7.7,8,3,8,5.9,6,7.7,5.1,10.1,4,5.4,1,68.59,46.85,56.14,Moderate
STU2727,18,Female,2,Computer Science,76.3,7.12,7.6,9,5,8,5.0,4,10.7,2.0,0.8,3,3.5,0,75.64,24.01,92.61,Very High
STU2728,19,Female,1,Design,85.0,8.14,6.7,9,5,9,5.2,2,11.1,4.8,5.6,4,5.4,2,75.07,33.23,64.59,High
STU2729,19,Female,2,Computer Science,93.1,8.01,5.8,4,2,4,7.4,9,8.1,6.1,13.9,5,5.1,2,33.63,61.8,35.65,Moderate
STU2730,20,Male,2,Computer Science,71.4,7.84,5.9,5,2,6,7.1,9,9.1,4.5,11.9,5,8.1,1,47.06,56.72,43.34,Moderate
STU2731,21,Male,1,Commerce,79.9,7.98,6.5,6,1,4,6.0,6,7.7,4.5,10.0,3,6.8,2,39.02,47.54,40.63,Moderate
STU2732,20,Female,3,Computer Science,74.9,7.5,9.3,10,0,9,4.6,5,11.3,2.5,4.4,2,2.0,1,67.77,25.8,67.13,High
STU2733,18,Male,1,Engineering,89.0,8.21,3.6,3,0,2,9.6,10,6.2,9.2,9.7,5,11.6,2,16.71,78.82,14.29,Low
STU2734,24,Male,2,Medicine,97.6,7.58,4.2,4,2,3,7.9,10,7.2,7.3,14.1,5,10.3,2,28.93,71.3,23.39,Low
STU2735,24,Male,2,Medicine,77.5,7.65,5.9,4,2,4,6.7,9,4.9,7.4,13.7,6,8.5,2,36.92,68.85,38.21,Moderate
STU2736,22,Male,4,Commerce,75.7,7.57,7.6,7,1,5,6.2,6,8.6,5.4,11.5,4,7.8,2,47.43,51.09,54.59,Moderate
STU2737,27,Male,2,Commerce,89.2,8.8,6.2,6,4,4,8.0,8,7.6,7.6,7.8,4,6.5,1,44.86,59.64,37.86,Moderate
STU2738,20,Female,1,Commerce,70.0,5.95,3.9,6,2,4,8.4,9,8.6,6.0,9.4,5,8.2,2,44.89,63.74,36.82,Moderate
STU2739,25,Female,1,Commerce,94.6,7.74,4.3,5,0,3,8.1,10,5.4,7.1,13.1,6,7.0,2,26.03,72.19,29.76,Low
STU2740,18,Female,3,Engineering,79.8,8.71,7.1,8,4,7,6.0,6,9.3,5.3,4.2,5,4.6,2,62.88,45.03,60.74,High
STU2741,20,Male,3,Engineering,84.6,8.08,7.1,4,3,5,7.2,8,6.9,4.6,9.5,7,6.1,2,42.35,59.66,42.33,Moderate
STU2742,19,Male,2,Engineering,84.7,8.04,7.3,6,1,5,6.3,5,11.5,4.9,9.7,5,6.3,2,42.12,44.96,50.08,Moderate
STU2743,19,Male,2,Engineering,77.6,7.68,8.2,9,1,8,4.3,4,9.5,2.6,4.6,3,5.8,1,62.99,29.39,71.36,High
STU2744,19,Other,1,Arts,77.7,7.06,3.1,5,1,5,6.6,8,6.3,3.8,8.6,4,9.0,2,38.64,55.17,50.01,Moderate
STU2745,21,Female,2,Design,87.4,8.09,6.1,6,3,6,7.2,6,7.4,2.5,6.5,4,8.0,1,49.92,46.95,47.36,Moderate
STU2746,22,Male,2,Computer Science,87.7,7.07,6.3,7,3,7,4.8,5,9.5,3.6,8.0,3,9.2,2,57.85,39.62,61.65,High
STU2747,21,Male,1,Computer Science,74.4,7.68,7.2,6,1,6,6.3,7,10.4,3.0,11.7,3,6.3,1,47.69,43.55,48.42,Moderate
STU2748,19,Other,1,Computer Science,82.2,7.14,5.3,3,2,4,7.2,6,8.2,4.9,11.8,4,5.2,2,33.71,52.08,25.92,Low
STU2749,22,Other,1,Engineering,74.5,7.51,7.4,10,3,8,6.0,3,10.6,2.0,3.7,4,1.9,1,71.9,28.61,64.92,High
STU2750,21,Male,1,Computer Science,82.7,7.87,3.7,3,2,2,8.5,9,7.8,6.1,13.1,4,10.0,2,24.41,66.9,42.17,Moderate
STU2751,20,Female,3,Medicine,71.1,7.66,8.4,8,1,7,6.2,5,7.6,6.0,12.5,5,8.7,2,58.16,53.83,59.83,Moderate
STU2752,21,Male,1,Business,77.9,6.2,4.4,7,0,8,6.2,5,6.1,3.6,6.2,1,3.5,1,53.68,38.67,42.43,Moderate
STU2753,19,Female,1,Design,80.9,6.86,3.8,5,1,6,6.4,8,8.9,7.1,8.2,3,7.6,2,42.36,54.17,38.9,Moderate
STU2754,20,Male,1,Computer Science,79.5,8.41,7.2,6,3,6,5.5,6,9.3,4.0,11.4,4,7.7,2,51.62,46.07,51.49,Moderate
STU2755,23,Male,4,Engineering,86.6,7.89,6.4,3,3,2,8.7,10,5.6,6.3,17.1,5,8.8,3,28.97,76.09,26.71,Low
STU2756,19,Female,4,Medicine,71.5,7.77,8.7,9,2,9,5.3,4,8.9,1.8,10.2,3,4.1,2,70.61,35.07,63.56,High
STU2757,20,Male,1,Design,90.9,7.43,4.7,8,2,6,6.4,8,9.9,2.3,13.7,4,7.5,1,51.83,48.08,57.78,Moderate
STU2758,23,Female,2,Business,79.5,7.82,5.6,5,1,6,6.4,7,6.3,4.7,9.1,3,6.4,1,42.49,49.88,57.74,Moderate
STU2759,21,Female,1,Business,76.3,7.16,6.4,8,5,8,5.0,3,11.6,1.8,3.7,3,4.8,1,71.79,24.98,81.89,Very High
STU2760,18,Female,2,Medicine,86.9,7.76,6.0,4,0,4,7.3,7,5.9,6.9,12.6,6,10.0,2,29.25,65.78,27.63,Low
STU2761,19,Male,1,Commerce,81.4,7.48,5.3,5,4,5,7.0,8,7.0,4.8,14.1,5,6.2,1,48.16,57.47,35.05,Moderate
STU2762,18,Male,3,Computer Science,78.9,8.49,7.5,5,3,5,6.8,3,8.1,0.1,9.7,2,3.7,1,45.73,32.63,61.07,High
STU2763,21,Male,2,Commerce,86.9,7.59,6.5,5,2,4,6.4,9,4.7,6.0,14.2,4,11.0,0,38.73,62.21,27.1,Low
STU2764,20,Female,4,Engineering,75.3,6.95,6.0,5,0,5,5.7,6,5.5,6.5,15.6,4,8.0,0,38.64,53.74,47.96,Moderate
STU2765,19,Male,1,Engineering,64.7,6.95,8.7,6,3,8,5.1,4,9.9,2.7,7.1,4,1.8,1,64.44,31.2,77.32,High
STU2766,24,Male,4,Commerce,90.3,8.19,6.6,5,5,5,5.8,5,8.6,8.2,7.9,4,6.6,2,49.58,49.88,53.73,Moderate
STU2767,20,Female,4,Engineering,73.5,7.56,9.5,10,1,7,5.8,5,9.5,4.3,9.6,4,3.2,1,64.4,39.91,54.15,Moderate
STU2768,19,Female,1,Computer Science,82.8,8.24,8.4,8,0,7,5.1,6,9.4,0.5,11.0,4,1.8,1,52.24,33.76,51.89,Moderate
STU2769,20,Female,2,Computer Science,78.8,6.62,6.9,9,3,7,6.4,5,10.1,3.6,7.8,4,8.5,1,66.14,42.51,62.31,High
STU2770,21,Male,1,Computer Science,82.9,7.92,4.7,4,0,4,7.0,9,7.7,4.8,8.7,6,7.3,2,28.57,59.28,47.97,Moderate
STU2771,18,Male,1,Computer Science,79.0,6.84,5.4,3,3,5,7.3,9,6.2,4.6,11.0,5,7.8,2,41.16,61.8,40.74,Moderate
STU2772,19,Male,1,Computer Science,73.8,7.57,8.3,8,3,7,4.8,3,12.7,1.8,6.0,2,3.7,1,63.78,22.31,62.35,High
STU2773,22,Female,3,Computer Science,96.2,8.29,4.9,3,0,1,7.4,9,8.1,7.7,13.5,7,9.9,2,13.12,69.7,20.87,Low
STU2774,20,Male,2,Computer Science,90.7,6.47,4.2,6,4,3,7.9,7,8.2,4.9,10.6,5,6.7,2,43.49,57.39,58.89,Moderate
STU2775,20,Female,4,Arts,89.8,8.03,4.7,4,0,3,7.8,9,4.0,5.5,9.0,7,9.7,2,23.9,69.89,15.95,Low
STU2776,20,Female,1,Engineering,73.6,7.02,7.6,5,0,5,7.1,7,8.6,5.4,12.5,3,5.8,2,40.14,53.25,53.6,Moderate
STU2777,18,Male,4,Computer Science,78.7,7.21,5.4,7,2,4,7.4,6,8.6,9.4,16.0,4,9.1,1,45.37,61.97,39.2,Moderate
STU2778,19,Female,1,Medicine,83.8,7.07,7.4,6,1,5,5.6,5,6.4,4.5,10.1,3,2.7,2,43.97,43.55,53.84,Moderate
STU2779,20,Male,3,Business,79.8,6.99,4.8,7,2,4,6.8,7,8.6,8.1,13.6,4,5.6,1,45.05,56.44,51.3,Moderate
STU2780,19,Female,2,Commerce,77.9,7.35,6.0,4,1,5,7.6,7,7.9,2.9,11.6,3,6.7,1,37.77,50.21,36.89,Moderate
STU2781,18,Male,1,Engineering,74.9,7.29,5.2,4,0,3,7.8,9,5.4,6.3,13.4,6,8.6,2,28.03,69.69,37.97,Moderate
STU2782,22,Female,4,Commerce,87.4,6.57,7.5,5,2,6,5.6,6,8.5,5.5,6.2,4,5.6,1,47.84,43.86,55.68,Moderate
STU2783,26,Male,2,Commerce,85.7,6.74,3.3,4,1,1,7.2,9,5.1,8.7,9.8,7,9.0,2,21.9,71.64,35.47,Moderate
STU2784,22,Female,3,Design,74.1,7.19,5.8,7,3,8,6.9,4,9.3,2.8,9.9,4,8.3,1,62.83,42.92,62.99,High
STU2785,22,Female,3,Commerce,71.9,7.86,6.4,6,5,6,7.0,6,6.1,4.7,10.9,2,9.1,2,59.14,53.28,67.33,High
STU2786,19,Male,2,Business,73.9,7.53,7.7,8,3,9,5.3,4,8.5,2.8,8.1,2,3.8,1,69.99,32.87,56.22,Moderate
STU2787,25,Female,2,Business,81.4,7.14,5.3,6,3,6,6.8,5,7.7,3.8,5.9,6,8.4,1,51.84,48.21,57.08,Moderate
STU2788,19,Male,3,Commerce,68.5,5.67,8.1,9,5,8,4.9,4,10.0,0.0,7.6,3,0.7,2,79.77,26.39,78.81,High
STU2789,24,Other,1,Engineering,89.2,7.46,9.5,8,2,8,5.6,4,10.9,2.8,11.5,5,3.5,0,62.73,34.54,56.11,Moderate
STU2790,27,Female,3,Commerce,76.8,8.37,5.5,6,1,7,6.6,4,8.0,1.7,12.0,2,7.0,1,48.06,39.59,64.02,High
STU2791,21,Female,4,Design,82.2,6.56,8.8,8,1,8,6.1,5,9.6,3.4,5.7,3,6.2,1,61.81,38.1,53.62,Moderate
STU2792,26,Male,1,Computer Science,100.0,6.74,4.0,2,0,2,7.9,8,8.0,6.6,15.6,5,12.4,3,14.88,69.81,27.91,Low
STU2793,21,Other,1,Arts,81.4,7.6,5.2,5,1,4,6.6,8,7.4,6.4,9.0,4,6.6,1,35.54,54.73,37.48,Moderate
STU2794,19,Male,3,Computer Science,80.7,7.54,7.0,7,2,6,6.8,6,11.3,4.7,8.9,3,6.4,1,52.48,43.49,71.65,High
STU2795,20,Male,2,Medicine,86.4,7.52,4.2,3,2,2,8.9,9,6.3,4.8,15.8,4,10.4,2,24.79,69.44,32.44,Moderate
STU2796,21,Male,2,Business,81.2,7.56,5.7,6,5,5,7.6,9,5.3,4.3,12.8,4,8.7,1,54.17,61.83,51.12,Moderate
STU2797,18,Female,1,Computer Science,69.3,6.8,5.4,7,1,6,4.2,5,11.1,3.4,4.9,4,5.5,2,51.28,32.99,71.6,High
STU2798,21,Other,2,Medicine,95.3,9.25,7.3,6,0,5,6.8,8,5.3,4.1,11.8,6,8.9,2,35.34,61.38,37.21,Moderate
STU2799,26,Other,1,Computer Science,72.2,8.08,6.3,6,2,7,4.9,7,9.2,3.4,10.3,4,6.4,2,52.97,43.82,60.21,High
STU2800,19,Female,2,Engineering,86.7,8.11,6.3,6,2,5,7.4,8,7.6,6.2,13.5,4,7.1,2,43.84,60.74,31.81,Moderate
STU2801,22,Female,3,Computer Science,90.9,7.4,8.6,6,2,8,5.7,4,9.8,1.8,4.8,4,4.0,1,56.24,31.99,62.55,High
STU2802,23,Female,1,Engineering,83.0,9.28,7.8,3,5,7,7.4,5,8.1,4.1,8.3,4,7.9,1,51.09,48.28,52.13,Moderate
STU2803,24,Female,2,Engineering,68.1,6.77,4.9,6,2,4,7.4,8,6.1,6.2,5.7,5,8.1,2,44.67,60.49,28.01,Low
STU2804,25,Male,4,Arts,76.6,6.87,5.4,6,2,5,6.4,7,7.6,2.6,11.2,7,7.5,1,46.84,52.02,50.94,Moderate
STU2805,20,Female,3,Arts,77.9,6.89,5.0,6,2,6,4.5,6,7.5,5.6,7.9,3,4.5,1,49.59,40.89,64.76,High
STU2806,25,Female,4,Computer Science,95.6,7.97,6.0,5,1,4,7.5,8,8.6,5.7,10.7,6,8.3,1,33.23,59.35,43.57,Moderate
STU2807,21,Female,2,Design,87.3,7.78,6.5,7,4,5,5.7,5,10.0,6.4,9.7,4,4.5,1,53.23,43.11,64.8,High
STU2808,19,Other,3,Computer Science,72.2,6.78,5.3,4,0,4,9.0,9,9.8,2.0,10.3,5,7.9,2,32.75,58.32,42.47,Moderate
STU2809,20,Male,1,Computer Science,81.5,8.36,6.5,7,2,5,7.4,6,7.8,2.5,6.7,4,4.7,1,47.23,44.96,51.61,Moderate
STU2810,21,Female,1,Computer Science,66.8,6.48,6.4,8,3,6,5.5,7,10.1,0.4,6.5,4,4.1,1,61.84,34.89,49.93,Moderate
STU2811,19,Female,1,Arts,81.6,7.44,2.0,3,1,1,8.2,9,6.6,7.9,12.1,6,10.0,2,17.56,72.13,16.2,Low
STU2812,21,Other,2,Arts,88.6,7.48,5.8,6,0,5,5.5,7,5.7,6.3,8.1,2,6.5,2,38.16,50.39,44.66,Moderate
STU2813,21,Male,4,Computer Science,84.3,7.66,7.7,6,1,6,6.6,4,8.9,4.9,13.1,5,7.8,3,46.49,51.52,43.39,Moderate
STU2814,19,Female,2,Computer Science,68.1,8.28,6.0,6,4,6,5.8,5,10.6,1.4,6.8,2,6.8,1,55.74,32.79,54.63,Moderate
STU2815,21,Female,3,Engineering,67.6,7.67,8.0,7,4,6,7.4,6,6.8,5.7,14.4,3,7.1,3,61.28,58.45,71.76,High
STU2816,22,Female,3,Medicine,77.8,7.36,3.0,2,1,1,9.0,10,5.8,7.0,16.5,5,7.5,2,16.38,74.94,31.52,Moderate
STU2817,20,Female,3,Commerce,69.2,8.63,7.6,6,4,8,5.0,4,7.9,5.0,8.1,3,5.1,1,62.97,38.12,78.83,High
STU2818,18,Male,2,Computer Science,85.9,6.66,7.2,9,2,5,5.0,6,9.1,2.7,8.2,4,7.3,2,55.47,41.05,53.29,Moderate
STU2819,18,Male,3,Design,76.5,6.95,6.1,6,2,8,6.3,5,9.5,2.0,9.8,4,5.0,1,57.31,39.19,58.43,Moderate
STU2820,20,Male,2,Engineering,98.3,9.3,7.0,7,1,6,3.9,5,8.5,4.0,8.9,3,6.0,2,43.62,37.12,50.31,Moderate
STU2821,23,Male,1,Arts,93.5,6.47,5.9,5,3,5,5.4,3,8.2,4.5,5.9,4,2.7,1,45.33,35.05,40.84,Moderate
STU2822,19,Female,4,Commerce,88.2,7.23,5.1,7,4,5,5.9,8,6.8,2.5,10.9,4,5.5,2,52.83,49.46,54.89,Moderate
STU2823,21,Male,1,Engineering,85.6,8.8,9.1,8,5,5,7.8,7,8.7,5.2,4.6,5,7.2,1,59.76,52.65,50.08,Moderate
STU2824,19,Male,1,Design,68.1,6.55,4.5,5,0,3,7.4,9,6.3,4.1,9.3,6,7.6,2,32.59,61.49,31.73,Moderate
STU2825,20,Female,4,Design,86.1,7.66,5.8,8,1,7,6.3,7,8.7,2.4,9.8,3,6.1,2,53.49,45.19,48.36,Moderate
STU2826,22,Female,2,Engineering,89.1,7.17,3.8,4,1,3,8.5,10,4.6,4.9,12.9,5,11.7,2,27.7,72.74,27.03,Low
STU2827,21,Male,3,Engineering,78.5,7.58,6.4,6,3,5,8.1,8,6.2,5.3,8.4,3,5.3,2,49.17,58.0,51.42,Moderate
STU2828,19,Female,2,Arts,85.0,7.15,4.1,6,2,3,6.8,6,5.8,4.0,8.0,5,9.1,1,37.22,52.64,35.24,Moderate
STU2829,20,Female,2,Computer Science,67.5,7.63,7.5,7,2,7,6.0,5,7.6,4.1,4.4,4,5.9,2,58.28,43.24,54.94,Moderate
STU2830,18,Male,1,Computer Science,82.5,7.58,3.2,6,1,3,8.9,9,6.2,8.0,12.9,4,11.2,2,33.17,73.44,27.95,Low
STU2831,20,Other,2,Medicine,100.0,8.5,5.0,2,0,1,7.3,8,6.1,6.6,15.5,5,9.5,2,9.44,66.63,20.4,Low
STU2832,21,Female,2,Design,85.8,6.59,5.2,7,5,6,7.6,5,9.0,2.8,8.7,5,3.3,1,60.72,44.25,51.99,Moderate
STU2833,19,Male,3,Design,77.1,6.86,5.5,4,4,4,6.1,6,11.2,6.3,15.5,6,7.0,1,43.97,51.45,50.32,Moderate
STU2834,19,Female,2,Business,69.8,6.59,6.0,6,4,8,5.2,5,7.3,4.5,8.7,3,6.9,1,64.94,41.8,61.67,High
STU2835,20,Male,4,Medicine,79.7,7.95,8.9,7,2,6,6.8,6,8.5,3.8,5.9,3,4.3,2,53.55,44.14,52.66,Moderate
STU2836,23,Male,1,Computer Science,61.4,7.65,8.4,6,5,7,6.5,4,12.3,3.1,6.0,2,6.2,1,66.24,32.91,69.71,High
STU2837,27,Male,2,Commerce,85.5,6.86,5.4,6,3,7,5.7,7,7.5,3.7,10.3,3,3.9,1,55.04,43.93,54.63,Moderate
STU2838,18,Female,3,Design,76.9,6.78,4.9,5,1,5,6.3,7,9.4,4.4,6.4,4,6.9,2,40.74,47.47,40.44,Moderate
STU2839,21,Male,4,Computer Science,78.2,6.71,7.2,9,2,7,6.5,5,10.9,1.0,7.7,2,2.4,1,63.34,31.36,68.08,High
STU2840,20,Male,1,Computer Science,75.8,8.96,6.8,8,4,7,6.4,5,10.4,5.5,10.1,5,9.3,2,62.88,49.62,57.59,Moderate
STU2841,20,Female,3,Computer Science,65.2,7.82,8.6,7,3,9,5.4,2,12.2,0.0,4.9,3,1.0,1,68.93,19.13,60.35,High
STU2842,21,Female,4,Commerce,88.6,7.37,5.9,3,0,3,6.7,10,6.9,6.7,13.7,4,10.5,2,23.42,66.0,36.17,Moderate
STU2843,23,Female,1,Business,80.3,8.11,6.8,3,2,3,8.0,8,3.8,4.9,13.0,6,10.4,2,30.32,69.34,21.15,Low
STU2844,24,Female,4,Commerce,71.7,6.28,5.1,8,5,6,5.5,7,6.9,4.3,12.0,4,6.1,1,66.28,48.52,58.9,Moderate
STU2845,21,Male,1,Arts,66.5,6.53,4.2,5,3,6,7.3,8,3.8,5.5,9.4,5,5.0,1,51.64,59.92,42.9,Moderate
STU2846,20,Female,3,Computer Science,70.5,8.85,8.0,8,1,7,4.9,6,11.2,4.7,7.2,2,3.1,1,55.94,33.88,62.32,High
STU2847,22,Female,4,Business,71.2,6.39,4.7,5,1,3,7.2,8,10.0,4.2,12.0,4,6.8,1,35.51,51.78,38.03,Moderate
STU2848,19,Male,3,Design,81.7,7.18,5.0,8,2,7,6.6,4,9.1,2.3,5.3,4,5.6,2,57.36,39.11,61.29,High
STU2849,21,Female,2,Engineering,86.6,8.7,5.2,6,3,5,6.8,7,5.8,5.9,11.0,4,5.9,2,44.96,56.94,53.81,Moderate
STU2850,20,Male,1,Arts,85.1,7.3,4.4,3,4,4,7.1,7,7.8,2.9,13.9,4,8.4,2,38.21,54.1,38.31,Moderate
STU2851,21,Female,4,Engineering,74.2,7.8,8.6,10,4,8,6.2,2,11.0,2.7,9.0,2,4.0,1,75.47,29.65,69.98,High
STU2852,19,Male,2,Business,74.5,6.96,6.2,6,0,6,5.5,5,7.5,2.5,10.7,4,5.9,0,45.04,39.34,47.6,Moderate
STU2853,19,Male,1,Business,62.7,8.18,5.1,5,2,7,4.8,4,7.9,3.4,9.4,4,5.0,2,50.61,38.65,58.35,Moderate
STU2854,23,Male,3,Design,65.9,7.17,6.5,7,2,8,5.0,5,7.9,4.0,8.5,4,4.8,1,61.82,39.54,59.18,Moderate
STU2855,19,Female,2,Commerce,92.0,6.71,2.9,4,4,2,8.0,9,7.7,6.2,11.4,6,6.9,1,32.9,63.65,35.52,Moderate
STU2856,20,Male,1,Computer Science,81.9,7.6,5.1,4,1,3,8.0,8,10.4,5.8,11.1,4,4.5,1,29.27,54.02,28.85,Low
STU2857,19,Female,1,Medicine,66.4,8.24,7.6,7,4,6,6.2,7,6.6,1.6,10.1,4,2.4,1,60.2,43.4,58.83,Moderate
STU2858,18,Female,1,Engineering,68.3,7.79,8.5,8,5,7,6.1,6,9.2,4.2,5.1,3,3.8,0,70.49,37.86,52.91,Moderate
STU2859,18,Female,3,Design,69.7,8.18,10.1,10,1,9,4.9,3,12.0,4.2,1.6,3,1.2,1,71.17,24.39,77.21,High
STU2860,19,Male,3,Design,72.1,6.15,8.0,10,2,9,4.3,3,11.5,3.0,3.3,3,3.6,1,75.4,23.9,70.82,High
STU2861,22,Female,2,Business,69.2,7.05,4.9,3,1,5,5.9,5,6.5,4.6,6.4,3,7.4,2,36.02,45.72,42.15,Moderate
STU2862,19,Male,4,Computer Science,62.0,7.14,3.7,3,3,2,8.3,9,7.1,6.3,13.8,6,9.5,3,32.07,71.62,31.17,Moderate
STU2863,24,Female,4,Design,87.8,8.1,5.2,5,3,2,8.4,10,7.6,5.0,12.3,5,11.4,3,32.98,70.31,23.4,Low
STU2864,21,Female,3,Arts,63.2,6.53,6.2,5,2,8,5.6,5,8.5,0.8,7.1,1,3.7,1,57.53,30.57,55.77,Moderate
STU2865,20,Male,1,Design,91.5,7.02,6.5,7,3,6,7.3,7,7.6,4.1,9.1,3,3.7,1,54.13,48.25,70.9,High
STU2866,21,Female,3,Computer Science,86.7,7.5,9.2,8,1,8,5.4,3,10.0,2.0,8.1,1,1.2,1,59.83,25.57,67.01,High
STU2867,20,Male,2,Computer Science,74.9,7.3,1.3,3,1,3,8.1,10,6.6,5.4,11.1,4,9.2,2,24.99,66.23,36.34,Moderate
STU2868,21,Female,3,Computer Science,82.3,7.67,5.4,8,4,6,6.2,6,9.4,4.6,10.3,3,7.4,2,59.44,46.85,51.37,Moderate
STU2869,19,Male,3,Commerce,90.3,8.02,4.3,4,1,4,7.1,7,4.3,5.1,10.0,5,5.7,2,29.83,58.94,34.11,Moderate
STU2870,20,Male,2,Commerce,85.7,7.6,2.4,3,2,4,7.6,9,8.7,5.5,10.0,5,9.4,2,29.94,61.69,28.63,Low
STU2871,23,Female,4,Arts,90.8,7.18,3.5,3,2,2,9.2,10,4.0,4.9,16.9,6,12.5,3,24.04,80.89,31.95,Moderate
STU2872,24,Female,1,Engineering,96.0,7.14,3.0,6,0,3,7.9,9,5.5,6.2,15.5,5,8.1,1,28.49,67.51,32.42,Moderate
STU2873,23,Male,3,Engineering,84.6,7.63,9.7,9,4,6,5.1,3,11.8,4.2,9.9,1,2.9,1,65.49,27.97,66.04,High
STU2874,20,Male,1,Commerce,72.3,6.88,5.3,6,0,4,6.2,5,5.8,4.4,7.3,6,9.4,1,38.12,50.95,47.55,Moderate
STU2875,22,Female,4,Business,72.4,6.71,5.3,7,3,5,5.6,6,5.1,4.7,6.5,4,6.0,1,53.5,47.0,48.24,Moderate
STU2876,20,Female,1,Arts,79.7,6.52,2.7,3,0,3,7.8,9,7.0,9.4,10.2,6,11.7,3,23.66,74.62,14.67,Low
STU2877,20,Male,1,Design,83.8,7.87,6.0,6,1,5,5.2,7,9.2,3.8,10.8,5,7.3,1,41.47,45.71,56.44,Moderate
STU2878,19,Male,2,Engineering,95.3,9.31,8.4,7,2,7,5.8,6,6.7,6.1,10.0,4,5.6,1,51.6,49.31,49.36,Moderate
STU2879,21,Female,2,Commerce,80.6,6.8,6.4,6,4,7,4.8,6,9.4,4.2,6.7,5,6.4,1,59.79,40.62,62.39,High
STU2880,19,Female,1,Business,96.6,6.61,3.5,3,1,3,7.7,8,6.6,5.7,13.8,4,6.9,2,24.36,62.02,29.12,Low
STU2881,20,Female,3,Medicine,93.5,9.87,9.6,6,2,5,7.9,7,7.3,4.9,10.7,4,7.4,1,42.52,56.03,46.25,Moderate
STU2882,22,Male,2,Computer Science,85.1,6.91,4.7,4,1,4,7.1,9,8.2,4.6,7.1,5,11.0,2,32.88,59.11,22.29,Low
STU2883,19,Female,1,Computer Science,84.6,7.1,4.5,4,2,5,7.1,8,9.5,4.5,10.3,5,7.8,2,38.82,55.26,35.82,Moderate
STU2884,18,Other,2,Computer Science,74.3,8.49,8.1,10,3,8,5.0,7,10.7,4.9,12.1,2,6.5,1,70.88,41.42,52.75,Moderate
STU2885,18,Female,4,Commerce,70.9,6.83,6.4,5,1,4,7.7,8,9.2,2.4,9.4,3,6.3,2,39.58,50.22,57.17,Moderate
STU2886,24,Female,3,Computer Science,77.1,7.42,6.3,7,1,5,5.7,4,10.6,3.0,10.7,2,7.7,2,46.37,37.45,55.58,Moderate
STU2887,20,Male,3,Engineering,57.9,8.02,10.0,10,0,8,6.4,3,8.4,0.4,7.9,3,3.2,1,66.98,31.61,65.21,High
STU2888,20,Male,3,Engineering,92.6,8.18,7.1,6,5,4,7.3,8,7.2,4.2,8.4,4,5.8,2,49.07,54.5,40.95,Moderate
STU2889,22,Male,2,Commerce,62.5,7.25,8.2,6,0,9,4.5,4,10.6,4.7,4.1,3,3.4,0,58.22,28.33,73.41,High
STU2890,22,Female,1,Engineering,78.7,7.5,8.1,6,3,5,6.1,6,8.3,4.0,8.3,5,2.5,1,50.69,43.5,66.9,High
STU2891,20,Male,2,Commerce,88.9,7.76,4.7,1,0,3,8.0,10,4.9,7.6,15.0,6,10.4,2,16.17,76.45,22.33,Low
STU2892,21,Male,4,Computer Science,83.5,9.0,6.5,10,3,6,4.7,5,10.6,3.7,6.6,3,3.8,0,60.5,30.58,66.74,High
STU2893,22,Male,4,Computer Science,71.5,7.21,6.1,5,3,5,7.2,7,10.8,4.0,10.7,4,10.2,1,47.93,50.51,50.76,Moderate
STU2894,21,Female,2,Medicine,82.0,8.0,6.0,3,2,4,6.2,8,4.6,4.4,12.9,5,9.5,2,32.89,60.62,32.24,Moderate
STU2895,19,Female,1,Engineering,87.2,8.54,7.9,6,2,8,7.0,5,8.6,1.1,10.4,4,4.6,1,54.37,40.91,55.55,Moderate
STU2896,22,Female,1,Engineering,94.6,8.72,4.2,6,2,3,7.3,10,4.2,7.0,15.0,5,9.7,3,33.09,74.31,15.73,Low
STU2897,20,Male,2,Computer Science,81.9,7.58,5.7,6,1,3,7.7,6,9.4,6.4,11.4,4,9.1,2,35.36,56.77,31.63,Moderate
STU2898,19,Female,3,Business,72.1,8.48,5.6,6,0,6,6.2,5,7.9,7.3,7.3,4,8.2,2,42.41,51.25,48.38,Moderate
STU2899,20,Male,1,Commerce,82.0,7.41,3.6,2,0,3,9.0,10,5.4,5.6,11.9,7,11.2,3,19.76,77.63,19.21,Low
STU2900,18,Male,4,Computer Science,86.2,7.6,6.2,8,2,5,6.9,7,7.5,3.0,9.5,5,8.0,1,50.24,51.14,58.54,Moderate
STU2901,19,Male,2,Computer Science,69.7,8.11,5.1,4,1,5,8.3,7,8.2,4.0,16.0,5,5.6,2,37.12,59.15,30.0,Low
STU2902,21,Male,4,Arts,75.5,7.0,6.9,7,2,8,5.4,5,6.3,2.4,6.2,2,5.3,1,60.83,36.81,70.09,High
STU2903,18,Female,4,Commerce,84.3,7.45,4.7,8,3,4,7.4,7,5.1,4.8,10.0,6,7.0,2,49.23,60.54,39.93,Moderate
STU2904,20,Female,3,Engineering,78.4,8.71,9.1,8,3,8,6.0,6,9.6,3.7,9.0,4,6.9,1,65.11,43.3,56.27,Moderate
STU2905,20,Female,3,Commerce,85.5,7.06,7.9,8,1,6,4.5,5,6.6,3.4,4.0,3,3.7,1,53.01,34.47,54.64,Moderate
STU2906,18,Male,3,Design,62.6,7.34,7.8,7,2,7,5.4,5,7.4,5.6,3.8,2,7.3,2,59.83,42.14,53.27,Moderate
STU2907,25,Female,3,Design,79.8,7.68,6.9,8,2,4,6.6,7,9.4,3.7,8.2,3,6.8,2,48.43,46.86,55.48,Moderate
STU2908,19,Male,3,Medicine,82.3,8.47,10.9,10,3,9,6.4,3,9.8,4.0,6.4,3,3.4,1,75.25,34.78,66.07,High
STU2909,20,Female,3,Engineering,79.5,8.23,6.2,6,2,4,6.8,8,7.9,1.9,9.1,4,8.8,1,41.42,49.5,32.03,Moderate
STU2910,20,Female,4,Computer Science,81.3,7.56,5.3,3,1,3,7.4,9,7.5,5.9,15.4,6,12.4,2,26.82,69.05,31.16,Moderate
STU2911,19,Female,3,Arts,65.0,6.63,8.1,9,5,8,6.2,4,9.6,2.2,4.4,3,2.1,1,78.76,31.54,76.23,High
STU2912,18,Male,3,Commerce,73.7,7.84,6.8,7,3,8,4.9,5,7.2,0.6,7.0,0,5.1,0,62.65,27.74,66.57,High
STU2913,21,Male,4,Computer Science,85.0,7.52,5.6,4,2,5,8.0,7,7.9,6.4,12.9,6,9.1,2,38.97,64.27,37.71,Moderate
STU2914,25,Female,1,Business,100.0,7.87,3.0,2,2,2,8.0,9,7.2,8.7,14.4,5,12.1,2,18.16,73.37,22.1,Low
STU2915,19,Male,1,Business,82.7,7.15,4.7,5,2,5,5.7,7,5.7,4.0,13.0,4,4.5,2,41.99,51.12,50.64,Moderate
STU2916,21,Female,2,Arts,98.9,8.78,4.4,1,2,3,8.3,10,3.1,6.0,10.7,5,9.1,2,18.55,72.72,33.77,Moderate
STU2917,21,Other,2,Business,86.8,7.92,4.2,5,2,4,7.6,8,7.0,4.3,11.2,6,8.9,2,36.28,61.7,28.51,Low
STU2918,22,Male,4,Arts,79.3,6.73,4.1,4,2,2,6.8,10,5.6,5.3,15.7,5,8.3,3,29.98,68.13,45.06,Moderate
STU2919,20,Female,2,Engineering,75.1,7.72,7.4,8,1,7,6.2,6,8.4,4.7,10.1,4,6.7,1,56.56,47.17,66.58,High
STU2920,20,Male,3,Business,84.8,8.18,3.7,6,3,4,8.1,9,5.4,6.2,9.2,4,4.6,2,41.54,63.13,37.05,Moderate
STU2921,20,Female,2,Business,77.2,6.59,4.6,5,2,6,7.1,6,5.5,3.4,8.5,3,7.5,1,47.09,49.62,50.98,Moderate
STU2922,21,Other,1,Computer Science,80.5,6.97,6.0,4,4,5,7.6,5,8.2,3.0,9.5,4,8.1,2,46.97,49.49,58.55,Moderate
STU2923,22,Female,3,Computer Science,78.3,6.22,6.8,5,0,4,6.5,6,9.8,2.3,8.1,4,6.4,1,36.69,41.61,52.58,Moderate
STU2924,19,Male,4,Arts,88.4,7.67,2.7,5,1,3,6.9,8,5.4,8.4,11.7,4,9.4,1,28.84,64.12,36.73,Moderate
STU2925,20,Female,1,Engineering,75.8,7.36,5.2,4,4,4,6.8,8,7.9,5.1,14.3,4,7.6,1,43.1,56.1,51.81,Moderate
STU2926,23,Male,3,Business,56.6,6.0,6.9,7,4,6,5.9,6,8.3,0.5,12.0,3,3.5,1,64.98,37.7,52.33,Moderate
STU2927,22,Male,3,Computer Science,89.2,6.91,6.8,5,2,6,6.9,7,8.5,4.3,7.0,4,6.3,2,46.39,49.97,41.49,Moderate
STU2928,26,Male,1,Computer Science,86.1,7.42,3.6,5,1,4,6.5,8,7.6,7.2,10.7,5,6.9,1,33.73,57.72,36.93,Moderate
STU2929,21,Male,1,Medicine,73.1,7.63,6.5,7,5,6,5.4,5,7.1,2.9,13.1,2,3.0,2,62.18,40.22,68.84,High
STU2930,20,Male,4,Computer Science,70.3,7.33,7.0,8,2,5,6.7,6,7.1,3.7,7.3,3,7.2,2,54.01,47.95,66.37,High
STU2931,21,Female,2,Commerce,85.8,8.16,4.8,5,0,4,6.7,6,6.1,4.8,8.9,4,6.6,1,30.54,50.74,45.01,Moderate
STU2932,21,Female,1,Commerce,95.1,7.1,2.6,3,1,5,7.5,8,6.0,6.9,12.2,5,11.5,3,29.71,69.12,26.46,Low
STU2933,18,Female,1,Computer Science,78.6,7.88,7.6,6,2,5,7.3,7,7.3,5.2,13.4,5,6.7,2,46.66,58.57,43.55,Moderate
STU2934,20,Other,3,Computer Science,96.8,8.94,4.0,4,0,1,8.4,10,6.2,7.9,10.3,5,8.5,2,13.97,71.68,15.72,Low
STU2935,21,Female,3,Engineering,78.6,7.29,6.9,8,2,4,7.2,8,8.3,7.8,11.6,5,10.0,1,49.28,62.33,39.27,Moderate
STU2936,19,Male,3,Computer Science,83.6,6.9,7.4,6,1,5,6.4,5,9.8,5.8,13.0,5,5.0,3,44.29,51.01,41.17,Moderate
STU2937,22,Male,1,Design,89.4,8.98,8.4,8,4,9,5.5,5,11.6,3.4,5.5,3,4.8,1,68.58,33.05,71.92,High
STU2938,21,Female,4,Engineering,66.7,6.82,7.7,8,2,7,5.6,5,8.4,2.9,9.6,2,4.0,0,62.71,34.87,67.12,High
STU2939,24,Female,2,Computer Science,75.2,6.1,3.1,2,2,1,6.8,10,7.1,7.5,15.2,5,11.8,3,21.99,71.79,33.06,Moderate
STU2940,18,Female,2,Medicine,80.7,8.39,6.7,6,3,3,7.6,8,8.7,4.3,14.3,7,8.6,2,41.04,62.34,41.11,Moderate
STU2941,19,Female,2,Computer Science,77.6,7.63,7.4,7,5,8,4.9,5,6.8,0.8,4.8,2,5.1,1,68.85,31.57,65.73,High
STU2942,21,Female,2,Computer Science,75.7,7.02,6.8,7,2,7,6.0,5,8.4,4.4,10.8,5,9.3,2,57.35,49.48,57.66,Moderate
STU2943,19,Female,4,Computer Science,70.4,8.33,6.1,4,3,6,7.0,5,7.5,4.3,10.3,5,7.8,1,46.8,50.31,57.32,Moderate
STU2944,21,Male,4,Business,76.0,7.35,6.3,7,4,7,6.7,5,8.1,5.3,9.6,2,5.9,2,62.33,46.56,62.62,High
STU2945,21,Other,2,Arts,91.4,7.82,4.4,5,2,4,7.0,9,8.3,6.6,14.1,5,8.4,2,35.84,63.47,46.29,Moderate
STU2946,19,Female,4,Business,63.1,7.08,6.3,7,0,5,6.8,5,8.1,4.9,10.6,4,4.9,1,46.27,46.91,51.7,Moderate
STU2947,20,Female,4,Engineering,79.5,8.07,6.4,5,1,5,6.3,6,5.3,6.1,5.0,5,5.3,2,39.41,52.57,32.73,Moderate
STU2948,20,Female,4,Engineering,76.4,6.54,7.6,10,2,6,5.7,5,11.2,3.9,3.9,4,5.4,1,63.7,35.68,70.4,High
STU2949,20,Male,1,Medicine,83.5,7.21,5.3,7,4,4,6.8,8,6.5,6.9,9.7,5,7.1,2,50.48,60.69,50.96,Moderate
STU2950,24,Male,3,Design,78.4,7.16,5.3,6,5,4,6.7,8,9.3,4.0,11.9,4,4.8,2,51.64,51.14,63.03,High
STU2951,22,Female,2,Arts,96.2,8.3,3.4,3,0,3,7.5,9,4.8,7.7,16.9,7,8.6,2,18.52,74.62,16.11,Low
STU2952,21,Female,4,Computer Science,85.7,8.17,8.0,8,4,8,4.6,5,10.4,3.0,11.5,3,4.5,2,66.88,35.73,67.38,High
STU2953,21,Male,1,Computer Science,80.3,7.47,6.6,6,0,6,6.5,7,8.2,3.6,11.7,4,6.0,1,43.56,48.61,48.92,Moderate
STU2954,20,Male,3,Commerce,91.0,6.84,5.6,6,1,5,6.5,7,6.9,6.3,12.5,4,5.2,1,41.66,54.03,42.1,Moderate
STU2955,23,Female,2,Business,81.7,6.3,3.5,5,0,3,5.2,8,7.6,4.0,15.3,6,7.1,2,29.91,54.55,27.02,Low
STU2956,21,Male,2,Business,85.7,8.15,4.9,3,0,4,7.1,9,6.2,5.8,14.9,5,11.0,1,25.11,65.45,27.26,Low
STU2957,21,Female,3,Commerce,84.1,7.23,4.4,4,2,3,8.4,8,5.2,4.6,9.1,6,10.7,2,31.93,66.67,30.8,Moderate
STU2958,22,Female,4,Arts,79.8,7.5,5.9,5,2,4,8.6,9,7.0,6.4,10.4,4,8.3,2,39.56,66.08,33.59,Moderate
STU2959,19,Male,3,Medicine,84.7,7.59,7.5,8,3,7,3.9,4,8.6,5.1,3.4,3,4.6,0,61.26,29.97,68.7,High
STU2960,22,Male,4,Business,72.4,7.48,8.3,8,2,7,5.7,3,9.7,2.5,6.3,3,5.5,1,61.16,31.99,76.45,High
STU2961,19,Female,1,Arts,80.5,6.72,2.8,3,1,3,7.9,10,6.5,7.0,13.2,7,7.6,2,26.27,71.9,32.8,Moderate
STU2962,20,Male,2,Business,87.2,8.57,6.2,7,2,5,6.6,6,8.1,3.1,11.9,3,8.0,1,45.68,46.78,43.27,Moderate
STU2963,20,Female,2,Engineering,67.2,7.36,8.8,10,0,9,4.4,3,10.4,3.5,4.0,0,2.9,0,68.87,20.67,81.77,Very High
STU2964,25,Male,1,Computer Science,100.0,7.68,3.2,4,0,2,7.3,10,6.0,5.9,12.1,6,10.0,3,18.2,70.58,32.32,Moderate
STU2965,22,Female,3,Medicine,85.9,7.87,7.7,7,4,7,8.1,6,9.4,5.6,7.6,4,7.0,1,60.98,51.75,59.07,Moderate
STU2966,21,Male,3,Medicine,92.2,9.03,7.9,5,1,3,7.1,7,7.1,6.5,8.9,6,7.8,2,30.28,59.91,47.47,Moderate
STU2967,21,Male,3,Business,76.1,7.48,5.1,6,2,5,7.0,6,9.4,6.7,10.5,3,9.0,2,45.66,53.45,44.9,Moderate
STU2968,21,Female,3,Computer Science,97.2,7.31,4.9,4,4,4,6.5,9,8.3,6.8,11.7,6,9.6,1,39.37,61.53,55.33,Moderate
STU2969,24,Male,3,Engineering,96.4,7.97,5.5,3,2,3,8.1,9,6.0,6.4,10.7,5,9.0,2,26.79,67.67,31.68,Moderate
STU2970,20,Male,1,Design,85.0,8.75,4.1,3,4,3,6.3,8,7.7,6.9,10.9,4,7.2,2,32.22,57.3,20.17,Low
STU2971,20,Male,1,Computer Science,74.5,6.75,7.3,9,0,9,4.1,3,11.9,0.0,9.4,3,1.6,1,64.64,20.08,88.99,Very High
STU2972,19,Female,3,Engineering,68.5,5.99,5.3,7,0,4,8.1,10,7.2,3.8,15.8,4,10.6,2,43.02,66.42,29.65,Low
STU2973,22,Male,2,Engineering,83.6,6.53,4.6,3,1,3,7.5,8,9.2,6.9,14.5,8,7.0,2,27.57,65.66,30.22,Moderate
STU2974,21,Male,1,Commerce,72.1,7.18,5.1,7,0,7,6.5,7,6.4,4.3,10.0,4,5.2,2,50.27,52.02,47.56,Moderate
STU2975,20,Female,2,Computer Science,83.4,6.58,6.2,7,1,3,7.0,8,8.2,5.3,16.1,5,8.5,2,39.97,61.04,37.4,Moderate
STU2976,18,Male,3,Business,83.9,6.97,6.2,6,1,5,5.6,7,6.0,3.4,11.6,4,8.7,2,43.12,51.69,45.69,Moderate
STU2977,22,Female,2,Medicine,76.6,7.54,9.4,9,3,8,5.1,3,9.2,5.2,8.1,3,4.5,1,70.39,35.14,74.89,High
STU2978,18,Female,3,Business,80.1,8.26,9.1,6,2,8,5.1,3,10.4,5.7,8.4,3,0.0,1,57.02,31.65,66.13,High
STU2979,21,Male,3,Medicine,77.6,7.88,8.7,7,5,7,6.2,7,5.3,4.4,10.7,3,4.0,1,66.18,49.21,58.43,Moderate
STU2980,25,Male,2,Engineering,93.8,9.0,6.3,5,3,5,6.7,7,7.3,5.3,12.2,7,5.9,2,41.39,58.37,38.13,Moderate
STU2981,20,Male,3,Computer Science,91.5,7.48,3.7,5,1,4,9.0,8,7.4,5.7,12.1,3,8.7,2,32.81,63.91,33.14,Moderate
STU2982,19,Female,3,Computer Science,77.6,8.04,8.3,7,2,7,3.6,4,9.8,5.0,9.3,2,3.4,1,56.58,30.14,71.64,High
STU2983,21,Other,3,Medicine,83.3,8.49,5.7,5,1,3,7.6,8,7.6,6.7,13.0,6,9.4,2,30.83,65.84,34.48,Moderate
STU2984,22,Female,3,Computer Science,80.6,7.07,6.4,6,0,5,6.7,9,9.4,4.8,10.5,4,10.4,1,40.67,55.26,37.27,Moderate
STU2985,20,Female,1,Engineering,81.9,8.92,5.5,2,2,4,7.8,8,6.4,5.7,12.7,6,8.1,2,28.18,65.28,35.78,Moderate
STU2986,25,Female,3,Commerce,84.0,7.8,6.2,2,1,2,8.2,10,7.4,3.0,13.2,5,8.4,2,20.61,63.76,41.44,Moderate
STU2987,18,Male,2,Engineering,87.8,7.31,8.0,8,1,7,6.4,4,8.6,4.6,9.5,2,2.1,1,55.63,38.16,52.58,Moderate
STU2988,20,Male,4,Computer Science,67.4,6.73,7.6,8,3,7,5.3,5,11.9,0.7,3.3,2,5.1,1,65.66,25.93,56.19,Moderate
STU2989,21,Male,4,Design,85.7,8.07,8.6,6,5,8,5.7,6,10.5,3.2,10.3,5,3.4,1,64.99,40.22,62.73,High
STU2990,22,Male,3,Arts,77.0,6.7,4.9,7,3,5,7.7,7,3.9,4.8,15.9,5,5.6,1,52.42,61.88,49.8,Moderate
STU2991,19,Female,1,Computer Science,71.4,7.09,4.1,7,3,5,6.6,6,7.9,6.0,10.3,4,6.6,1,52.03,50.87,62.35,High
STU2992,22,Male,1,Computer Science,95.0,6.59,3.4,4,0,4,7.8,10,6.7,7.4,14.0,6,11.1,2,27.68,73.47,21.28,Low
STU2993,21,Female,2,Arts,81.3,6.86,6.4,5,1,7,5.4,5,9.1,4.8,10.1,1,5.1,1,47.79,37.74,53.45,Moderate
STU2994,20,Male,2,Computer Science,88.0,7.81,3.6,5,1,4,8.0,7,7.1,4.3,5.0,5,4.2,2,32.76,53.58,36.42,Moderate
STU2995,19,Female,2,Arts,69.4,5.8,5.3,4,4,4,5.8,6,9.2,4.8,8.1,4,6.4,1,46.85,44.06,56.76,Moderate
STU2996,22,Male,2,Computer Science,65.2,8.71,9.8,10,1,8,6.0,3,10.8,3.3,6.6,3,7.2,2,67.45,35.73,57.71,Moderate
STU2997,19,Male,1,Business,77.9,8.13,5.4,7,2,6,5.8,5,9.5,0.5,9.8,4,1.8,1,50.63,33.38,69.25,High
STU2998,20,Male,4,Engineering,70.9,6.89,6.5,8,1,5,5.8,7,9.3,2.9,8.9,3,8.0,2,51.23,44.64,57.55,Moderate
STU2999,19,Female,1,Arts,84.0,7.29,0.5,4,3,2,7.0,10,4.2,6.2,13.0,5,7.1,2,28.27,67.85,20.92,Low
STU3000,22,Female,4,Engineering,82.1,8.0,4.8,3,2,3,7.6,10,6.7,6.2,15.5,6,9.2,3,28.54,72.25,26.06,Low
